Time,Fidelity
0,0.0
0.001,5.555553330402453e-20
0.002,3.5555498647950436e-18
0.003,4.049985417888509e-17
0.004,2.2755409908444943e-16
0.005,8.680468745840363e-16
0.006,2.591962674092737e-15
0.007,6.535927446634314e-15
0.008,1.4563182725365852e-14
0.009000000000000001,2.952354340528909e-14
0.010000000000000002,5.555333334608504e-14
0.011000000000000003,9.841529208204093e-14
0.012000000000000004,1.6587844502412083e-13
0.013000000000000005,2.681379286445953e-13
0.014000000000000005,4.1827476123919057e-13
0.015000000000000006,6.327555489666802e-13
0.016000000000000007,9.319721159709409e-13
0.017000000000000008,1.3408210464957953e-12
0.01800000000000001,1.889323126008447e-12
0.01900000000000001,2.613282667453077e-12
0.02000000000000001,3.5549867078620606e-12
0.02100000000000001,4.763944059658536e-12
0.022000000000000013,6.297664200090552e-12
0.023000000000000013,8.222475981343632e-12
0.024000000000000014,1.061438614298586e-11
0.025000000000000015,1.3559977607506817e-11
0.026000000000000016,1.7157347538819417e-11
0.027000000000000017,2.151708514270175e-11
0.028000000000000018,2.6763289187264564e-11
0.02900000000000002,3.303462522063844e-11
0.03000000000000002,4.0485422462184015e-11
0.03100000000000002,4.928681034263913e-11
0.03200000000000002,5.962789466772409e-11
0.03300000000000002,7.1716973378841e-11
0.03400000000000002,8.578279188360792e-11
0.035000000000000024,1.0207583792808804e-10
0.036000000000000025,1.2086967598167667e-10
0.037000000000000026,1.4246232110472834e-10
0.03800000000000003,1.6717765226811671e-10
0.03900000000000003,1.9536686509303203e-10
0.04000000000000003,2.2740996397843527e-10
0.04100000000000003,2.6371729358270625e-10
0.04200000000000003,3.047311096251304e-10
0.04300000000000003,3.50927188971994e-10
0.04400000000000003,4.028164789711622e-10
0.04500000000000003,4.6094678599814964e-10
0.046000000000000034,5.259045031757765e-10
0.047000000000000035,5.983163772286768e-10
0.048000000000000036,6.788513144329723e-10
0.04900000000000004,7.682222256206198e-10
0.05000000000000004,8.671879101969897e-10
0.05100000000000004,9.76554979129424e-10
0.05200000000000004,1.0971798168635714e-09
0.05300000000000004,1.2299705821234865e-09
0.05400000000000004,1.3758892475505406e-09
0.05500000000000004,1.5359536781353994e-09
0.05600000000000004,1.7112397483963076e-09
0.057000000000000044,1.9028834982562526e-09
0.058000000000000045,2.1120833275704553e-09
0.059000000000000045,2.3401022292550072e-09
0.060000000000000046,2.5882700609664212e-09
0.06100000000000005,2.857985855281073e-09
0.06200000000000005,3.1507201683226396e-09
0.06300000000000004,3.4680174667847373e-09
0.06400000000000004,3.811498553295144e-09
0.06500000000000004,4.182863030067045e-09
0.06600000000000004,4.583891800781953e-09
0.06700000000000005,5.0164496106481e-09
0.06800000000000005,5.482487624577031e-09
0.06900000000000005,5.984046043420687e-09
0.07000000000000005,6.523256758209815e-09
0.07100000000000005,7.102346042334342e-09
0.07200000000000005,7.723637281604887e-09
0.07300000000000005,8.389553742134065e-09
0.07400000000000005,9.102621375975431e-09
0.07500000000000005,9.865471664456766e-09
0.07600000000000005,1.0680844499143724e-08
0.07700000000000005,1.1551591100369143e-08
0.07800000000000006,1.2480676973262057e-08
0.07900000000000006,1.3471184901210168e-08
0.08000000000000006,1.4526317976688142e-08
0.08100000000000006,1.564940266938332e-08
0.08200000000000006,1.6843891931550438e-08
0.08300000000000006,1.811336834052428e-08
0.08400000000000006,1.9461547278320564e-08
0.08500000000000006,2.0892280148252685e-08
0.08600000000000006,2.2409557628492112e-08
0.08700000000000006,2.4017512962499086e-08
0.08800000000000006,2.572042528624907e-08
0.08900000000000007,2.7522722992180905e-08
0.09000000000000007,2.9428987129789298e-08
0.09100000000000007,3.14439548427865e-08
0.09200000000000007,3.357252284275443e-08
0.09300000000000007,3.581975091920966e-08
0.09400000000000007,3.819086548600137e-08
0.09500000000000007,4.069126316396303e-08
0.09600000000000007,4.332651439973613e-08
0.09700000000000007,4.610236712068467e-08
0.09800000000000007,4.902475042581799e-08
0.09900000000000007,5.209977831263824e-08
0.10000000000000007,5.533375343982818e-08
0.10100000000000008,5.873317092569529e-08
0.10200000000000008,6.230472218228477e-08
0.10300000000000008,6.605529878507609e-08
0.10400000000000008,6.999199637817491e-08
0.10500000000000008,7.412211861491272e-08
0.10600000000000008,7.845318113376354e-08
0.10700000000000008,8.299291556949061e-08
0.10800000000000008,8.77492735994283e-08
0.10900000000000008,9.273043102481245e-08
0.11000000000000008,9.794479188706121e-08
0.11100000000000008,1.0340099261891948e-07
0.11200000000000009,1.0910790623036742e-07
0.11300000000000009,1.1507464652920095e-07
0.11400000000000009,1.213105723761883e-07
0.11500000000000009,1.2782529197470688e-07
0.11600000000000009,1.3462866719476108e-07
0.11700000000000009,1.417308179312849e-07
0.11800000000000009,1.4914212649663072e-07
0.11900000000000009,1.5687324204714269e-07
0.12000000000000009,1.649350850437164e-07
0.1210000000000001,1.733388517462429e-07
0.1220000000000001,1.8209601874183503e-07
0.1230000000000001,1.9121834750673172e-07
0.1240000000000001,2.007178890017807e-07
0.12500000000000008,2.1060698830139064e-07
0.12600000000000008,2.208982892558489e-07
0.12700000000000009,2.316047391869122e-07
0.12800000000000009,2.427395936165224e-07
0.1290000000000001,2.543164210285998e-07
0.1300000000000001,2.663491076637582e-07
0.1310000000000001,2.788518623468503e-07
0.1320000000000001,2.9183922134723637e-07
0.1330000000000001,3.053260532716591e-07
0.1340000000000001,3.193275639896143e-07
0.1350000000000001,3.3385930159111095e-07
0.1360000000000001,3.4893716137669903e-07
0.1370000000000001,3.645773908796605e-07
0.1380000000000001,3.807965949202397e-07
0.1390000000000001,3.9761174069180747e-07
0.1400000000000001,4.150401628788347e-07
0.1410000000000001,4.330995688065633e-07
0.1420000000000001,4.5180804362226107e-07
0.1430000000000001,4.7118405550792834e-07
0.1440000000000001,4.912464609243539e-07
0.1450000000000001,5.120145098863882e-07
0.1460000000000001,5.335078512693247e-07
0.1470000000000001,5.557465381462561e-07
0.1480000000000001,5.787510331562883e-07
0.1490000000000001,6.025422139034962e-07
0.1500000000000001,6.271413783864916e-07
0.1510000000000001,6.525702504584679e-07
0.1520000000000001,6.788509853176312e-07
0.1530000000000001,7.060061750278405e-07
0.1540000000000001,7.340588540693861e-07
0.1550000000000001,7.630325049197406e-07
0.1560000000000001,7.929510636641585e-07
0.1570000000000001,8.238389256360264e-07
0.1580000000000001,8.557209510867866e-07
0.1590000000000001,8.88622470885354e-07
0.16000000000000011,9.225692922468509e-07
0.16100000000000012,9.575877044905623e-07
0.16200000000000012,9.937044848269626e-07
0.16300000000000012,1.0309469041736827e-06
0.16400000000000012,1.0693427330002911e-06
0.16500000000000012,1.108920247201732e-06
0.16600000000000012,1.1497082340003399e-06
0.16700000000000012,1.1917359978762151e-06
0.16800000000000012,1.235033366525899e-06
0.16900000000000012,1.2796306968491602e-06
0.17000000000000012,1.3255588809637877e-06
0.17100000000000012,1.3728493522482305e-06
0.17200000000000013,1.4215340914119549e-06
0.17300000000000013,1.47164563259338e-06
0.17400000000000013,1.5232170694852417e-06
0.17500000000000013,1.5762820614872622e-06
0.17600000000000013,1.6308748398859643e-06
0.17700000000000013,1.6870302140614946e-06
0.17800000000000013,1.7447835777213073e-06
0.17900000000000013,1.8041709151606047e-06
0.18000000000000013,1.865228807549306e-06
0.18100000000000013,1.9279944392454874e-06
0.18200000000000013,1.9925056041350962e-06
0.18300000000000013,2.0588007119978034e-06
0.18400000000000014,2.126918794898854e-06
0.18500000000000014,2.196899513606765e-06
0.18600000000000014,2.2687831640367253e-06
0.18700000000000014,2.3426106837195318e-06
0.18800000000000014,2.418423658295913e-06
0.18900000000000014,2.4962643280361593e-06
0.19000000000000014,2.576175594384769e-06
0.19100000000000014,2.658201026530114e-06
0.19200000000000014,2.7423848679988395e-06
0.19300000000000014,2.8287720432749565e-06
0.19400000000000014,2.9174081644433597e-06
0.19500000000000015,3.008339537857747e-06
0.19600000000000015,3.101613170832671e-06
0.19700000000000015,3.1972767783596164e-06
0.19800000000000015,3.29537878984697e-06
0.19900000000000015,3.395968355883661e-06
0.20000000000000015,3.499095355026395e-06
0.20100000000000015,3.604810400610237e-06
0.20200000000000015,3.7131648475824892e-06
0.20300000000000015,3.824210799359577e-06
0.20400000000000015,3.938001114706902e-06
0.20500000000000015,4.054589414641425e-06
0.20600000000000016,4.1740300893568655e-06
0.20700000000000016,4.296378305171334e-06
0.20800000000000016,4.42169001149717e-06
0.20900000000000016,4.550021947833024e-06
0.21000000000000016,4.681431650777732e-06
0.21100000000000016,4.815977461066094e-06
0.21200000000000016,4.953718530626177e-06
0.21300000000000016,5.094714829658161e-06
0.21400000000000016,5.239027153734388e-06
0.21500000000000016,5.386717130920549e-06
0.21600000000000016,5.537847228917907e-06
0.21700000000000016,5.692480762226148e-06
0.21800000000000017,5.8506818993270354e-06
0.21900000000000017,6.012515669888347e-06
0.22000000000000017,6.178047971988152e-06
0.22100000000000017,6.347345579359312e-06
0.22200000000000017,6.520476148653713e-06
0.22300000000000017,6.697508226726411e-06
0.22400000000000017,6.878511257939343e-06
0.22500000000000017,7.063555591484464e-06
0.22600000000000017,7.252712488726111e-06
0.22700000000000017,7.446054130562484e-06
0.22800000000000017,7.643653624806045e-06
0.22900000000000018,7.845585013582555e-06
0.23000000000000018,8.051923280748824e-06
0.23100000000000018,8.26274435932868e-06
0.23200000000000018,8.478125138967308e-06
0.23300000000000018,8.698143473403494e-06
0.23400000000000018,8.92287818795972e-06
0.23500000000000018,9.152409087050123e-06
0.23600000000000018,9.386816961705686e-06
0.23700000000000018,9.626183597116941e-06
0.23800000000000018,9.870591780193776e-06
0.23900000000000018,1.0120125307142132e-05
0.24000000000000019,1.0374868991057604e-05
0.2410000000000002,1.0634908669535564e-05
0.2420000000000002,1.0900331212297678e-05
0.2430000000000002,1.1171224528834797e-05
0.2440000000000002,1.1447677576065768e-05
0.2450000000000002,1.1729780366012194e-05
0.2460000000000002,1.2017623973488918e-05
0.2470000000000002,1.2311300543809936e-05
0.2480000000000002,1.2610903300509703e-05
0.2490000000000002,1.2916526553079518e-05
0.25000000000000017,1.3228265704719063e-05
0.25100000000000017,1.3546217260102406e-05
0.25200000000000017,1.3870478833158827e-05
0.25300000000000017,1.4201149154868017e-05
0.25400000000000017,1.45383280810694e-05
0.25500000000000017,1.4882116600285616e-05
0.25600000000000017,1.5232616841559647e-05
0.2570000000000002,1.5589932082305956e-05
0.2580000000000002,1.5954166756174665e-05
0.2590000000000002,1.632542646092932e-05
0.2600000000000002,1.6703817966337508e-05
0.2610000000000002,1.708944922207475e-05
0.2620000000000002,1.74824293656407e-05
0.2630000000000002,1.7882868730288026e-05
0.2640000000000002,1.8290878852963626e-05
0.2650000000000002,1.8706572482262083e-05
0.2660000000000002,1.913006358639091e-05
0.2670000000000002,1.9561467361147505e-05
0.2680000000000002,2.0000900237907906e-05
0.2690000000000002,2.0448479891626726e-05
0.2700000000000002,2.090432524884832e-05
0.2710000000000002,2.1368556495728977e-05
0.2720000000000002,2.1841295086069725e-05
0.2730000000000002,2.232266374935993e-05
0.2740000000000002,2.2812786498831405e-05
0.2750000000000002,2.3311788639522208e-05
0.2760000000000002,2.3819796776351064e-05
0.2770000000000002,2.433693882220114e-05
0.2780000000000002,2.4863344006013697e-05
0.2790000000000002,2.539914288089126e-05
0.2800000000000002,2.5944467332209363e-05
0.2810000000000002,2.649945058573831e-05
0.2820000000000002,2.706422721577278e-05
0.2830000000000002,2.763893315327102e-05
0.2840000000000002,2.8223705694001483e-05
0.2850000000000002,2.881868350669858e-05
0.2860000000000002,2.9424006641225738e-05
0.2870000000000002,3.003981653674685e-05
0.2880000000000002,3.066625602990511e-05
0.2890000000000002,3.130346936300911e-05
0.2900000000000002,3.195160219222678e-05
0.2910000000000002,3.261080159578525e-05
0.2920000000000002,3.328121608217911e-05
0.2930000000000002,3.396299559838354e-05
0.2940000000000002,3.4656291538075394e-05
0.2950000000000002,3.53612567498597e-05
0.2960000000000002,3.607804554550206e-05
0.2970000000000002,3.6806813708167476e-05
0.2980000000000002,3.754771850066425e-05
0.2990000000000002,3.8300918673693794e-05
0.3000000000000002,3.906657447410495e-05
0.3010000000000002,3.984484765315412e-05
0.3020000000000002,4.0635901474769656e-05
0.3030000000000002,4.143990072382092e-05
0.3040000000000002,4.225701171439179e-05
0.3050000000000002,4.308740229805857e-05
0.3060000000000002,4.393124187217149e-05
0.3070000000000002,4.478870138814031e-05
0.3080000000000002,4.565995335972322e-05
0.3090000000000002,4.6545171871319235e-05
0.3100000000000002,4.7444532586263884e-05
0.3110000000000002,4.835821275512768e-05
0.3120000000000002,4.928639122401695e-05
0.3130000000000002,5.02292484428783e-05
0.3140000000000002,5.1186966473804084e-05
0.3150000000000002,5.215972899934099e-05
0.3160000000000002,5.314772133080012e-05
0.3170000000000002,5.415113041656845e-05
0.3180000000000002,5.5170144850422884e-05
0.31900000000000023,5.620495487984384e-05
0.32000000000000023,5.725575241433197e-05
0.32100000000000023,5.832273103372375e-05
0.32200000000000023,5.940608599650953e-05
0.32300000000000023,6.050601424815056e-05
0.32400000000000023,6.162271442939721e-05
0.32500000000000023,6.275638688460643e-05
0.32600000000000023,6.390723367006016e-05
0.32700000000000023,6.507545856228224e-05
0.32800000000000024,6.62612670663548e-05
0.32900000000000024,6.746486642423516e-05
0.33000000000000024,6.868646562306918e-05
0.33100000000000024,6.992627540350695e-05
0.33200000000000024,7.118450826801288e-05
0.33300000000000024,7.24613784891776e-05
0.33400000000000024,7.375710211802624e-05
0.33500000000000024,7.507189699232467e-05
0.33600000000000024,7.64059827448843e-05
0.33700000000000024,7.775958081186343e-05
0.33800000000000024,7.913291444106668e-05
0.33900000000000025,8.052620870024061e-05
0.34000000000000025,8.193969048536698e-05
0.34100000000000025,8.337358852895253e-05
0.34200000000000025,8.482813340831453e-05
0.34300000000000025,8.630355755386297e-05
0.34400000000000025,8.78000952573799e-05
0.34500000000000025,8.931798268029179e-05
0.34600000000000025,9.085745786194033e-05
0.34700000000000025,9.241876072784688e-05
0.34800000000000025,9.400213309797264e-05
0.34900000000000025,9.560781869497388e-05
0.35000000000000026,9.72360631524511e-05
0.35100000000000026,9.888711402319439e-05
0.35200000000000026,0.00010056122078742022
0.35300000000000026,0.00010225863486100606
0.35400000000000026,0.00010397960960371488
0.35500000000000026,0.00010572440032741708
0.35600000000000026,0.00010749326430430255
0.35700000000000026,0.00010928646077508826
0.35800000000000026,0.00011110425095721745
0.35900000000000026,0.00011294689805305262
0.36000000000000026,0.00011481466725806078
0.36100000000000027,0.00011670782576899011
0.36200000000000027,0.00011862664279203981
0.36300000000000027,0.00012057138955102258
0.36400000000000027,0.00012254233929551617
0.36500000000000027,0.0001245397673090095
0.36600000000000027,0.00012656395091703855
0.36700000000000027,0.00012861516949531153
0.36800000000000027,0.00013069370447782946
0.36900000000000027,0.00013279983936499321
0.3700000000000003,0.00013493385973170228
0.3710000000000003,0.00013709605323544496
0.3720000000000003,0.00013928670962437597
0.3730000000000003,0.0001415061207453868
0.3740000000000003,0.00014375458055216307
0.3750000000000003,0.000146032385113233
0.3760000000000003,0.0001483398326200041
0.3770000000000003,0.00015067722339478896
0.3780000000000003,0.00015304485989881935
0.3790000000000003,0.00015544304674024938
0.3800000000000003,0.00015787209068214689
0.3810000000000003,0.0001603323006504733
0.3820000000000003,0.00016282398774204873
0.3830000000000003,0.0001653474652325088
0.3840000000000003,0.00016790304858424577
0.3850000000000003,0.00017049105545433672
0.3860000000000003,0.00017311180570246296
0.3870000000000003,0.0001757656213988089
0.3880000000000003,0.0001784528268319538
0.3890000000000003,0.0001811737485167484
0.3900000000000003,0.00018392871520217448
0.3910000000000003,0.00018671805787919403
0.3920000000000003,0.0001895421097885827
0.3930000000000003,0.00019240120642874828
0.3940000000000003,0.00019529568556353517
0.3950000000000003,0.00019822588723001258
0.3960000000000003,0.00020119215374624983
0.3970000000000003,0.00020419482971907382
0.3980000000000003,0.0002072342620518129
0.3990000000000003,0.00021031079995202268
0.4000000000000003,0.00021342479493919797
0.4010000000000003,0.00021657660085246775
0.4020000000000003,0.00021976657385827187
0.4030000000000003,0.00022299507245802393
0.4040000000000003,0.00022626245749575658
0.4050000000000003,0.00022956909216574644
0.4060000000000003,0.00023291534202012716
0.4070000000000003,0.0002363015749764797
0.4080000000000003,0.0002397281613254081
0.4090000000000003,0.0002431954737380975
0.4100000000000003,0.00024670388727384893
0.4110000000000003,0.00025025377938760597
0.4120000000000003,0.00025384552993744873
0.4130000000000003,0.00025747952119208213
0.4140000000000003,0.00026115613783829706
0.4150000000000003,0.0002648757669884158
0.4160000000000003,0.00026863879818771685
0.4170000000000003,0.00027244562342183766
0.4180000000000003,0.000276296637124165
0.4190000000000003,0.0002801922361831952
0.4200000000000003,0.0002841328199498815
0.4210000000000003,0.00028811879024495787
0.4220000000000003,0.00029215055136624154
0.4230000000000003,0.00029622851009591716
0.4240000000000003,0.0003003530757077972
0.4250000000000003,0.00030452465997456147
0.4260000000000003,0.0003087436771749769
0.4270000000000003,0.00031301054410109145
0.4280000000000003,0.0003173256800654127
0.4290000000000003,0.00032168950690805525
0.4300000000000003,0.00032610244900387443
0.4310000000000003,0.00033056493326956996
0.43200000000000033,0.0003350773891707737
0.43300000000000033,0.0003396402487291086
0.43400000000000033,0.00034425394652922575
0.43500000000000033,0.0003489189197258223
0.43600000000000033,0.00035363560805062676
0.43700000000000033,0.00035840445381937026
0.43800000000000033,0.00036322590193872776
0.43900000000000033,0.0003681003999132329
0.44000000000000034,0.0003730283978521779
0.44100000000000034,0.0003780103484764775
0.44200000000000034,0.00038304670712551304
0.44300000000000034,0.00038813793176395466
0.44400000000000034,0.0003932844829885499
0.44500000000000034,0.00039848682403489623
0.44600000000000034,0.00040374542078417834
0.44700000000000034,0.0004090607417698877
0.44800000000000034,0.00041443325818450873
0.44900000000000034,0.000419863443886186
0.45000000000000034,0.0004253517754053567
0.45100000000000035,0.0004308987319513645
0.45200000000000035,0.0004365047954190369
0.45300000000000035,0.0004421704503952484
0.45400000000000035,0.00044789618416543885
0.45500000000000035,0.00045368248672012325
0.45600000000000035,0.000459529850761357
0.45700000000000035,0.00046543877170918265
0.45800000000000035,0.0004714097477080499
0.45900000000000035,0.0004774432796331954
0.46000000000000035,0.0004835398710970077
0.46100000000000035,0.0004897000284553571
0.46200000000000035,0.0004959242608138916
0.46300000000000036,0.0005022130800343155
0.46400000000000036,0.0005085670007406238
0.46500000000000036,0.000514986540325323
0.46600000000000036,0.0005214722189556073
0.46700000000000036,0.0005280245595795132
0.46800000000000036,0.0005346440879320423
0.46900000000000036,0.0005413313325412514
0.47000000000000036,0.0005480868247343148
0.47100000000000036,0.0005549110986435543
0.47200000000000036,0.0005618046912124363
0.47300000000000036,0.000568768142201542
0.47400000000000037,0.0005758019941945
0.47500000000000037,0.0005829067926038971
0.47600000000000037,0.0005900830856771433
0.47700000000000037,0.0005973314245023157
0.47800000000000037,0.000604652363013966
0.47900000000000037,0.0006120464579989015
0.48000000000000037,0.0006195142691019156
0.48100000000000037,0.0006270563588315117
0.4820000000000004,0.0006346732925655691
0.4830000000000004,0.0006423656385569942
0.4840000000000004,0.000650133967939326
0.4850000000000004,0.0006579788547323178
0.4860000000000004,0.0006659008758474732
0.4870000000000004,0.0006739006110935575
0.4880000000000004,0.0006819786431820777
0.4890000000000004,0.0006901355577327106
0.4900000000000004,0.0006983719432787209
0.4910000000000004,0.0007066883912723216
0.4920000000000004,0.0007150854960900159
0.4930000000000004,0.0007235638550378918
0.4940000000000004,0.0007321240683568962
0.4950000000000004,0.0007407667392280487
0.4960000000000004,0.0007494924737776545
0.4970000000000004,0.0007583018810824416
0.4980000000000004,0.0007671955731747032
0.4990000000000004,0.0007761741650473597
0.5000000000000003,0.000785238274659029
0.5010000000000003,0.0007943885229390225
0.5020000000000003,0.000803625533792327
0.5030000000000003,0.0008129499341045404
0.5040000000000003,0.0008223623537467756
0.5050000000000003,0.0008318634255805166
0.5060000000000003,0.0008414537854624447
0.5070000000000003,0.0008511340722492359
0.5080000000000003,0.0008609049278022984
0.5090000000000003,0.0008707669969924883
0.5100000000000003,0.0008807209277047816
0.5110000000000003,0.0008907673708429103
0.5120000000000003,0.0009009069803339563
0.5130000000000003,0.0009111404131329064
0.5140000000000003,0.0009214683292271711
0.5150000000000003,0.0009318913916410632
0.5160000000000003,0.0009424102664402346
0.5170000000000003,0.0009530256227360777
0.5180000000000003,0.0009637381326900787
0.5190000000000003,0.0009745484715181415
0.5200000000000004,0.0009854573174948706
0.5210000000000004,0.0009964653519577938
0.5220000000000004,0.0010075732593115777
0.5230000000000004,0.0010187817270321735
0.5240000000000004,0.0010300914456709397
0.5250000000000004,0.001041503108858708
0.5260000000000004,0.0010530174133098285
0.5270000000000004,0.0010646350588261516
0.5280000000000004,0.0010763567483009875
0.5290000000000004,0.0010881831877230055
0.5300000000000004,0.0011001150861801084
0.5310000000000004,0.001112153155863254
0.5320000000000004,0.0011242981120702412
0.5330000000000004,0.0011365506732094412
0.5340000000000004,0.001148911560803503
0.5350000000000004,0.0011613814994930023
0.5360000000000004,0.0011739612170400598
0.5370000000000004,0.0011866514443319024
0.5380000000000004,0.0011994529153843895
0.5390000000000004,0.0012123663673454963
0.5400000000000004,0.001225392540498751
0.5410000000000004,0.0012385321782666244
0.5420000000000004,0.0012517860272138923
0.5430000000000004,0.001265154837050924
0.5440000000000004,0.0012786393606369498
0.5450000000000004,0.001292240353983286
0.5460000000000004,0.0013059585762565022
0.5470000000000004,0.0013197947897815366
0.5480000000000004,0.001333749760044803
0.5490000000000004,0.0013478242556971961
0.5500000000000004,0.0013620190485571148
0.5510000000000004,0.001376334913613391
0.5520000000000004,0.0013907726290281889
0.5530000000000004,0.0014053329761398673
0.5540000000000004,0.0014200167394657877
0.5550000000000004,0.001434824706705071
0.5560000000000004,0.0014497576687413241
0.5570000000000004,0.0014648164196452939
0.5580000000000004,0.0014800017566775063
0.5590000000000004,0.0014953144802908392
0.5600000000000004,0.0015107553941330495
0.5610000000000004,0.0015263253050492493
0.5620000000000004,0.0015420250230843585
0.5630000000000004,0.0015578553614854762
0.5640000000000004,0.0015738171367042308
0.5650000000000004,0.0015899111683990682
0.5660000000000004,0.0016061382794375024
0.5670000000000004,0.0016224992958983077
0.5680000000000004,0.0016389950470736656
0.5690000000000004,0.0016556263654712725
0.5700000000000004,0.0016723940868163887
0.5710000000000004,0.0016892990500538432
0.5720000000000004,0.0017063420973499788
0.5730000000000004,0.0017235240740945796
0.5740000000000004,0.0017408458289027082
0.5750000000000004,0.001758308213616519
0.5760000000000004,0.0017759120833070257
0.5770000000000004,0.0017936582962757993
0.5780000000000004,0.0018115477140566287
0.5790000000000004,0.0018295812014171417
0.5800000000000004,0.0018477596263603484
0.5810000000000004,0.0018660838601261684
0.5820000000000004,0.001884554777192879
0.5830000000000004,0.001903173255278529
0.5840000000000004,0.001921940175342289
0.5850000000000004,0.0019408564215857825
0.5860000000000004,0.0019599228814543143
0.5870000000000004,0.0019791404456381023
0.5880000000000004,0.001998510008073421
0.5890000000000004,0.002018032465943706
0.5900000000000004,0.0020377087196806107
0.5910000000000004,0.002057539672965013
0.5920000000000004,0.0020775262327279564
0.5930000000000004,0.0020976693091515606
0.5940000000000004,0.0021179698156698515
0.5950000000000004,0.0021384286689695793
0.5960000000000004,0.0021590467889909407
0.5970000000000004,0.002179825098928282
0.5980000000000004,0.0022007645252307404
0.5990000000000004,0.002221865997602815
0.6000000000000004,0.0022431304490049173
0.6010000000000004,0.0022645588156538442
0.6020000000000004,0.0022861520370232105
0.6030000000000004,0.002307911055843825
0.6040000000000004,0.002329836818103998
0.6050000000000004,0.002351930273049834
0.6060000000000004,0.002374192373185425
0.6070000000000004,0.002396624074273041
0.6080000000000004,0.0024192263353332
0.6090000000000004,0.00244200011864476
0.6100000000000004,0.002464946389744901
0.6110000000000004,0.0024880661174290796
0.6120000000000004,0.0025113602737509154
0.6130000000000004,0.0025348298340220413
0.6140000000000004,0.0025584757768118698
0.6150000000000004,0.002582299083947348
0.6160000000000004,0.0026063007405126245
0.6170000000000004,0.0026304817348486607
0.6180000000000004,0.0026548430585528024
0.6190000000000004,0.002679385706478306
0.6200000000000004,0.002704110676733786
0.6210000000000004,0.0027290189706825944
0.6220000000000004,0.0027541115929422154
0.6230000000000004,0.0027793895513835215
0.6240000000000004,0.002804853857130013
0.6250000000000004,0.0028305055245570142
0.6260000000000004,0.00285634557129079
0.6270000000000004,0.00288237501820761
0.6280000000000004,0.0029085948894327757
0.6290000000000004,0.002935006212339553
0.6300000000000004,0.0029616100175481174
0.6310000000000004,0.0029884073389243497
0.6320000000000005,0.00301539921357866
0.6330000000000005,0.0030425866818647195
0.6340000000000005,0.0030699707873781145
0.6350000000000005,0.003097552576954985
0.6360000000000005,0.0031253331006705913
0.6370000000000005,0.003153313411837805
0.6380000000000005,0.0031814945670055727
0.6390000000000005,0.0032098776259573024
0.6400000000000005,0.003238463651709212
0.6410000000000005,0.003267253710508576
0.6420000000000005,0.003296248871832007
0.6430000000000005,0.0033254502083835498
0.6440000000000005,0.003354858796092833
0.6450000000000005,0.00338447571411313
0.6460000000000005,0.003414302044819301
0.6470000000000005,0.0034443388738057803
0.6480000000000005,0.0034745872898844185
0.6490000000000005,0.0035050483850823195
0.6500000000000005,0.0035357232546395904
0.6510000000000005,0.003566612997007059
0.6520000000000005,0.003597718713843919
0.6530000000000005,0.003629041510015289
0.6540000000000005,0.0036605824935897688
0.6550000000000005,0.0036923427758369276
0.6560000000000005,0.0037243234712246633
0.6570000000000005,0.0037565256974165947
0.6580000000000005,0.0037889505752693614
0.6590000000000005,0.0038215992288298255
0.6600000000000005,0.0038544727853322947
0.6610000000000005,0.003887572375195604
0.6620000000000005,0.003920899132020185
0.6630000000000005,0.003954454192585094
0.6640000000000005,0.0039882386968449176
0.6650000000000005,0.004022253787926676
0.6660000000000005,0.004056500612126647
0.6670000000000005,0.004090980318907134
0.6680000000000005,0.004125694060893149
0.6690000000000005,0.004160642993869083
0.6700000000000005,0.004195828276775298
0.6710000000000005,0.00423125107170463
0.6720000000000005,0.00426691254389886
0.6730000000000005,0.00430281386174517
0.6740000000000005,0.004338956196772416
0.6750000000000005,0.004375340723647472
0.6760000000000005,0.0044119686201714425
0.6770000000000005,0.004448841067275821
0.6780000000000005,0.004485959249018628
0.6790000000000005,0.004523324352580438
0.6800000000000005,0.004560937568260367
0.6810000000000005,0.004598800089472005
0.6820000000000005,0.0046369131127392965
0.6830000000000005,0.004675277837692356
0.6840000000000005,0.004713895467063182
0.6850000000000005,0.004752767206681364
0.6860000000000005,0.004791894265469742
0.6870000000000005,0.004831277855439899
0.6880000000000005,0.004870919191687779
0.6890000000000005,0.004910819492388987
0.6900000000000005,0.00495097997879433
0.6910000000000005,0.004991401875225028
0.6920000000000005,0.005032086409068025
0.6930000000000005,0.0050730348107712086
0.6940000000000005,0.005114248313838502
0.6950000000000005,0.005155728154825014
0.6960000000000005,0.005197475573331984
0.6970000000000005,0.005239491812001822
0.6980000000000005,0.005281778116512936
0.6990000000000005,0.005324335735574617
0.7000000000000005,0.005367165920921797
0.7010000000000005,0.005410269927309797
0.7020000000000005,0.005453649012508936
0.7030000000000005,0.005497304437299139
0.7040000000000005,0.005541237465464506
0.7050000000000005,0.005585449363787749
0.7060000000000005,0.005629941402044589
0.7070000000000005,0.005674714852998153
0.7080000000000005,0.005719770992393234
0.7090000000000005,0.00576511109895051
0.7100000000000005,0.0058107364543607395
0.7110000000000005,0.005856648343278825
0.7120000000000005,0.005902848053317899
0.7130000000000005,0.005949336875043277
0.7140000000000005,0.005996116101966391
0.7150000000000005,0.006043187030538622
0.7160000000000005,0.006090550960145159
0.7170000000000005,0.006138209193098643
0.7180000000000005,0.006186163034632939
0.7190000000000005,0.006234413792896658
0.7200000000000005,0.0062829627789468025
0.7210000000000005,0.006331811306742147
0.7220000000000005,0.006380960693136766
0.7230000000000005,0.006430412257873335
0.7240000000000005,0.006480167323576468
0.7250000000000005,0.006530227215745923
0.7260000000000005,0.006580593262749852
0.7270000000000005,0.006631266795817832
0.7280000000000005,0.006682249149034013
0.7290000000000005,0.0067335416593300185
0.7300000000000005,0.006785145666477955
0.7310000000000005,0.006837062513083271
0.7320000000000005,0.0068892935445775275
0.7330000000000005,0.006941840109211183
0.7340000000000005,0.006994703558046282
0.7350000000000005,0.007047885244949048
0.7360000000000005,0.007101386526582514
0.7370000000000005,0.00715520876239889
0.7380000000000005,0.007209353314632199
0.7390000000000005,0.0072638215482904705
0.7400000000000005,0.007318614831148175
0.7410000000000005,0.007373734533738395
0.7420000000000005,0.007429182029345119
0.7430000000000005,0.007484958693995246
0.7440000000000005,0.007541065906450782
0.7450000000000006,0.00759750504820075
0.7460000000000006,0.007654277503453196
0.7470000000000006,0.007711384659127042
0.7480000000000006,0.0077688279048438984
0.7490000000000006,0.007826608632919872
0.7500000000000006,0.007884728238357203
0.7510000000000006,0.00794318811883597
0.7520000000000006,0.0080019896747056
0.7530000000000006,0.008061134308976448
0.7540000000000006,0.008120623427311156
0.7550000000000006,0.008180458438016151
0.7560000000000006,0.00824064075203289
0.7570000000000006,0.008301171782929183
0.7580000000000006,0.008362052946890327
0.7590000000000006,0.00842328566271039
0.7600000000000006,0.0084848713517831
0.7610000000000006,0.008546811438093048
0.7620000000000006,0.008609107348206484
0.7630000000000006,0.00867176051126238
0.7640000000000006,0.008734772358963113
0.7650000000000006,0.008798144325565355
0.7660000000000006,0.00886187784787073
0.7670000000000006,0.008925974365216449
0.7680000000000006,0.00899043531946596
0.7690000000000006,0.009055262154999464
0.7700000000000006,0.009120456318704291
0.7710000000000006,0.00918601925996544
0.7720000000000006,0.009251952430655875
0.7730000000000006,0.009318257285126749
0.7740000000000006,0.009384935280197695
0.7750000000000006,0.009451987875146997
0.7760000000000006,0.009519416531701628
0.7770000000000006,0.009587222714027335
0.7780000000000006,0.009655407888718635
0.7790000000000006,0.00972397352478866
0.7800000000000006,0.0097929210936591
0.7810000000000006,0.009862252069149917
0.7820000000000006,0.009931967927469174
0.7830000000000006,0.010002070147202627
0.7840000000000006,0.010072560209303328
0.7850000000000006,0.010143439597081312
0.7860000000000006,0.010214709796192925
0.7870000000000006,0.010286372294630343
0.7880000000000006,0.010358428582710908
0.7890000000000006,0.010430880153066497
0.7900000000000006,0.010503728500632706
0.7910000000000006,0.01057697512263806
0.7920000000000006,0.010650621518593157
0.7930000000000006,0.010724669190279718
0.7940000000000006,0.010799119641739598
0.7950000000000006,0.010873974379263768
0.7960000000000006,0.010949234911381148
0.7970000000000006,0.011024902748847445
0.7980000000000006,0.011100979404634016
0.7990000000000006,0.011177466393916412
0.8000000000000006,0.01125436523406315
0.8010000000000006,0.011331677444624242
0.8020000000000006,0.011409404547319809
0.8030000000000006,0.011487548066028391
0.8040000000000006,0.011566109526775545
0.8050000000000006,0.011645090457722022
0.8060000000000006,0.011724492389152213
0.8070000000000006,0.011804316853462215
0.8080000000000006,0.011884565385148147
0.8090000000000006,0.01196523952079423
0.8100000000000006,0.012046340799060733
0.8110000000000006,0.01212787076067212
0.8120000000000006,0.01220983094840488
0.8130000000000006,0.012292222907075443
0.8140000000000006,0.012375048183527988
0.8150000000000006,0.012458308326622196
0.8160000000000006,0.012542004887220999
0.8170000000000006,0.012626139418178084
0.8180000000000006,0.01271071347432563
0.8190000000000006,0.012795728612461744
0.8200000000000006,0.012881186391338019
0.8210000000000006,0.012967088371646748
0.8220000000000006,0.013053436116008498
0.8230000000000006,0.013140231188959225
0.8240000000000006,0.013227475156937616
0.8250000000000006,0.013315169588272226
0.8260000000000006,0.01340331605316855
0.8270000000000006,0.013491916123696159
0.8280000000000006,0.013580971373775648
0.8290000000000006,0.013670483379165583
0.8300000000000006,0.01376045371744943
0.8310000000000006,0.013850883968022289
0.8320000000000006,0.013941775712077772
0.8330000000000006,0.014033130532594635
0.8340000000000006,0.014124950014323467
0.8350000000000006,0.014217235743773319
0.8360000000000006,0.014309989309198167
0.8370000000000006,0.014403212300583446
0.8380000000000006,0.014496906309632492
0.8390000000000006,0.014591072929752862
0.8400000000000006,0.01468571375604273
0.8410000000000006,0.014780830385277036
0.8420000000000006,0.014876424415893763
0.8430000000000006,0.014972497447980073
0.8440000000000006,0.015069051083258374
0.8450000000000006,0.015166086925072375
0.8460000000000006,0.015263606578373034
0.8470000000000006,0.015361611649704517
0.8480000000000006,0.015460103747190009
0.8490000000000006,0.015559084480517611
0.8500000000000006,0.015658555460926003
0.8510000000000006,0.01575851830119012
0.8520000000000006,0.015858974615607008
0.8530000000000006,0.015959926019981106
0.8540000000000006,0.016061374131610018
0.8550000000000006,0.01616332056926987
0.8560000000000006,0.01626576695320077
0.8570000000000007,0.016368714905092178
0.8580000000000007,0.016472166048068212
0.8590000000000007,0.016576122006672897
0.8600000000000007,0.01668058440685542
0.8610000000000007,0.01678555487595519
0.8620000000000007,0.016891035042687064
0.8630000000000007,0.016997026537126186
0.8640000000000007,0.01710353099069327
0.8650000000000007,0.017210550036139236
0.8660000000000007,0.017318085307530266
0.8670000000000007,0.017426138440232622
0.8680000000000007,0.017534711070897307
0.8690000000000007,0.017643804837444998
0.8700000000000007,0.01775342137905039
0.8710000000000007,0.017863562336127205
0.8720000000000007,0.017974229350312457
0.8730000000000007,0.018085424064451003
0.8740000000000007,0.018197148122580206
0.8750000000000007,0.018309403169914043
0.8760000000000007,0.018422190852827727
0.8770000000000007,0.01853551281884175
0.8780000000000007,0.018649370716606387
0.8790000000000007,0.018763766195885722
0.8800000000000007,0.018878700907541804
0.8810000000000007,0.01899417650351888
0.8820000000000007,0.019110194636827248
0.8830000000000007,0.019226756961527376
0.8840000000000007,0.019343865132713748
0.8850000000000007,0.01946152080649887
0.8860000000000007,0.019579725639997034
0.8870000000000007,0.019698481291308075
0.8880000000000007,0.01981778941950119
0.8890000000000007,0.01993765168459855
0.8900000000000007,0.020058069747558943
0.8910000000000007,0.020179045270261466
0.8920000000000007,0.020300579915488882
0.8930000000000007,0.02042267534691128
0.8940000000000007,0.020545333229069356
0.8950000000000007,0.02066855522735798
0.8960000000000007,0.020792343008009282
0.8970000000000007,0.020916698238076223
0.8980000000000007,0.021041622585415656
0.8990000000000007,0.021167117718671538
0.9000000000000007,0.02129318530725809
0.9010000000000007,0.021419827021342912
0.9020000000000007,0.021547044531830026
0.9030000000000007,0.021674839510342835
0.9040000000000007,0.02180321362920709
0.9050000000000007,0.02193216856143379
0.9060000000000007,0.022061705980702083
0.9070000000000007,0.022191827561341946
0.9080000000000007,0.0223225349783171
0.9090000000000007,0.02245382990720759
0.9100000000000007,0.02258571402419255
0.9110000000000007,0.022718189006032775
0.9120000000000007,0.022851256530053227
0.9130000000000007,0.022984918274125694
0.9140000000000007,0.023119175916651167
0.9150000000000007,0.02325403113654228
0.9160000000000007,0.02338948561320578
0.9170000000000007,0.023525541026524682
0.9180000000000007,0.02366219905684088
0.9190000000000007,0.023799461384936986
0.9200000000000007,0.023937329692018873
0.9210000000000007,0.02407580565969767
0.9220000000000007,0.024214890969971932
0.9230000000000007,0.02435458730520964
0.9240000000000007,0.024494896348130346
0.9250000000000007,0.02463581978178699
0.9260000000000007,0.02477735928954797
0.9270000000000007,0.024919516555079034
0.9280000000000007,0.02506229326232502
0.9290000000000007,0.025205691095491672
0.9300000000000007,0.02534971173902758
0.9310000000000007,0.025494356877605703
0.9320000000000007,0.025639628196104988
0.9330000000000007,0.025785527379592388
0.9340000000000007,0.025932056113303917
0.9350000000000007,0.026079216082626613
0.9360000000000007,0.026227008973079776
0.9370000000000007,0.02637543647029666
0.9380000000000007,0.026524500260005725
0.9390000000000007,0.026674202028012052
0.9400000000000007,0.02682454346017867
0.9410000000000007,0.02697552624240792
0.9420000000000007,0.027127152060622637
0.9430000000000007,0.027279422600747373
0.9440000000000007,0.027432339548689646
0.9450000000000007,0.02758590459032091
0.9460000000000007,0.0277401194114578
0.9470000000000007,0.027894985697843162
0.9480000000000007,0.02805050513512697
0.9490000000000007,0.028206679408847354
0.9500000000000007,0.0283635102044116
0.9510000000000007,0.0285209992070769
0.9520000000000007,0.028679148101931336
0.9530000000000007,0.028837958573874566
0.9540000000000007,0.0289974323075988
0.9550000000000007,0.029157570987569298
0.9560000000000007,0.0293183762980052
0.9570000000000007,0.02947984992286029
0.9580000000000007,0.029641993545803304
0.9590000000000007,0.0298048088501988
0.9600000000000007,0.029968297519087684
0.9610000000000007,0.0301324612351676
0.9620000000000007,0.03029730168077334
0.9630000000000007,0.030462820537857618
0.9640000000000007,0.03062901948797109
0.9650000000000007,0.030795900212242846
0.9660000000000007,0.030963464391360933
0.9670000000000007,0.031131713705552334
0.9680000000000007,0.03130064983456346
0.9690000000000007,0.03147027445764018
0.9700000000000008,0.03164058925350826
0.9710000000000008,0.0318115959003532
0.9720000000000008,0.03198329607580063
0.9730000000000008,0.032155691456896215
0.9740000000000008,0.03232878372008575
0.9750000000000008,0.03250257454119522
0.9760000000000008,0.032677065595410684
0.9770000000000008,0.03285225855725833
0.9780000000000008,0.0330281551005843
0.9790000000000008,0.033204756898534596
0.9800000000000008,0.03338206562353487
0.9810000000000008,0.03356008294727039
0.9820000000000008,0.03373881054066571
0.9830000000000008,0.033918250073864356
0.9840000000000008,0.03409840321620866
0.9850000000000008,0.03427927163621934
0.9860000000000008,0.03446085700157529
0.9870000000000008,0.03464316097909301
0.9880000000000008,0.03482618523470648
0.9890000000000008,0.03500993143344629
0.9900000000000008,0.035194401239419575
0.9910000000000008,0.035379596315789304
0.9920000000000008,0.03556551832475383
0.9930000000000008,0.035752168927526196
0.9940000000000008,0.035939549784313816
0.9950000000000008,0.036127662554297425
0.9960000000000008,0.0363165088956108
0.9970000000000008,0.03650609046531993
0.9980000000000008,0.036696408919402373
0.9990000000000008,0.0368874659127264
1.0000000000000007,0.037079263099030285
1.0010000000000006,0.037271802130901616
1.0020000000000004,0.03746508465975622
1.0030000000000003,0.03765911233581756
1.0040000000000002,0.0378538868080958
1.0050000000000001,0.0380494097243668
1.006,0.03824568273115131
1.007,0.03844270747369382
1.0079999999999998,0.03864048559594177
1.0089999999999997,0.03883901874052455
1.0099999999999996,0.0390383085487322
1.0109999999999995,0.03923835666049464
1.0119999999999993,0.03943916471436055
1.0129999999999992,0.039640734347476
1.0139999999999991,0.03984306719556361
1.014999999999999,0.04004616489290121
1.015999999999999,0.04025002907230075
1.0169999999999988,0.040454661365086866
1.0179999999999987,0.04066006340107611
1.0189999999999986,0.04086623680855522
1.0199999999999985,0.04107318321426001
1.0209999999999984,0.04128090424335413
1.0219999999999982,0.04148940151940767
1.0229999999999981,0.04169867666437579
1.023999999999998,0.0419087312985774
1.024999999999998,0.042119567040673794
1.0259999999999978,0.04233118550764702
1.0269999999999977,0.042543588314778745
1.0279999999999976,0.042756777075628534
1.0289999999999975,0.042970753402012646
1.0299999999999974,0.043185518903982145
1.0309999999999973,0.043401075189801755
1.0319999999999971,0.04361742386592818
1.032999999999997,0.04383456653698832
1.033999999999997,0.044052504805758036
1.0349999999999968,0.04427124027314049
1.0359999999999967,0.04449077453814428
1.0369999999999966,0.044711109197861976
1.0379999999999965,0.044932245847448433
1.0389999999999964,0.04515418608009911
1.0399999999999963,0.04537693148702852
1.0409999999999962,0.04560048365744808
1.041999999999996,0.045824844178545064
1.042999999999996,0.04605001463546005
1.0439999999999958,0.04627599661126585
1.0449999999999957,0.04650279168694536
1.0459999999999956,0.0467304014413699
1.0469999999999955,0.046958827451277135
1.0479999999999954,0.04718807129124972
1.0489999999999953,0.04741813453369305
1.0499999999999952,0.04764901874881358
1.050999999999995,0.04788072550459665
1.051999999999995,0.048113256366785304
1.0529999999999948,0.048346612898857416
1.0539999999999947,0.048580796662004724
1.0549999999999946,0.048815809215110015
1.0559999999999945,0.049051652114725945
1.0569999999999944,0.04928832691505254
1.0579999999999943,0.04952583516791536
1.0589999999999942,0.04976417842274367
1.059999999999994,0.0500033582265483
1.060999999999994,0.05024337612389961
1.0619999999999938,0.050484233656905554
1.0629999999999937,0.050725932365189456
1.0639999999999936,0.050968473785868225
1.0649999999999935,0.05121185945353018
1.0659999999999934,0.05145609090021279
1.0669999999999933,0.05170116965538087
1.0679999999999932,0.05194709724590434
1.068999999999993,0.052193875196036195
1.069999999999993,0.05244150502739034
1.0709999999999928,0.052689988258919254
1.0719999999999927,0.05293932640689244
1.0729999999999926,0.053189520984873576
1.0739999999999925,0.05344057350369882
1.0749999999999924,0.05369248547145458
1.0759999999999923,0.05394525839345532
1.0769999999999922,0.05419889377222117
1.077999999999992,0.05445339310745607
1.078999999999992,0.05470875789602536
1.0799999999999919,0.05496498963193363
1.0809999999999917,0.05522208980630286
1.0819999999999916,0.05548005990734928
1.0829999999999915,0.055738901420362336
1.0839999999999914,0.05599861582768145
1.0849999999999913,0.05625920460867454
1.0859999999999912,0.05652066923971522
1.086999999999991,0.0567830111941611
1.087999999999991,0.05704623194233081
1.0889999999999909,0.057310332951482586
1.0899999999999908,0.05757531568579129
1.0909999999999906,0.057841181606326925
1.0919999999999905,0.05810793217103135
1.0929999999999904,0.058375568834696974
1.0939999999999903,0.05864409304894392
1.0949999999999902,0.05891350626219819
1.09599999999999,0.05918380991966869
1.09699999999999,0.059455005463325765
1.0979999999999899,0.05972709433187832
1.0989999999999898,0.060000077960752025
1.0999999999999897,0.06027395778206645
1.1009999999999895,0.06054873522461329
1.1019999999999894,0.060824411713833994
1.1029999999999893,0.0611009886717971
1.1039999999999892,0.061378467517176516
1.104999999999989,0.061656849665228775
1.105999999999989,0.061936136527771024
1.1069999999999889,0.06221632951315865
1.1079999999999888,0.06249743002626289
1.1089999999999887,0.06277943946844868
1.1099999999999886,0.06306235923755255
1.1109999999999884,0.06334619072785987
1.1119999999999883,0.063630935330083
1.1129999999999882,0.0639165944313389
1.113999999999988,0.06420316941512677
1.114999999999988,0.06449066166130575
1.115999999999988,0.06477907254607287
1.1169999999999878,0.06506840344194076
1.1179999999999877,0.06535865571771492
1.1189999999999876,0.06564983073847244
1.1199999999999875,0.06594192986553851
1.1209999999999873,0.06623495445646517
1.1219999999999872,0.0665289058650089
1.1229999999999871,0.066823785441108
1.123999999999987,0.06711959453086044
1.124999999999987,0.06741633447650204
1.1259999999999868,0.06771400661638385
1.1269999999999867,0.06801261228495013
1.1279999999999866,0.06831215281271621
1.1289999999999865,0.0686126295262461
1.1299999999999863,0.06891404374813023
1.1309999999999862,0.06921639679696386
1.1319999999999861,0.06951968998732405
1.132999999999986,0.06982392462974815
1.133999999999986,0.07012910203071153
1.1349999999999858,0.07043522349260511
1.1359999999999857,0.07074229031371364
1.1369999999999856,0.07105030378819345
1.1379999999999855,0.07135926520604995
1.1389999999999854,0.0716691758531162
1.1399999999999852,0.07198003701103033
1.1409999999999851,0.07229184995721344
1.141999999999985,0.07260461596484802
1.142999999999985,0.07291833630285542
1.1439999999999848,0.07323301223587368
1.1449999999999847,0.07354864502423611
1.1459999999999846,0.07386523592394872
1.1469999999999845,0.07418278618666832
1.1479999999999844,0.07450129705968088
1.1489999999999843,0.07482076978587891
1.1499999999999841,0.07514120560373987
1.150999999999984,0.07546260574730453
1.151999999999984,0.07578497144615436
1.1529999999999838,0.07610830392538973
1.1539999999999837,0.07643260440560863
1.1549999999999836,0.07675787410288396
1.1559999999999835,0.07708411422874217
1.1569999999999834,0.07741132599014132
1.1579999999999833,0.0777395105894486
1.1589999999999832,0.07806866922441974
1.159999999999983,0.07839880308817586
1.160999999999983,0.07872991336918261
1.1619999999999828,0.07906200125122799
1.1629999999999827,0.07939506791340059
1.1639999999999826,0.07972911453006781
1.1649999999999825,0.08006414227085423
1.1659999999999824,0.08040015230062006
1.1669999999999823,0.08073714577943912
1.1679999999999822,0.08107512386257716
1.168999999999982,0.08141408770047046
1.169999999999982,0.08175403843870403
1.1709999999999818,0.08209497721799011
1.1719999999999817,0.08243690517414641
1.1729999999999816,0.08277982343807465
1.1739999999999815,0.0831237331357389
1.1749999999999814,0.08346863538814416
1.1759999999999813,0.08381453131131465
1.1769999999999812,0.08416142201627287
1.177999999999981,0.08450930860901715
1.178999999999981,0.08485819219050122
1.1799999999999808,0.08520807385661204
1.1809999999999807,0.08555895469814896
1.1819999999999806,0.08591083580080192
1.1829999999999805,0.08626371824513016
1.1839999999999804,0.08661760310654112
1.1849999999999803,0.08697249145526881
1.1859999999999802,0.08732838435635315
1.18699999999998,0.08768528286961756
1.18799999999998,0.08804318804964913
1.1889999999999799,0.08840210094577611
1.1899999999999797,0.08876202260204777
1.1909999999999796,0.08912295405721253
1.1919999999999795,0.08948489634469733
1.1929999999999794,0.08984785049258606
1.1939999999999793,0.09021181752359883
1.1949999999999792,0.09057679845507077
1.195999999999979,0.0909427942989312
1.196999999999979,0.09130980606168218
1.1979999999999789,0.09167783474437807
1.1989999999999787,0.09204688134260447
1.1999999999999786,0.09241694684645683
1.2009999999999785,0.0927880322405201
1.2019999999999784,0.09316013850384794
1.2029999999999783,0.09353326660994159
1.2039999999999782,0.09390741752672895
1.204999999999978,0.09428259221654411
1.205999999999978,0.09465879163610678
1.2069999999999779,0.095036016736501
1.2079999999999778,0.09541426846315523
1.2089999999999776,0.095793547755821
1.2099999999999775,0.09617385554855266
1.2109999999999774,0.09655519276968684
1.2119999999999773,0.09693756034182176
1.2129999999999772,0.0973209591817968
1.213999999999977,0.097705390200672
1.214999999999977,0.09809085430370769
1.2159999999999769,0.09847735239034394
1.2169999999999768,0.09886488535418023
1.2179999999999767,0.09925345408295513
1.2189999999999765,0.09964305945852629
1.2199999999999764,0.10003370235684941
1.2209999999999763,0.1004253836479588
1.2219999999999762,0.10081810419594674
1.222999999999976,0.10121186485894336
1.223999999999976,0.10160666648909662
1.2249999999999759,0.10200250993255223
1.2259999999999758,0.10239939602943353
1.2269999999999757,0.10279732561382111
1.2279999999999756,0.10319629951373377
1.2289999999999754,0.1035963185511076
1.2299999999999753,0.10399738354177628
1.2309999999999752,0.1043994952954519
1.2319999999999751,0.10480265461570422
1.232999999999975,0.10520686229994135
1.233999999999975,0.10561211913938999
1.2349999999999748,0.10601842591907543
1.2359999999999747,0.10642578341780225
1.2369999999999746,0.10683419240813438
1.2379999999999745,0.107243653656376
1.2389999999999743,0.10765416792255085
1.2399999999999742,0.10806573596038416
1.2409999999999741,0.1084783585172821
1.241999999999974,0.10889203633431313
1.242999999999974,0.1093067701461877
1.2439999999999738,0.10972256068123974
1.2449999999999737,0.11013940866140695
1.2459999999999736,0.11055731480221158
1.2469999999999735,0.11097627981274119
1.2479999999999734,0.11139630439562966
1.2489999999999732,0.1118173892470376
1.2499999999999731,0.11223953505663396
1.250999999999973,0.11266274250757614
1.251999999999973,0.11308701227649162
1.2529999999999728,0.11351234503345894
1.2539999999999727,0.11393874144198848
1.2549999999999726,0.1143662021590036
1.2559999999999725,0.11479472783482231
1.2569999999999724,0.11522431911313778
1.2579999999999723,0.1156549766310002
1.2589999999999721,0.11608670101879769
1.259999999999972,0.11651949290023811
1.260999999999972,0.11695335289232975
1.2619999999999718,0.11738828160536348
1.2629999999999717,0.1178242796428939
1.2639999999999716,0.11826134760172097
1.2649999999999715,0.11869948607187171
1.2659999999999714,0.11913869563658143
1.2669999999999713,0.11957897687227594
1.2679999999999712,0.12002033034855283
1.268999999999971,0.12046275662816415
1.269999999999971,0.12090625626699654
1.2709999999999708,0.12135082981405494
1.2719999999999707,0.12179647781144369
1.2729999999999706,0.12224320079434829
1.2739999999999705,0.12269099929101766
1.2749999999999704,0.12313987382274685
1.2759999999999703,0.12358982490385786
1.2769999999999702,0.12404085304168326
1.27799999999997,0.12449295873654741
1.27899999999997,0.1249461424817492
1.2799999999999698,0.1254004047635442
1.2809999999999697,0.12585574606112726
1.2819999999999696,0.12631216684661492
1.2829999999999695,0.1267696675850277
1.2839999999999694,0.12722824873427308
1.2849999999999693,0.1276879107451272
1.2859999999999692,0.12814865406121906
1.286999999999969,0.12861047911901177
1.287999999999969,0.12907338634778592
1.2889999999999688,0.12953737616962255
1.2899999999999687,0.13000244899938582
1.2909999999999686,0.13046860524470585
1.2919999999999685,0.13093584530596225
1.2929999999999684,0.1314041695762661
1.2939999999999683,0.13187357844144443
1.2949999999999682,0.13234407228002226
1.295999999999968,0.13281565146320637
1.296999999999968,0.13328831635486832
1.2979999999999678,0.13376206731152815
1.2989999999999677,0.13423690468233734
1.2999999999999676,0.1347128288090621
1.3009999999999675,0.13518984002606804
1.3019999999999674,0.13566793866030205
1.3029999999999673,0.13614712503127738
1.3039999999999672,0.1366273994510562
1.304999999999967,0.13710876222423407
1.305999999999967,0.13759121364792407
1.3069999999999669,0.13807475401173888
1.3079999999999667,0.13855938359777692
1.3089999999999666,0.13904510268060488
1.3099999999999665,0.13953191152724242
1.3109999999999664,0.14001981039714578
1.3119999999999663,0.1405087995421925
1.3129999999999662,0.1409988792066649
1.313999999999966,0.1414900496272353
1.314999999999966,0.14198231103294967
1.3159999999999659,0.14247566364521175
1.3169999999999658,0.14297010767776913
1.3179999999999656,0.14346564333669531
1.3189999999999655,0.14396227082037652
1.3199999999999654,0.14445999031949483
1.3209999999999653,0.14495880201701436
1.3219999999999652,0.1454587060881642
1.322999999999965,0.14595970270042494
1.323999999999965,0.14646179201351256
1.3249999999999649,0.14696497417936408
1.3259999999999648,0.14746924934212177
1.3269999999999647,0.1479746176381194
1.3279999999999645,0.14848107919586578
1.3289999999999644,0.1489886341360318
1.3299999999999643,0.14949728257143444
1.3309999999999642,0.15000702460702278
1.331999999999964,0.15051786033986297
1.332999999999964,0.15102978985912427
1.3339999999999639,0.151542813246064
1.3349999999999638,0.15205693057401343
1.3359999999999637,0.152572141908364
1.3369999999999636,0.15308844730655197
1.3379999999999634,0.1536058468180454
1.3389999999999633,0.15412434048432902
1.3399999999999632,0.15464392833889123
1.340999999999963,0.15516461040720894
1.341999999999963,0.15568638670673488
1.342999999999963,0.15620925724688295
1.3439999999999628,0.15673322202901493
1.3449999999999627,0.15725828104642603
1.3459999999999626,0.15778443428433242
1.3469999999999624,0.1583116817198568
1.3479999999999623,0.15884002332201524
1.3489999999999622,0.15936945905170327
1.3499999999999621,0.15989998886168358
1.350999999999962,0.16043161269657222
1.351999999999962,0.16096433049282458
1.3529999999999618,0.1614981421787233
1.3539999999999617,0.1620330476743652
1.3549999999999616,0.1625690468916476
1.3559999999999615,0.16310613973425614
1.3569999999999613,0.16364432609765106
1.3579999999999612,0.16418360586905548
1.3589999999999611,0.1647239789274418
1.359999999999961,0.16526544514351968
1.360999999999961,0.16580800437972293
1.3619999999999608,0.1663516564901978
1.3629999999999607,0.16689640132078953
1.3639999999999606,0.16744223870903135
1.3649999999999605,0.16798916848413026
1.3659999999999604,0.16853719046695734
1.3669999999999602,0.16908630447003337
1.3679999999999601,0.16963651029751842
1.36899999999996,0.17018780774519873
1.36999999999996,0.17074019660047574
1.3709999999999598,0.17129367664235307
1.3719999999999597,0.17184824764142667
1.3729999999999596,0.17240390935987074
1.3739999999999595,0.17296066155142878
1.3749999999999594,0.17351850396139992
1.3759999999999593,0.17407743632662795
1.3769999999999591,0.1746374583754915
1.377999999999959,0.17519856982789028
1.378999999999959,0.17576077039523608
1.3799999999999588,0.1763240597804402
1.3809999999999587,0.1768884376779029
1.3819999999999586,0.17745390377350287
1.3829999999999585,0.17802045774458536
1.3839999999999584,0.17858809925995267
1.3849999999999583,0.17915682797985166
1.3859999999999582,0.1797266435559644
1.386999999999958,0.18029754563139772
1.387999999999958,0.18086953384067167
1.3889999999999578,0.18144260780970986
1.3899999999999577,0.18201676715582915
1.3909999999999576,0.18259201148772847
1.3919999999999575,0.1831683404054798
1.3929999999999574,0.18374575350051786
1.3939999999999573,0.18432425035562877
1.3949999999999572,0.1849038305449421
1.395999999999957,0.1854844936339196
1.396999999999957,0.18606623917934584
1.3979999999999568,0.18664906672931833
1.3989999999999567,0.18723297582323842
1.3999999999999566,0.1878179659918008
1.4009999999999565,0.18840403675698533
1.4019999999999564,0.1889911876320463
1.4029999999999563,0.18957941812150436
1.4039999999999562,0.190168727721136
1.404999999999956,0.19075911591796585
1.405999999999956,0.19135058219025644
1.4069999999999558,0.1919431260074996
1.4079999999999557,0.19253674683040828
1.4089999999999556,0.19313144411090644
1.4099999999999555,0.19372721729212133
1.4109999999999554,0.19432406580837433
1.4119999999999553,0.1949219890851728
1.4129999999999552,0.19552098653920139
1.413999999999955,0.19612105757831355
1.414999999999955,0.1967222016015233
1.4159999999999549,0.1973244179989969
1.4169999999999547,0.19792770615204533
1.4179999999999546,0.198532065433115
1.4189999999999545,0.19913749520578172
1.4199999999999544,0.19974399482474037
1.4209999999999543,0.20035156363579879
1.4219999999999542,0.2009602009758699
1.422999999999954,0.2015699061729638
1.423999999999954,0.20218067854617988
1.4249999999999539,0.20279251740569998
1.4259999999999537,0.20340542205278073
1.4269999999999536,0.20401939177974618
1.4279999999999535,0.20463442586998065
1.4289999999999534,0.2052505235979226
1.4299999999999533,0.20586768422905494
1.4309999999999532,0.20648590701990174
1.431999999999953,0.20710519121801776
1.432999999999953,0.20772553606198466
1.4339999999999529,0.20834694078140262
1.4349999999999528,0.2089694045968843
1.4359999999999526,0.20959292672004798
1.4369999999999525,0.21021750635351175
1.4379999999999524,0.21084314269088628
1.4389999999999523,0.21146983491676957
1.4399999999999522,0.2120975822067407
1.440999999999952,0.2127263837273528
1.441999999999952,0.21335623863612777
1.4429999999999519,0.2139871460815506
1.4439999999999518,0.21461910520306351
1.4449999999999517,0.2152521151310594
1.4459999999999515,0.21588617498687704
1.4469999999999514,0.21652128388279612
1.4479999999999513,0.21715744092202965
1.4489999999999512,0.21779464519872166
1.449999999999951,0.21843289579793876
1.450999999999951,0.219072191795668
1.4519999999999509,0.21971253225880888
1.4529999999999508,0.22035391624517073
1.4539999999999507,0.2209963428034664
1.4549999999999506,0.22163981097330826
1.4559999999999504,0.222284319785203
1.4569999999999503,0.22292986826054675
1.4579999999999502,0.2235764554116213
1.4589999999999501,0.22422408024158985
1.45999999999995,0.22487274174449043
1.46099999999995,0.2255224389052351
1.4619999999999498,0.2261731706996029
1.4629999999999497,0.22682493609423718
1.4639999999999496,0.22747773404664112
1.4649999999999495,0.2281315635051742
1.4659999999999493,0.2287864234090476
1.4669999999999492,0.22944231268832227
1.4679999999999491,0.23009923026390258
1.468999999999949,0.23075717504753557
1.469999999999949,0.2314161459418054
1.4709999999999488,0.23207614184013142
1.4719999999999487,0.2327371616267637
1.4729999999999486,0.23339920417678117
1.4739999999999485,0.23406226835608812
1.4749999999999484,0.23472635302140987
1.4759999999999482,0.23539145702029227
1.4769999999999481,0.2360575791910967
1.477999999999948,0.23672471836299896
1.478999999999948,0.2373928733559862
1.4799999999999478,0.2380620429808537
1.4809999999999477,0.23873222603920363
1.4819999999999476,0.23940342132344133
1.4829999999999475,0.24007562761677467
1.4839999999999474,0.24074884369321123
1.4849999999999473,0.24142306831755547
1.4859999999999471,0.24209830024540813
1.486999999999947,0.24277453822316308
1.487999999999947,0.24345178098800718
1.4889999999999468,0.24413002726791663
1.4899999999999467,0.24480927578165732
1.4909999999999466,0.24548952523878223
1.4919999999999465,0.24617077433962997
1.4929999999999464,0.2468530217753245
1.4939999999999463,0.24753626622777256
1.4949999999999461,0.24822050636966397
1.495999999999946,0.24890574086446948
1.496999999999946,0.24959196836644085
1.4979999999999458,0.25027918752060935
1.4989999999999457,0.2509673969627854
1.4999999999999456,0.2516565953195573
1.5009999999999455,0.25234678120829207
1.5019999999999454,0.25303795323713385
1.5029999999999453,0.25373011000500356
1.5039999999999452,0.2544232501016001
1.504999999999945,0.2551173721073979
1.505999999999945,0.2558124745936489
1.5069999999999448,0.2565085561223819
1.5079999999999447,0.2572056152464023
1.5089999999999446,0.2579036505092933
1.5099999999999445,0.25860266044541513
1.5109999999999444,0.25930264357990634
1.5119999999999443,0.2600035984286839
1.5129999999999442,0.2607055234984447
1.513999999999944,0.26140841728666414
1.514999999999944,0.26211227828159994
1.5159999999999438,0.2628171049622904
1.5169999999999437,0.26352289579855753
1.5179999999999436,0.26422964925100667
1.5189999999999435,0.2649373637710284
1.5199999999999434,0.2656460378007996
1.5209999999999433,0.26635566977328495
1.5219999999999432,0.267066258112239
1.522999999999943,0.2677778012322061
1.523999999999943,0.2684902975385254
1.5249999999999428,0.269203745427328
1.5259999999999427,0.26991814328554325
1.5269999999999426,0.27063348949089777
1.5279999999999425,0.2713497824119197
1.5289999999999424,0.27206702040793895
1.5299999999999423,0.272785201829091
1.5309999999999422,0.27350432501631816
1.531999999999942,0.2742243883013732
1.532999999999942,0.27494539000682133
1.5339999999999419,0.2756673284460424
1.5349999999999417,0.27639020192323466
1.5359999999999416,0.2771140087334169
1.5369999999999415,0.27783874716243206
1.5379999999999414,0.27856441548694943
1.5389999999999413,0.27929101197446904
1.5399999999999412,0.28001853488332346
1.540999999999941,0.28074698246268276
1.541999999999941,0.281476352952557
1.5429999999999409,0.2822066445837996
1.5439999999999408,0.2829378555781123
1.5449999999999406,0.2836699841480465
1.5459999999999405,0.2844030284970105
1.5469999999999404,0.2851369868192706
1.5479999999999403,0.285871857299956
1.5489999999999402,0.28660763811506446
1.54999999999994,0.2873443274314633
1.55099999999994,0.288081923406898
1.5519999999999399,0.28882042418999243
1.5529999999999398,0.2895598279202569
1.5539999999999397,0.29030013272809024
1.5549999999999395,0.2910413367347861
1.5559999999999394,0.29178343805253765
1.5569999999999393,0.2925264347844412
1.5579999999999392,0.29327032502450334
1.558999999999939,0.2940151068576445
1.559999999999939,0.2947607783597051
1.5609999999999389,0.2955073375974495
1.5619999999999388,0.2962547826285742
1.5629999999999387,0.29700311150171044
1.5639999999999386,0.29775232225643095
1.5649999999999384,0.29850241292325674
1.5659999999999383,0.29925338152366154
1.5669999999999382,0.3000052260700778
1.567999999999938,0.3007579445659038
1.568999999999938,0.3015115350055098
1.569999999999938,0.3022659953742418
1.5709999999999378,0.3030213236484314
1.5719999999999377,0.3037775177954
1.5729999999999376,0.3045345757734656
1.5739999999999374,0.3052924955319503
1.5749999999999373,0.30605127501118634
1.5759999999999372,0.30681091214252293
1.5769999999999371,0.3075714048483339
1.577999999999937,0.30833275104202323
1.578999999999937,0.3090949486280341
1.5799999999999368,0.30985799550185456
1.5809999999999367,0.31062188955002606
1.5819999999999366,0.3113866286501494
1.5829999999999365,0.3121522106708944
1.5839999999999363,0.31291863347200544
1.5849999999999362,0.31368589490431
1.5859999999999361,0.31445399280972686
1.586999999999936,0.3152229250212738
1.587999999999936,0.3159926893630757
1.5889999999999358,0.3167632836503716
1.5899999999999357,0.31753470568952463
1.5909999999999356,0.3183069532780298
1.5919999999999355,0.3190800242045211
1.5929999999999354,0.3198539162487821
1.5939999999999352,0.32062862718175317
1.5949999999999351,0.3214041547655403
1.595999999999935,0.32218049675342436
1.596999999999935,0.32295765088987016
1.5979999999999348,0.32373561491053543
1.5989999999999347,0.324514386542279
1.5999999999999346,0.3252939635031705
1.6009999999999345,0.3260743435025008
1.6019999999999344,0.3268555242407901
1.6029999999999343,0.32763750340979686
1.6039999999999341,0.3284202786925308
1.604999999999934,0.3292038477632572
1.605999999999934,0.3299882082875124
1.6069999999999338,0.3307733579221087
1.6079999999999337,0.33155929431514825
1.6089999999999336,0.3323460151060308
1.6099999999999335,0.33313351792546514
1.6109999999999334,0.333921800395479
1.6119999999999333,0.33471086012942824
1.6129999999999332,0.33550069473201044
1.613999999999933,0.3362913017992715
1.614999999999933,0.3370826789186197
1.6159999999999328,0.337874823668835
1.6169999999999327,0.3386677336200791
1.6179999999999326,0.3394614063339088
1.6189999999999325,0.3402558393632852
1.6199999999999324,0.34105103025258465
1.6209999999999323,0.3418469765376117
1.6219999999999322,0.34264367574560933
1.622999999999932,0.34344112539527016
1.623999999999932,0.3442393229967491
1.6249999999999318,0.3450382660516739
1.6259999999999317,0.3458379520531581
1.6269999999999316,0.3466383784858116
1.6279999999999315,0.3474395428257533
1.6289999999999314,0.3482414425406233
1.6299999999999313,0.34904407508959506
1.6309999999999312,0.34984743792338746
1.631999999999931,0.3506515284842769
1.632999999999931,0.3514563442061096
1.6339999999999308,0.35226188251431567
1.6349999999999307,0.35306814082591953
1.6359999999999306,0.35387511654955484
1.6369999999999305,0.35468280708547517
1.6379999999999304,0.35549120982556864
1.6389999999999303,0.35630032215337015
1.6399999999999302,0.35711014144407494
1.64099999999993,0.357920665064551
1.64199999999993,0.3587318903733538
1.6429999999999298,0.35954381472073804
1.6439999999999297,0.3603564354486725
1.6449999999999296,0.3611697498908527
1.6459999999999295,0.3619837553727161
1.6469999999999294,0.36279844921145227
1.6479999999999293,0.36361382871602277
1.6489999999999292,0.3644298911871696
1.649999999999929,0.36524663391743084
1.650999999999929,0.3660640541911577
1.6519999999999289,0.3668821492845243
1.6529999999999287,0.36770091646554576
1.6539999999999286,0.3685203529940896
1.6549999999999285,0.3693404561218939
1.6559999999999284,0.37016122309257776
1.6569999999999283,0.37098265114166
1.6579999999999282,0.37180473749657106
1.658999999999928,0.372627479376669
1.659999999999928,0.3734508739932563
1.6609999999999279,0.37427491854959105
1.6619999999999278,0.37509961024090555
1.6629999999999276,0.3759249462544213
1.6639999999999275,0.37675092376936253
1.6649999999999274,0.3775775399569727
1.6659999999999273,0.3784047919805315
1.6669999999999272,0.3792326769953683
1.667999999999927,0.38006119214887885
1.668999999999927,0.3808903345805415
1.6699999999999269,0.38172010142193363
1.6709999999999268,0.3825504897967456
1.6719999999999267,0.38338149682079936
1.6729999999999265,0.3842131196020634
1.6739999999999264,0.3850453552406699
1.6749999999999263,0.38587820082892926
1.6759999999999262,0.3867116534513496
1.676999999999926,0.3875457101846504
1.677999999999926,0.38838036809778215
1.6789999999999259,0.38921562425194084
1.6799999999999258,0.39005147570058524
1.6809999999999257,0.3908879194894556
1.6819999999999256,0.39172495265658824
1.6829999999999254,0.3925625722323345
1.6839999999999253,0.39340077523937766
1.6849999999999252,0.39423955869275007
1.6859999999999251,0.39507891959985086
1.686999999999925,0.39591885496046253
1.687999999999925,0.39675936176677085
1.6889999999999248,0.39760043700337905
1.6899999999999247,0.39844207764732953
1.6909999999999246,0.3992842806681194
1.6919999999999245,0.40012704302771857
1.6929999999999243,0.4009703616805892
1.6939999999999242,0.4018142335737022
1.6949999999999241,0.4026586556465565
1.695999999999924,0.40350362483119795
1.696999999999924,0.40434913805223577
1.6979999999999238,0.4051951922268635
1.6989999999999237,0.4060417842648758
1.6999999999999236,0.40688891106868846
1.7009999999999235,0.4077365695333564
1.7019999999999234,0.4085847565465925
1.7029999999999232,0.40943346898878763
1.7039999999999231,0.41028270373302755
1.704999999999923,0.4111324576451159
1.705999999999923,0.4119827275835886
1.7069999999999228,0.41283351039973765
1.7079999999999227,0.41368480293762744
1.7089999999999226,0.41453660203411585
1.7099999999999225,0.41538890451887384
1.7109999999999224,0.41624170721440334
1.7119999999999223,0.4170950069360603
1.7129999999999221,0.41794880049207145
1.713999999999922,0.4188030846835564
1.714999999999922,0.41965785630454594
1.7159999999999218,0.4205131121420035
1.7169999999999217,0.421368848975845
1.7179999999999216,0.42222506357895917
1.7189999999999215,0.4230817527172272
1.7199999999999214,0.4239389131495446
1.7209999999999213,0.42479654162784064
1.7219999999999211,0.4256546348971
1.722999999999921,0.4265131896953817
1.723999999999921,0.4273722027538422
1.7249999999999208,0.4282316707967548
1.7259999999999207,0.42909159054153184
1.7269999999999206,0.42995195869874325
1.7279999999999205,0.4308127719721409
1.7289999999999204,0.4316740270586784
1.7299999999999203,0.4325357206485321
1.7309999999999202,0.43339784942512255
1.73199999999992,0.4342604100651369
1.73299999999992,0.43512339923854954
1.7339999999999198,0.43598681360864355
1.7349999999999197,0.4368506498320349
1.7359999999999196,0.43771490455869
1.7369999999999195,0.43857957443195145
1.7379999999999194,0.43944465608855887
1.7389999999999193,0.4403101461586695
1.7399999999999192,0.44117604126588245
1.740999999999919,0.4420423380272596
1.741999999999919,0.44290903305334883
1.7429999999999188,0.44377612294820606
1.7439999999999187,0.4446436043094168
1.7449999999999186,0.4455114737281203
1.7459999999999185,0.4463797277890322
1.7469999999999184,0.44724836307046495
1.7479999999999183,0.4481173761443532
1.7489999999999182,0.44898676357627604
1.749999999999918,0.4498565219254788
1.750999999999918,0.4507266477448978
1.7519999999999178,0.45159713758118214
1.7529999999999177,0.4524679879747176
1.7539999999999176,0.45333919545964996
1.7549999999999175,0.4542107565639079
1.7559999999999174,0.4550826678092269
1.7569999999999173,0.45595492571117274
1.7579999999999172,0.45682752677916455
1.758999999999917,0.4577004675164994
1.759999999999917,0.4585737444203755
1.7609999999999169,0.4594473539819165
1.7619999999999167,0.4603212926861933
1.7629999999999166,0.46119555701225323
1.7639999999999165,0.4620701434331375
1.7649999999999164,0.4629450484159091
1.7659999999999163,0.46382026842167856
1.7669999999999162,0.4646957999056242
1.767999999999916,0.4655716393170189
1.768999999999916,0.4664477830992545
1.7699999999999159,0.46732422768986615
1.7709999999999158,0.4682009695205563
1.7719999999999156,0.4690780050172202
1.7729999999999155,0.4699553305999703
1.7739999999999154,0.4708329426831602
1.7749999999999153,0.47171083767541333
1.7759999999999152,0.4725890119796417
1.776999999999915,0.47346746199307554
1.777999999999915,0.4743461841072884
1.7789999999999149,0.47522517470822
1.7799999999999148,0.47610443017620224
1.7809999999999147,0.4769839468859873
1.7819999999999145,0.47786372120676796
1.7829999999999144,0.47874374950220816
1.7839999999999143,0.47962402813046523
1.7849999999999142,0.48050455344421644
1.785999999999914,0.48138532179068644
1.786999999999914,0.48226632951166987
1.7879999999999139,0.48314757294356
1.7889999999999138,0.48402904841737304
1.7899999999999137,0.4849107522587746
1.7909999999999136,0.48579268078810683
1.7919999999999134,0.48667483032041225
1.7929999999999133,0.4875571971654617
1.7939999999999132,0.4884397776277807
1.794999999999913,0.4893225680066752
1.795999999999913,0.4902055645962573
1.796999999999913,0.49108876368547405
1.7979999999999128,0.49197216155813106
1.7989999999999127,0.4928557544929216
1.7999999999999126,0.49373953876345184
1.8009999999999124,0.4946235106382682
1.8019999999999123,0.4955076663808841
1.8029999999999122,0.4963920022498074
1.8039999999999121,0.4972765144985652
1.804999999999912,0.4981611993757344
1.805999999999912,0.49904605312496597
1.8069999999999118,0.4999310719850129
1.8079999999999117,0.5008162521897577
1.8089999999999116,0.5017015899682409
1.8099999999999115,0.5025870815446836
1.8109999999999113,0.5034727231385232
1.8119999999999112,0.5043585109644322
1.8129999999999111,0.5052444412323521
1.813999999999911,0.506130510147517
1.814999999999911,0.5070167139104844
1.8159999999999108,0.5079030487171596
1.8169999999999107,0.5087895107588275
1.8179999999999106,0.5096760962221774
1.8189999999999105,0.5105628012893314
1.8199999999999104,0.5114496221378741
1.8209999999999102,0.5123365549408788
1.8219999999999101,0.5132235958669366
1.82299999999991,0.5141107410801836
1.82399999999991,0.5149979867403316
1.8249999999999098,0.5158853290026936
1.8259999999999097,0.5167727640182134
1.8269999999999096,0.517660287933494
1.8279999999999095,0.5185478968908263
1.8289999999999094,0.5194355870282182
1.8299999999999093,0.5203233544794208
1.8309999999999091,0.5212111953739607
1.831999999999909,0.5220991058371655
1.832999999999909,0.522987081990194
1.8339999999999088,0.5238751199500655
1.8349999999999087,0.5247632158296887
1.8359999999999086,0.5256513657378893
1.8369999999999085,0.5265395657794405
1.8379999999999084,0.5274278120550913
1.8389999999999083,0.528316100661596
1.8399999999999082,0.5292044276917436
1.840999999999908,0.5300927892343865
1.841999999999908,0.5309811813744701
1.8429999999999078,0.531869600193063
1.8439999999999077,0.5327580417673848
1.8449999999999076,0.5336465021708365
1.8459999999999075,0.5345349774730309
1.8469999999999074,0.5354234637398207
1.8479999999999073,0.5363119570333287
1.8489999999999072,0.5372004534119771
1.849999999999907,0.5380889489305196
1.850999999999907,0.5389774396400681
1.8519999999999068,0.539865921588123
1.8529999999999067,0.5407543908186068
1.8539999999999066,0.5416428433718885
1.8549999999999065,0.5425312752848176
1.8559999999999064,0.5434196825907542
1.8569999999999063,0.5443080613195962
1.8579999999999062,0.5451964074978116
1.858999999999906,0.5460847171484693
1.859999999999906,0.5469729862912677
1.8609999999999058,0.5478612109425665
1.8619999999999057,0.5487493871154163
1.8629999999999056,0.5496375108195887
1.8639999999999055,0.5505255780616082
1.8649999999999054,0.5514135848447814
1.8659999999999053,0.5523015271692285
1.8669999999999052,0.5531894010319128
1.867999999999905,0.5540772024266722
1.868999999999905,0.554964927344251
1.8699999999999048,0.5558525717723285
1.8709999999999047,0.5567401316955518
1.8719999999999046,0.557627603095564
1.8729999999999045,0.5585149819510382
1.8739999999999044,0.5594022642377086
1.8749999999999043,0.5602894459283977
1.8759999999999042,0.5611765229930513
1.876999999999904,0.5620634913987674
1.877999999999904,0.5629503471098285
1.8789999999999039,0.5638370860877323
1.8799999999999037,0.5647237042912231
1.8809999999999036,0.5656101976763234
1.8819999999999035,0.5664965621963651
1.8829999999999034,0.5673827938020194
1.8839999999999033,0.5682688884413301
1.8849999999999032,0.5691548420597458
1.885999999999903,0.5700406506001491
1.886999999999903,0.5709263100028892
1.8879999999999029,0.5718118162058131
1.8889999999999028,0.5726971651442987
1.8899999999999026,0.573582352751285
1.8909999999999025,0.5744673749573043
1.8919999999999024,0.5753522276905134
1.8929999999999023,0.576236906876727
1.8939999999999022,0.5771214084394473
1.894999999999902,0.5780057282998976
1.895999999999902,0.5788898623770544
1.8969999999999019,0.5797738065876784
1.8979999999999018,0.580657556846346
1.8989999999999017,0.5815411090654823
1.8999999999999015,0.5824244591553939
1.9009999999999014,0.5833076030243002
1.9019999999999013,0.584190536578364
1.9029999999999012,0.5850732557217269
1.903999999999901,0.5859557563565383
1.904999999999901,0.586838034382991
1.9059999999999009,0.587720085699351
1.9069999999999008,0.5886019062019889
1.9079999999999007,0.5894834917854166
1.9089999999999006,0.5903648383423158
1.9099999999999004,0.5912459417635718
1.9109999999999003,0.5921267979383045
1.9119999999999002,0.5930074027539058
1.9129999999999001,0.593887752096065
1.9139999999999,0.5947678418488075
1.9149999999999,0.5956476678945232
1.9159999999998998,0.5965272261140021
1.9169999999998997,0.5974065123864656
1.9179999999998996,0.5982855225895989
1.9189999999998995,0.5991642525995851
1.9199999999998993,0.6000426982911355
1.9209999999998992,0.6009208555375267
1.9219999999998991,0.601798720210628
1.922999999999899,0.6026762881809393
1.923999999999899,0.6035535553176201
1.9249999999998988,0.6044305174885237
1.9259999999998987,0.6053071705602338
1.9269999999998986,0.6061835103980898
1.9279999999998985,0.6070595328662277
1.9289999999998984,0.607935233827608
1.9299999999998982,0.6088106091440502
1.9309999999998981,0.6096856546762685
1.931999999999898,0.6105603662838985
1.932999999999898,0.6114347398255383
1.9339999999998978,0.6123087711587762
1.9349999999998977,0.6131824561402252
1.9359999999998976,0.6140557906255574
1.9369999999998975,0.6149287704695354
1.9379999999998974,0.6158013915260475
1.9389999999998973,0.6166736496481394
1.9399999999998971,0.6175455406880488
1.940999999999897,0.6184170604972379
1.941999999999897,0.6192882049264272
1.9429999999998968,0.6201589698256287
1.9439999999998967,0.62102935104418
1.9449999999998966,0.6218993444307745
1.9459999999998965,0.6227689458335014
1.9469999999998964,0.6236381510998723
1.9479999999998963,0.6245069560768596
1.9489999999998961,0.6253753566109265
1.949999999999896,0.6262433485480635
1.950999999999896,0.6271109277338202
1.9519999999998958,0.627978090013339
1.9529999999998957,0.6288448312313898
1.9539999999998956,0.6297111472324022
1.9549999999998955,0.6305770338605003
1.9559999999998954,0.6314424869595359
1.9569999999998953,0.6323075023731222
1.9579999999998952,0.6331720759446675
1.958999999999895,0.6340362035174087
1.959999999999895,0.6348998809344454
1.9609999999998948,0.6357631040387743
1.9619999999998947,0.6366258686733212
1.9629999999998946,0.6374881706809767
1.9639999999998945,0.6383500059046282
1.9649999999998944,0.6392113701871951
1.9659999999998943,0.6400722593716619
1.9669999999998942,0.6409326693011137
1.967999999999894,0.6417925958187666
1.968999999999894,0.6426520347680054
1.9699999999998938,0.6435109819924146
1.9709999999998937,0.6443694333358152
1.9719999999998936,0.6452273846422932
1.9729999999998935,0.6460848317562425
1.9739999999998934,0.6469417705223891
1.9749999999998933,0.6477981967858318
1.9759999999998932,0.6486541063920733
1.976999999999893,0.6495094951870546
1.977999999999893,0.650364359017189
1.9789999999998928,0.6512186937293978
1.9799999999998927,0.6520724951711399
1.9809999999998926,0.6529257591904518
1.9819999999998925,0.6537784816359761
1.9829999999998924,0.6546306583569997
1.9839999999998923,0.6554822852034843
1.9849999999998922,0.6563333580261044
1.985999999999892,0.6571838726762769
1.986999999999892,0.6580338250061992
1.9879999999998919,0.6588832108688804
1.9889999999998917,0.6597320261181764
1.9899999999998916,0.6605802666088259
1.9909999999998915,0.6614279281964812
1.9919999999998914,0.6622750067377434
1.9929999999998913,0.6631214980901978
1.9939999999998912,0.6639673981124462
1.994999999999891,0.6648127026641435
1.995999999999891,0.6656574076060288
1.9969999999998909,0.6665015087999607
1.9979999999998908,0.6673450021089533
1.9989999999998906,0.668187883397206
1.9999999999998905,0.669030148530143
2.0009999999998906,0.6698717933744432
2.0019999999998905,0.6707128137980763
2.0029999999998904,0.6715532056703367
2.0039999999998903,0.6723929648618759
2.00499999999989,0.6732320872447409
2.00599999999989,0.674070568692403
2.00699999999989,0.6749084050797952
2.00799999999989,0.6757455922833466
2.0089999999998898,0.6765821261810147
2.0099999999998897,0.6774180026523198
2.0109999999998895,0.6782532175783814
2.0119999999998894,0.6790877668419492
2.0129999999998893,0.6799216463274395
2.013999999999889,0.680754851920967
2.014999999999889,0.6815873795103833
2.015999999999889,0.6824192249853039
2.016999999999889,0.6832503842371513
2.0179999999998888,0.6840808531591805
2.0189999999998887,0.6849106276465188
2.0199999999998886,0.6857397035961961
2.0209999999998884,0.6865680769071848
2.0219999999998883,0.687395743480426
2.022999999999888,0.6882226992188686
2.023999999999888,0.6890489400275035
2.024999999999888,0.689874461813396
2.025999999999888,0.6906992604857194
2.026999999999888,0.6915233319557915
2.0279999999998877,0.6923466721371043
2.0289999999998876,0.6931692769453657
2.0299999999998875,0.6939911422985238
2.0309999999998873,0.6948122641168085
2.0319999999998872,0.6956326383227615
2.032999999999887,0.6964522608412729
2.033999999999887,0.6972711275996132
2.034999999999887,0.6980892345274679
2.035999999999887,0.6989065775569708
2.0369999999998867,0.6997231526227401
2.0379999999998866,0.70053895566191
2.0389999999998865,0.7013539826141659
2.0399999999998863,0.7021682294217779
2.0409999999998862,0.7029816920296333
2.041999999999886,0.7037943663852749
2.042999999999886,0.7046062484389297
2.043999999999886,0.7054173341435444
2.044999999999886,0.7062276194548229
2.0459999999998857,0.7070371003312531
2.0469999999998856,0.7078457727341474
2.0479999999998855,0.708653632627673
2.0489999999998854,0.7094606759788864
2.0499999999998852,0.7102668987577666
2.050999999999885,0.71107229693725
2.051999999999885,0.7118768664932635
2.052999999999885,0.7126806034047599
2.053999999999885,0.7134835036537467
2.0549999999998847,0.7142855632253258
2.0559999999998846,0.7150867781077227
2.0569999999998845,0.7158871442923236
2.0579999999998844,0.7166866577737054
2.0589999999998843,0.7174853145496737
2.059999999999884,0.7182831106212912
2.060999999999884,0.7190800419929155
2.061999999999884,0.7198761046722304
2.062999999999884,0.7206712946702811
2.0639999999998837,0.721465608001506
2.0649999999998836,0.7222590406837711
2.0659999999998835,0.7230515887384031
2.0669999999998834,0.7238432481902235
2.0679999999998833,0.7246340150675799
2.068999999999883,0.7254238854023844
2.069999999999883,0.7262128552301395
2.070999999999883,0.7270009205899786
2.071999999999883,0.7277880775246935
2.0729999999998827,0.7285743220807733
2.0739999999998826,0.7293596503084329
2.0749999999998825,0.7301440582616496
2.0759999999998824,0.7309275419981922
2.0769999999998823,0.73171009757966
2.077999999999882,0.73249172107151
2.078999999999882,0.7332724085430947
2.079999999999882,0.7340521560676927
2.080999999999882,0.734830959722543
2.0819999999998817,0.7356088155888749
2.0829999999998816,0.7363857197519481
2.0839999999998815,0.7371616683010769
2.0849999999998814,0.7379366573296701
2.0859999999998813,0.7387106829352588
2.086999999999881,0.7394837412195353
2.087999999999881,0.7402558282883794
2.088999999999881,0.7410269402518956
2.089999999999881,0.7417970732244439
2.0909999999998807,0.7425662233246739
2.0919999999998806,0.7433343866755576
2.0929999999998805,0.7441015594044204
2.0939999999998804,0.7448677376429745
2.0949999999998803,0.745632917527352
2.09599999999988,0.7463970951981398
2.09699999999988,0.7471602668004075
2.09799999999988,0.7479224284837415
2.09899999999988,0.7486835764022808
2.0999999999998797,0.7494437067147444
2.1009999999998796,0.7502028155844691
2.1019999999998795,0.750960899179436
2.1029999999998794,0.75171795367231
2.1039999999998793,0.7524739752404631
2.104999999999879,0.7532289600660165
2.105999999999879,0.7539829043358649
2.106999999999879,0.7547358042417142
2.107999999999879,0.7554876559801087
2.1089999999998787,0.7562384557524696
2.1099999999998786,0.7569881997651203
2.1109999999998785,0.7577368842293235
2.1119999999998784,0.7584845053613115
2.1129999999998783,0.7592310593823167
2.113999999999878,0.759976542518606
2.114999999999878,0.7607209510015133
2.115999999999878,0.761464281067466
2.116999999999878,0.762206528958024
2.1179999999998778,0.762947690919907
2.1189999999998776,0.763687763205027
2.1199999999998775,0.7644267420705215
2.1209999999998774,0.7651646237787828
2.1219999999998773,0.7659014045974919
2.122999999999877,0.7666370807996498
2.123999999999877,0.7673716486636065
2.124999999999877,0.7681051044730944
2.125999999999877,0.7688374445172625
2.1269999999998768,0.7695686650907022
2.1279999999998767,0.7702987624934824
2.1289999999998765,0.7710277330311812
2.1299999999998764,0.7717555730149142
2.1309999999998763,0.7724822787613677
2.131999999999876,0.7732078465928305
2.132999999999876,0.7739322728372238
2.133999999999876,0.7746555538281327
2.134999999999876,0.7753776859048377
2.1359999999998758,0.7760986654123446
2.1369999999998757,0.7768184887014146
2.1379999999998756,0.777537152128601
2.1389999999998754,0.7782546520562724
2.1399999999998753,0.7789709848526473
2.1409999999998752,0.7796861468918249
2.141999999999875,0.780400134553816
2.142999999999875,0.7811129442245712
2.143999999999875,0.7818245722960164
2.144999999999875,0.7825350151660758
2.1459999999998747,0.7832442692387118
2.1469999999998746,0.7839523309239468
2.1479999999998745,0.7846591966378995
2.1489999999998743,0.7853648628028127
2.1499999999998742,0.7860693258470828
2.150999999999874,0.7867725822052936
2.151999999999874,0.7874746283182424
2.152999999999874,0.7881754606329718
2.153999999999874,0.7888750756028021
2.1549999999998737,0.7895734696873566
2.1559999999998736,0.7902706393525953
2.1569999999998735,0.7909665810708434
2.1579999999998734,0.7916612913208229
2.1589999999998732,0.7923547665876776
2.159999999999873,0.7930470033630118
2.160999999999873,0.7937379981449084
2.161999999999873,0.7944277474379684
2.162999999999873,0.7951162477533353
2.1639999999998727,0.7958034956087271
2.1649999999998726,0.796489487528463
2.1659999999998725,0.797174220043497
2.1669999999998724,0.7978576896914436
2.1679999999998723,0.798539893016607
2.168999999999872,0.7992208265700141
2.169999999999872,0.7999004869094403
2.170999999999872,0.8005788705994396
2.171999999999872,0.801255974211373
2.1729999999998717,0.8019317943234401
2.1739999999998716,0.802606327520704
2.1749999999998715,0.8032795703951257
2.1759999999998714,0.8039515195455844
2.1769999999998713,0.804622171577917
2.177999999999871,0.8052915231049381
2.178999999999871,0.8059595707464724
2.179999999999871,0.8066263111293838
2.180999999999871,0.8072917408876015
2.1819999999998707,0.8079558566621516
2.1829999999998706,0.808618655101182
2.1839999999998705,0.8092801328599936
2.1849999999998704,0.8099402866010669
2.1859999999998703,0.8105991129940919
2.18699999999987,0.8112566087159938
2.18799999999987,0.8119127704509633
2.18899999999987,0.8125675948904832
2.18999999999987,0.8132210787333577
2.1909999999998697,0.8138732186857393
2.1919999999998696,0.8145240114611563
2.1929999999998695,0.8151734537805417
2.1939999999998694,0.8158215423722602
2.1949999999998693,0.8164682739721354
2.195999999999869,0.8171136453234786
2.196999999999869,0.8177576531771159
2.197999999999869,0.8184002942914139
2.198999999999869,0.8190415654323104
2.1999999999998687,0.8196814633733374
2.2009999999998686,0.8203199848956526
2.2019999999998685,0.8209571267880649
2.2029999999998684,0.8215928858470587
2.2039999999998683,0.822227258876827
2.204999999999868,0.8228602426892927
2.205999999999868,0.8234918341041357
2.206999999999868,0.8241220299488262
2.207999999999868,0.8247508270586432
2.2089999999998677,0.8253782222767067
2.2099999999998676,0.8260042124540007
2.2109999999998675,0.8266287944494025
2.2119999999998674,0.8272519651297092
2.2129999999998673,0.8278737213696595
2.213999999999867,0.8284940600519671
2.214999999999867,0.8291129780673414
2.215999999999867,0.8297304723145152
2.216999999999867,0.8303465397002731
2.2179999999998667,0.8309611771394732
2.2189999999998666,0.8315743815550776
2.2199999999998665,0.8321861498781742
2.2209999999998664,0.8327964790480047
2.2219999999998663,0.8334053660119919
2.222999999999866,0.8340128077257616
2.223999999999866,0.8346188011531694
2.224999999999866,0.8352233432663292
2.225999999999866,0.8358264310456329
2.2269999999998658,0.8364280614797831
2.2279999999998656,0.8370282315658111
2.2289999999998655,0.8376269383091066
2.2299999999998654,0.8382241787234422
2.2309999999998653,0.8388199498309963
2.231999999999865,0.8394142486623805
2.232999999999865,0.8400070722566635
2.233999999999865,0.8405984176613961
2.234999999999865,0.8411882819326344
2.2359999999998648,0.8417766621349685
2.2369999999998647,0.8423635553415423
2.2379999999998645,0.8429489586340789
2.2389999999998644,0.8435328691029106
2.2399999999998643,0.844115283846995
2.240999999999864,0.8446961999739437
2.241999999999864,0.8452756146000481
2.242999999999864,0.8458535248502989
2.243999999999864,0.8464299278584126
2.2449999999998638,0.8470048207668568
2.2459999999998637,0.8475782007268717
2.2469999999998636,0.848150064898495
2.2479999999998634,0.8487204104505848
2.2489999999998633,0.8492892345608446
2.249999999999863,0.8498565344158461
2.250999999999863,0.8504223072110504
2.251999999999863,0.8509865501508366
2.252999999999863,0.8515492604485209
2.253999999999863,0.8521104353263784
2.2549999999998627,0.852670072015673
2.2559999999998626,0.8532281677566732
2.2569999999998624,0.8537847197986774
2.2579999999998623,0.8543397254000409
2.2589999999998622,0.8548931818281919
2.259999999999862,0.8554450863596585
2.260999999999862,0.8559954362800898
2.261999999999862,0.856544228884279
2.262999999999862,0.8570914614761868
2.2639999999998617,0.8576371313689608
2.2649999999998616,0.8581812358849615
2.2659999999998615,0.8587237723557812
2.2669999999998613,0.8592647381222683
2.2679999999998612,0.8598041305345469
2.268999999999861,0.8603419469520436
2.269999999999861,0.8608781847435025
2.270999999999861,0.8614128412870126
2.271999999999861,0.8619459139700273
2.2729999999998607,0.8624774001893855
2.2739999999998606,0.8630072973513341
2.2749999999998605,0.8635356028715477
2.2759999999998604,0.8640623141751534
2.2769999999998602,0.8645874286967482
2.27799999999986,0.8651109438804219
2.27899999999986,0.8656328571797778
2.27999999999986,0.8661531660579551
2.28099999999986,0.866671867987647
2.2819999999998597,0.8671889604511233
2.2829999999998596,0.8677044409402523
2.2839999999998595,0.8682183069565171
2.2849999999998594,0.8687305560110409
2.2859999999998593,0.8692411856246054
2.286999999999859,0.8697501933276698
2.287999999999859,0.8702575766603932
2.288999999999859,0.8707633331726541
2.289999999999859,0.8712674604240699
2.2909999999998587,0.871769955984017
2.2919999999998586,0.8722708174316515
2.2929999999998585,0.8727700423559273
2.2939999999998584,0.8732676283556177
2.2949999999998583,0.8737635730393347
2.295999999999858,0.8742578740255466
2.296999999999858,0.8747505289425996
2.297999999999858,0.8752415354287354
2.298999999999858,0.8757308911321122
2.2999999999998577,0.8762185937108223
2.3009999999998576,0.8767046408329121
2.3019999999998575,0.8771890301764015
2.3029999999998574,0.8776717594292992
2.3039999999998573,0.8781528262896275
2.304999999999857,0.878632228465435
2.305999999999857,0.8791099636748189
2.306999999999857,0.8795860296459433
2.307999999999857,0.8800604241170559
2.3089999999998567,0.8805331448365054
2.3099999999998566,0.8810041895627634
2.3109999999998565,0.88147355606444
2.3119999999998564,0.881941242120301
2.3129999999998563,0.882407245519289
2.313999999999856,0.8828715640605371
2.314999999999856,0.8833341955533901
2.315999999999856,0.8837951378174196
2.316999999999856,0.8842543886824432
2.3179999999998557,0.884711945988542
2.3189999999998556,0.8851678075860762
2.3199999999998555,0.8856219713357026
2.3209999999998554,0.8860744351083942
2.3219999999998553,0.8865251967854552
2.322999999999855,0.8869742542585374
2.323999999999855,0.8874216054296571
2.324999999999855,0.8878672482112149
2.325999999999855,0.8883111805260083
2.3269999999998547,0.8887534003072491
2.3279999999998546,0.8891939054985839
2.3289999999998545,0.889632694054104
2.3299999999998544,0.8900697639383659
2.3309999999998543,0.8905051131264063
2.331999999999854,0.8909387396037588
2.332999999999854,0.891370641366468
2.333999999999854,0.8918008164211082
2.334999999999854,0.8922292627847959
2.3359999999998537,0.8926559784852076
2.3369999999998536,0.8930809615605949
2.3379999999998535,0.8935042100598009
2.3389999999998534,0.8939257220422714
2.3399999999998533,0.8943454955780765
2.340999999999853,0.8947635287479212
2.341999999999853,0.8951798196431607
2.342999999999853,0.895594366365817
2.343999999999853,0.8960071670285935
2.3449999999998528,0.8964182197548894
2.3459999999998526,0.8968275226788125
2.3469999999998525,0.8972350739451971
2.3479999999998524,0.8976408717096163
2.3489999999998523,0.8980449141383957
2.349999999999852,0.8984471994086303
2.350999999999852,0.8988477257081958
2.351999999999852,0.8992464912357646
2.352999999999852,0.8996434942008193
2.3539999999998518,0.9000387328236634
2.3549999999998517,0.9004322053354411
2.3559999999998515,0.900823909978146
2.3569999999998514,0.901213845004635
2.3579999999998513,0.9016020086786459
2.358999999999851,0.9019883992748043
2.359999999999851,0.9023730150786431
2.360999999999851,0.9027558543866093
2.361999999999851,0.9031369155060835
2.3629999999998508,0.9035161967553881
2.3639999999998507,0.9038936964638002
2.3649999999998506,0.9042694129715689
2.3659999999998504,0.904643344629922
2.3669999999998503,0.9050154898010805
2.3679999999998502,0.905385846858275
2.36899999999985,0.9057544141857495
2.36999999999985,0.9061211901787833
2.37099999999985,0.9064861732436957
2.37199999999985,0.9068493617978598
2.3729999999998497,0.9072107542697173
2.3739999999998496,0.9075703490987859
2.3749999999998495,0.9079281447356735
2.3759999999998493,0.908284139642091
2.3769999999998492,0.9086383322908587
2.377999999999849,0.9089907211659233
2.378999999999849,0.9093413047623649
2.379999999999849,0.9096900815864117
2.380999999999849,0.9100370501554456
2.3819999999998487,0.9103822089980224
2.3829999999998486,0.9107255566538704
2.3839999999998485,0.9110670916739111
2.3849999999998484,0.9114068126202656
2.3859999999998482,0.911744718066264
2.386999999999848,0.9120808065964585
2.387999999999848,0.9124150768066328
2.388999999999848,0.9127475273038107
2.389999999999848,0.9130781567062681
2.3909999999998477,0.9134069636435405
2.3919999999998476,0.9137339467564373
2.3929999999998475,0.9140591046970473
2.3939999999998474,0.9143824361287463
2.3949999999998473,0.9147039397262151
2.395999999999847,0.9150236141754405
2.396999999999847,0.9153414581737285
2.397999999999847,0.9156574704297137
2.398999999999847,0.9159716496633651
2.3999999999998467,0.9162839946060003
2.4009999999998466,0.9165945040002877
2.4019999999998465,0.9169031766002629
2.4029999999998464,0.9172100111713297
2.4039999999998463,0.9175150064902745
2.404999999999846,0.9178181613452723
2.405999999999846,0.9181194745358942
2.406999999999846,0.9184189448731174
2.407999999999846,0.9187165711793319
2.4089999999998457,0.919012352288349
2.4099999999998456,0.9193062870454097
2.4109999999998455,0.9195983743071925
2.4119999999998454,0.919888612941818
2.4129999999998453,0.9201770018288619
2.413999999999845,0.920463539859358
2.414999999999845,0.9207482259358075
2.415999999999845,0.9210310589721842
2.416999999999845,0.9213120378939457
2.4179999999998447,0.921591161638036
2.4189999999998446,0.921868429152895
2.4199999999998445,0.922143839398463
2.4209999999998444,0.9224173913461928
2.4219999999998443,0.922689083979046
2.422999999999844,0.922958916291512
2.423999999999844,0.9232268872896048
2.424999999999844,0.9234929959908733
2.425999999999844,0.9237572414244063
2.4269999999998437,0.92401962263084
2.4279999999998436,0.9242801386623606
2.4289999999998435,0.9245387885827154
2.4299999999998434,0.9247955714672126
2.4309999999998433,0.9250504864027307
2.431999999999843,0.9253035324877235
2.432999999999843,0.9255547088322233
2.433999999999843,0.9258040145578496
2.434999999999843,0.9260514487978113
2.4359999999998427,0.9262970106969117
2.4369999999998426,0.9265406994115583
2.4379999999998425,0.9267825141097581
2.4389999999998424,0.9270224539711331
2.4399999999998423,0.9272605181869168
2.440999999999842,0.9274967059599625
2.441999999999842,0.9277310165047478
2.442999999999842,0.9279634490473756
2.443999999999842,0.9281940028255826
2.4449999999998417,0.9284226770887398
2.4459999999998416,0.9286494710978592
2.4469999999998415,0.9288743841255952
2.4479999999998414,0.9290974154562502
2.4489999999998413,0.929318564385776
2.449999999999841,0.9295378302217805
2.450999999999841,0.9297552122835275
2.451999999999841,0.9299707099019424
2.452999999999841,0.9301843224196156
2.4539999999998408,0.9303960491908024
2.4549999999998406,0.930605889581431
2.4559999999998405,0.9308138429690987
2.4569999999998404,0.9310199087430812
2.4579999999998403,0.9312240863043321
2.45899999999984,0.9314263750654856
2.45999999999984,0.9316267744508567
2.46099999999984,0.9318252838964487
2.46199999999984,0.9320219028499497
2.4629999999998398,0.9322166307707392
2.4639999999998397,0.9324094671298875
2.4649999999998395,0.9326004114101584
2.4659999999998394,0.9327894631060089
2.4669999999998393,0.9329766217235945
2.467999999999839,0.9331618867807695
2.468999999999839,0.9333452578070849
2.469999999999839,0.9335267343437942
2.470999999999839,0.9337063159438521
2.4719999999998388,0.9338840021719174
2.4729999999998387,0.93405979260435
2.4739999999998386,0.9342336868292191
2.4749999999998384,0.934405684446294
2.4759999999998383,0.9345757850670539
2.476999999999838,0.9347439883146826
2.477999999999838,0.9349102938240722
2.478999999999838,0.9350747012418215
2.479999999999838,0.935237210226235
2.480999999999838,0.9353978204473276
2.4819999999998377,0.9355565315868186
2.4829999999998376,0.9357133433381369
2.4839999999998374,0.9358682554064184
2.4849999999998373,0.936021267508502
2.4859999999998372,0.9361723793729371
2.486999999999837,0.9363215907399761
2.487999999999837,0.9364689013615778
2.488999999999837,0.9366143110014027
2.489999999999837,0.9367578194348166
2.4909999999998367,0.9368994264488859
2.4919999999998366,0.9370391318423789
2.4929999999998365,0.9371769354257611
2.4939999999998363,0.9373128370211998
2.4949999999998362,0.9374468364625562
2.495999999999836,0.9375789335953874
2.496999999999836,0.9377091282769441
2.497999999999836,0.9378374203761697
2.498999999999836,0.9379638097736951
2.4999999999998357,0.9380882963618404
2.5009999999998356,0.938210880044611
2.5019999999998355,0.9383315607376953
2.5029999999998354,0.9384503383684636
2.5039999999998352,0.9385672128759621
2.504999999999835,0.9386821842109161
2.505999999999835,0.9387952523357231
2.506999999999835,0.9389064172244501
2.507999999999835,0.9390156788628312
2.5089999999998347,0.9391230372482672
2.5099999999998346,0.9392284923898194
2.5109999999998345,0.9393320443082065
2.5119999999998344,0.9394336930358026
2.5129999999998343,0.9395334386166321
2.513999999999834,0.9396312811063707
2.514999999999834,0.9397272205723328
2.515999999999834,0.9398212570934789
2.516999999999834,0.9399133907604019
2.5179999999998337,0.940003621675329
2.5189999999998336,0.9400919499521156
2.5199999999998335,0.940178375716241
2.5209999999998334,0.9402628991048048
2.5219999999998333,0.9403455202665226
2.522999999999833,0.9404262393617191
2.523999999999833,0.9405050565623281
2.524999999999833,0.9405819720518812
2.525999999999833,0.940656986025512
2.5269999999998327,0.94073009868994
2.5279999999998326,0.9408013102634761
2.5289999999998325,0.9408706209760104
2.5299999999998324,0.9409380310690092
2.5309999999998323,0.9410035407955106
2.531999999999832,0.9410671504201172
2.532999999999832,0.941128860218993
2.533999999999832,0.9411886704798537
2.534999999999832,0.9412465815019639
2.5359999999998317,0.9413025935961321
2.5369999999998316,0.9413567070847014
2.5379999999998315,0.941408922301546
2.5389999999998314,0.9414592395920626
2.5399999999998313,0.9415076593131663
2.540999999999831,0.941554181833284
2.541999999999831,0.9415988075323458
2.542999999999831,0.9416415368017798
2.543999999999831,0.9416823700445067
2.5449999999998307,0.94172130767493
2.5459999999998306,0.9417583501189297
2.5469999999998305,0.9417934978138568
2.5479999999998304,0.9418267512085262
2.5489999999998303,0.9418581107632062
2.54999999999983,0.9418875769496146
2.55099999999983,0.94191515025091
2.55199999999983,0.9419408311616827
2.55299999999983,0.9419646201879504
2.5539999999998297,0.941986517847146
2.5549999999998296,0.9420065246681139
2.5559999999998295,0.9420246411910981
2.5569999999998294,0.9420408679677372
2.5579999999998293,0.9420552055610552
2.558999999999829,0.9420676545454512
2.559999999999829,0.9420782155066948
2.560999999999829,0.942086889041913
2.561999999999829,0.9420936757595846
2.5629999999998287,0.9420985762795321
2.5639999999998286,0.9421015912329093
2.5649999999998285,0.9421027212621963
2.5659999999998284,0.9421019670211866
2.5669999999998283,0.942099329174981
2.567999999999828,0.9420948083999774
2.568999999999828,0.94208840538386
2.569999999999828,0.9420801208255924
2.570999999999828,0.9420699554354053
2.5719999999998278,0.9420579099347892
2.5729999999998276,0.9420439850564816
2.5739999999998275,0.9420281815444617
2.5749999999998274,0.9420105001539352
2.5759999999998273,0.9419909416513272
2.576999999999827,0.9419695068142734
2.577999999999827,0.9419461964316047
2.578999999999827,0.9419210113033419
2.579999999999827,0.9418939522406826
2.5809999999998268,0.9418650200659912
2.5819999999998267,0.9418342156127882
2.5829999999998265,0.9418015397257392
2.5839999999998264,0.9417669932606441
2.5849999999998263,0.9417305770844266
2.585999999999826,0.9416922920751214
2.586999999999826,0.9416521391218658
2.587999999999826,0.9416101191248842
2.588999999999826,0.9415662329954828
2.5899999999998258,0.9415204816560303
2.5909999999998257,0.9414728660399536
2.5919999999998256,0.941423387091721
2.5929999999998254,0.9413720457668344
2.5939999999998253,0.9413188430318132
2.5949999999998252,0.9412637798641843
2.595999999999825,0.9412068572524723
2.596999999999825,0.9411480761961821
2.597999999999825,0.9410874377057922
2.598999999999825,0.9410249428027374
2.5999999999998247,0.9409605925193985
2.6009999999998246,0.9408943878990929
2.6019999999998245,0.9408263299960543
2.6029999999998243,0.9407564198754264
2.6039999999998242,0.9406846586132481
2.604999999999824,0.9406110472964402
2.605999999999824,0.9405355870227899
2.606999999999824,0.9404582789009428
2.607999999999824,0.9403791240503865
2.6089999999998237,0.940298123601436
2.6099999999998236,0.9402152786952245
2.6109999999998235,0.9401305904836834
2.6119999999998234,0.9400440601295338
2.6129999999998232,0.9399556888062737
2.613999999999823,0.9398654776981571
2.614999999999823,0.9397734280001893
2.615999999999823,0.9396795409181031
2.616999999999823,0.939583817668355
2.6179999999998227,0.9394862594781008
2.6189999999998226,0.9393868675851891
2.6199999999998225,0.9392856432381429
2.6209999999998224,0.9391825876961458
2.6219999999998223,0.9390777022290274
2.622999999999822,0.9389709881172489
2.623999999999822,0.9388624466518871
2.624999999999822,0.9387520791346233
2.625999999999822,0.9386398868777234
2.6269999999998217,0.9385258712040244
2.6279999999998216,0.9384100334469209
2.6289999999998215,0.9382923749503472
2.6299999999998214,0.9381728970687653
2.6309999999998213,0.9380516011671463
2.631999999999821,0.9379284886209552
2.632999999999821,0.9378035608161372
2.633999999999821,0.9376768191491003
2.634999999999821,0.9375482650267009
2.6359999999998207,0.9374178998662247
2.6369999999998206,0.9372857250953759
2.6379999999998205,0.937151742152255
2.6389999999998204,0.9370159524853475
2.6399999999998203,0.9368783575535059
2.64099999999982,0.9367389588259314
2.64199999999982,0.9365977577821625
2.64299999999982,0.9364547559120513
2.64399999999982,0.9363099547157537
2.6449999999998197,0.9361633557037079
2.6459999999998196,0.9360149603966201
2.6469999999998195,0.9358647703254475
2.6479999999998194,0.9357127870313787
2.6489999999998193,0.93555901206582
2.649999999999819,0.9354034469903767
2.650999999999819,0.935246093376834
2.651999999999819,0.9350869528071443
2.652999999999819,0.934926026873406
2.6539999999998187,0.934763317177845
2.6549999999998186,0.9345988253328008
2.6559999999998185,0.9344325529607074
2.6569999999998184,0.9342645016940735
2.6579999999998183,0.934094673175466
2.658999999999818,0.933923069057495
2.659999999999818,0.9337496910027897
2.660999999999818,0.9335745406839845
2.661999999999818,0.9333976197837014
2.6629999999998177,0.9332189299945277
2.6639999999998176,0.9330384730190014
2.6649999999998175,0.9328562505695909
2.6659999999998174,0.9326722643686749
2.6669999999998173,0.932486516148531
2.667999999999817,0.9322990076513052
2.668999999999817,0.9321097406290038
2.669999999999817,0.931918716843468
2.670999999999817,0.9317259380663586
2.6719999999998167,0.9315314060791338
2.6729999999998166,0.931335122673033
2.6739999999998165,0.931137089649056
2.6749999999998164,0.9309373088179433
2.6759999999998163,0.9307357820001574
2.676999999999816,0.9305325110258644
2.677999999999816,0.930327497734912
2.678999999999816,0.9301207439768103
2.679999999999816,0.9299122516107153
2.6809999999998158,0.9297020225054057
2.6819999999998156,0.9294900585392631
2.6829999999998155,0.9292763616002533
2.6839999999998154,0.9290609335859066
2.6849999999998153,0.9288437764032961
2.685999999999815,0.9286248919690191
2.686999999999815,0.9284042822091744
2.687999999999815,0.928181949059346
2.688999999999815,0.9279578944645785
2.6899999999998148,0.9277321203793583
2.6909999999998147,0.9275046287675941
2.6919999999998145,0.9272754216025939
2.6929999999998144,0.9270445008670468
2.6939999999998143,0.9268118685529986
2.694999999999814,0.9265775266618365
2.695999999999814,0.92634147720426
2.696999999999814,0.926103722200269
2.697999999999814,0.9258642636791369
2.6989999999998138,0.9256231036793887
2.6999999999998137,0.9253802442487832
2.7009999999998136,0.9251356874442909
2.7019999999998134,0.9248894353320707
2.7029999999998133,0.9246414899874489
2.703999999999813,0.9243918534948998
2.704999999999813,0.92414052794802
2.705999999999813,0.9238875154495121
2.706999999999813,0.9236328181111563
2.707999999999813,0.9233764380537938
2.7089999999998127,0.9231183774073053
2.7099999999998126,0.9228586383105815
2.7109999999998124,0.9225972229115106
2.7119999999998123,0.922334133366949
2.7129999999998122,0.9220693718427037
2.713999999999812,0.9218029405135064
2.714999999999812,0.9215348415629935
2.715999999999812,0.9212650771836828
2.716999999999812,0.9209936495769505
2.7179999999998117,0.9207205609530086
2.7189999999998116,0.9204458135308852
2.7199999999998115,0.9201694095383961
2.7209999999998113,0.9198913512121261
2.7219999999998112,0.919611640797406
2.722999999999811,0.9193302805482874
2.723999999999811,0.9190472727275218
2.724999999999811,0.9187626196065358
2.725999999999811,0.9184763234654107
2.7269999999998107,0.9181883865928546
2.7279999999998106,0.9178988112861841
2.7289999999998105,0.9176075998512973
2.7299999999998104,0.9173147546026523
2.7309999999998102,0.917020277863242
2.73199999999981,0.9167241719645738
2.73299999999981,0.9164264392466424
2.73399999999981,0.9161270820579076
2.73499999999981,0.9158261027552693
2.7359999999998097,0.915523503704046
2.7369999999998096,0.9152192872779503
2.7379999999998095,0.914913455859062
2.7389999999998094,0.9146060118378081
2.7399999999998093,0.9142969576129358
2.740999999999809,0.9139862955914907
2.741999999999809,0.91367402818879
2.742999999999809,0.9133601578283999
2.743999999999809,0.9130446869421118
2.7449999999998087,0.9127276179699141
2.7459999999998086,0.9124089533599735
2.7469999999998085,0.9120886955686075
2.7479999999998084,0.9117668470602562
2.7489999999998083,0.9114434103074658
2.749999999999808,0.911118387790855
2.750999999999808,0.9107917819990983
2.751999999999808,0.9104635954288949
2.752999999999808,0.9101338305849455
2.7539999999998077,0.9098024899799306
2.7549999999998076,0.9094695761344807
2.7559999999998075,0.909135091577155
2.7569999999998074,0.9087990388444136
2.7579999999998073,0.9084614204805918
2.758999999999807,0.9081222390378798
2.759999999999807,0.9077814970762912
2.760999999999807,0.9074391971636425
2.761999999999807,0.9070953418755217
2.7629999999998067,0.9067499337952707
2.7639999999998066,0.906402975513953
2.7649999999998065,0.9060544696303306
2.7659999999998064,0.9057044187508412
2.7669999999998063,0.9053528254895661
2.767999999999806,0.9049996924682102
2.768999999999806,0.9046450223160726
2.769999999999806,0.9042888176700233
2.770999999999806,0.9039310811744752
2.7719999999998057,0.9035718154813581
2.7729999999998056,0.903211023250095
2.7739999999998055,0.9028487071475728
2.7749999999998054,0.9024848698481184
2.7759999999998053,0.9021195140334735
2.776999999999805,0.9017526423927633
2.777999999999805,0.9013842576224753
2.778999999999805,0.9010143624264305
2.779999999999805,0.9006429595157589
2.7809999999998047,0.9002700516088693
2.7819999999998046,0.8998956414314281
2.7829999999998045,0.8995197317163259
2.7839999999998044,0.8991423252036588
2.7849999999998043,0.8987634246406943
2.785999999999804,0.8983830327818504
2.786999999999804,0.8980011523886638
2.787999999999804,0.8976177862297676
2.788999999999804,0.8972329370808604
2.7899999999998037,0.8968466077246834
2.7909999999998036,0.8964588009509894
2.7919999999998035,0.8960695195565208
2.7929999999998034,0.8956787663449741
2.7939999999998033,0.8952865441269828
2.794999999999803,0.894892855720083
2.795999999999803,0.8944977039486902
2.796999999999803,0.8941010916440691
2.797999999999803,0.893703021644308
2.7989999999998028,0.8933034967942922
2.7999999999998026,0.8929025199456743
2.8009999999998025,0.8925000939568478
2.8019999999998024,0.8920962216929207
2.8029999999998023,0.8916909060256869
2.803999999999802,0.8912841498335973
2.804999999999802,0.8908759560017351
2.805999999999802,0.8904663274217853
2.806999999999802,0.8900552669920114
2.8079999999998018,0.8896427776172191
2.8089999999998017,0.8892288622087399
2.8099999999998015,0.8888135236843915
2.8109999999998014,0.8883967649684605
2.8119999999998013,0.887978588991667
2.812999999999801,0.88755899869114
2.813999999999801,0.887137997010389
2.814999999999801,0.8867155868992747
2.815999999999801,0.8862917713139816
2.8169999999998008,0.8858665532169928
2.8179999999998007,0.8854399355770552
2.8189999999998006,0.8850119213691594
2.8199999999998004,0.8845825135745022
2.8209999999998003,0.884151715180467
2.8219999999998002,0.8837195291805929
2.8229999999998,0.8832859585745415
2.8239999999998,0.8828510063680737
2.8249999999998,0.8824146755730217
2.8259999999998,0.8819769692072564
2.8269999999997997,0.8815378902946611
2.8279999999997996,0.8810974418651054
2.8289999999997995,0.8806556269544118
2.8299999999997993,0.8802124486043302
2.8309999999997992,0.8797679098625084
2.831999999999799,0.8793220137824643
2.832999999999799,0.8788747634235556
2.833999999999799,0.8784261618509525
2.834999999999799,0.8779762121356063
2.8359999999997987,0.8775249173542256
2.8369999999997986,0.8770722805892416
2.8379999999997985,0.8766183049287842
2.8389999999997984,0.8761629934666498
2.8399999999997982,0.8757063493022731
2.840999999999798,0.8752483755406985
2.841999999999798,0.8747890752925512
2.842999999999798,0.8743284516740082
2.843999999999798,0.8738665078067692
2.8449999999997977,0.8734032468180258
2.8459999999997976,0.8729386718404362
2.8469999999997975,0.8724727860120891
2.8479999999997974,0.8720055924764852
2.8489999999997973,0.8715370943824974
2.849999999999797,0.8710672948843466
2.850999999999797,0.8705961971415733
2.851999999999797,0.8701238043190053
2.852999999999797,0.8696501195867303
2.8539999999997967,0.8691751461200665
2.8549999999997966,0.868698887099531
2.8559999999997965,0.8682213457108143
2.8569999999997964,0.8677425251447468
2.8579999999997963,0.8672624285972721
2.858999999999796,0.8667810592694172
2.859999999999796,0.8662984203672616
2.860999999999796,0.8658145151019068
2.861999999999796,0.865329346689451
2.8629999999997957,0.8648429183509572
2.8639999999997956,0.8643552333124201
2.8649999999997955,0.8638662948047433
2.8659999999997954,0.8633761060637027
2.8669999999997953,0.862884670329923
2.867999999999795,0.8623919908488435
2.868999999999795,0.8618980708706885
2.869999999999795,0.8614029136504436
2.870999999999795,0.8609065224478157
2.8719999999997947,0.8604089005272123
2.8729999999997946,0.8599100511577074
2.8739999999997945,0.8594099776130115
2.8749999999997944,0.8589086831714448
2.8759999999997943,0.8584061711159028
2.876999999999794,0.8579024447338296
2.877999999999794,0.8573975073171872
2.878999999999794,0.8568913621624261
2.879999999999794,0.8563840125704545
2.8809999999997937,0.8558754618466076
2.8819999999997936,0.8553657133006196
2.8829999999997935,0.8548547702465924
2.8839999999997934,0.8543426360029651
2.8849999999997933,0.8538293138924871
2.885999999999793,0.8533148072421821
2.886999999999793,0.8527991193833239
2.887999999999793,0.8522822536514042
2.888999999999793,0.8517642133861012
2.8899999999997927,0.8512450019312503
2.8909999999997926,0.8507246226348157
2.8919999999997925,0.8502030788488573
2.8929999999997924,0.8496803739295031
2.8939999999997923,0.8491565112369165
2.894999999999792,0.8486314941352694
2.895999999999792,0.8481053259927082
2.896999999999792,0.8475780101813265
2.897999999999792,0.8470495500771344
2.8989999999997917,0.846519949060027
2.8999999999997916,0.8459892105137556
2.9009999999997915,0.8454573378258947
2.9019999999997914,0.8449243343878167
2.9029999999997913,0.844390203594657
2.903999999999791,0.8438549488452853
2.904999999999791,0.843318573542275
2.905999999999791,0.8427810810918757
2.906999999999791,0.8422424749039775
2.9079999999997908,0.8417027583920854
2.9089999999997906,0.841161934973287
2.9099999999997905,0.840620008068221
2.9109999999997904,0.8400769811010507
2.9119999999997903,0.8395328574994274
2.91299999999979,0.8389876406944684
2.91399999999979,0.8384413341207195
2.91499999999979,0.8378939412161258
2.91599999999979,0.8373454654220045
2.9169999999997898,0.8367959101830131
2.9179999999997897,0.8362452789471179
2.9189999999997895,0.8356935751655631
2.9199999999997894,0.835140802292843
2.9209999999997893,0.8345869637866696
2.921999999999789,0.8340320631079426
2.922999999999789,0.8334761037207205
2.923999999999789,0.8329190890921869
2.924999999999789,0.8323610226926226
2.9259999999997888,0.8318019079953743
2.9269999999997887,0.831241748476826
2.9279999999997885,0.8306805476163656
2.9289999999997884,0.8301183088963555
2.9299999999997883,0.8295550358021035
2.930999999999788,0.8289907318218313
2.931999999999788,0.8284254004466434
2.932999999999788,0.8278590451704992
2.933999999999788,0.8272916694901794
2.934999999999788,0.8267232769052572
2.9359999999997877,0.8261538709180669
2.9369999999997876,0.8255834550336769
2.9379999999997874,0.8250120327598541
2.9389999999997873,0.8244396076070364
2.9399999999997872,0.8238661830883026
2.940999999999787,0.8232917627193421
2.941999999999787,0.822716350018421
2.942999999999787,0.822139948506357
2.943999999999787,0.821562561706485
2.9449999999997867,0.8209841931446281
2.9459999999997866,0.8204048463490682
2.9469999999997865,0.8198245248505126
2.9479999999997863,0.8192432321820668
2.9489999999997862,0.818660971879204
2.949999999999786,0.8180777474797313
2.950999999999786,0.8174935625237627
2.951999999999786,0.8169084205536882
2.952999999999786,0.8163223251141432
2.9539999999997857,0.8157352797519757
2.9549999999997856,0.8151472880162208
2.9559999999997855,0.8145583534580653
2.9569999999997854,0.813968479630822
2.9579999999997852,0.8133776700898955
2.958999999999785,0.8127859283927548
2.959999999999785,0.8121932580989003
2.960999999999785,0.8115996627698362
2.961999999999785,0.8110051459690385
2.9629999999997847,0.8104097112619252
2.9639999999997846,0.8098133622158269
2.9649999999997845,0.8092161023999537
2.9659999999997844,0.8086179353853694
2.9669999999997843,0.8080188647449558
2.967999999999784,0.8074188940533895
2.968999999999784,0.8068180268871052
2.969999999999784,0.8062162668242674
2.970999999999784,0.8056136174447426
2.9719999999997837,0.8050100823300663
2.9729999999997836,0.8044056650634156
2.9739999999997835,0.8038003692295758
2.9749999999997834,0.8031941984149111
2.9759999999997833,0.802587156207338
2.976999999999783,0.8019792461962907
2.977999999999783,0.8013704719726923
2.978999999999783,0.8007608371289269
2.979999999999783,0.8001503452588077
2.9809999999997827,0.7995389999575462
2.9819999999997826,0.7989268048217232
2.9829999999997825,0.7983137634492601
2.9839999999997824,0.7976998794393846
2.9849999999997823,0.797085156392609
2.985999999999782,0.7964695979106907
2.986999999999782,0.7958532075966067
2.987999999999782,0.7952359890545265
2.988999999999782,0.7946179458897764
2.9899999999997817,0.793999081708814
2.9909999999997816,0.7933794001191962
2.9919999999997815,0.7927589047295505
2.9929999999997814,0.7921375991495443
2.9939999999997813,0.7915154869898565
2.994999999999781,0.7908925718621458
2.995999999999781,0.7902688573790222
2.996999999999781,0.7896443471540165
2.997999999999781,0.7890190448015532
2.9989999999997807,0.7883929539369153
2.9999999999997806,0.7877660781762209
3.0009999999997805,0.7871384211363901
3.0019999999997804,0.7865099864351157
3.0029999999997803,0.7858807776908331
3.00399999999978,0.7852507985226924
3.00499999999978,0.7846200525505294
3.00599999999978,0.7839885433948321
3.00699999999978,0.7833562746767144
3.0079999999997797,0.782723250017888
3.0089999999997796,0.7820894730406295
3.0099999999997795,0.7814549473677512
3.0109999999997794,0.7808196766225758
3.0119999999997793,0.7801836644289025
3.012999999999779,0.7795469144109786
3.013999999999779,0.7789094301934726
3.014999999999779,0.7782712154014425
3.015999999999779,0.7776322736603078
3.0169999999997787,0.7769926085958196
3.0179999999997786,0.7763522238340305
3.0189999999997785,0.7757111230012678
3.0199999999997784,0.7750693097241027
3.0209999999997783,0.7744267876293214
3.021999999999778,0.7737835603438963
3.022999999999778,0.7731396314949556
3.023999999999778,0.7724950047097576
3.024999999999778,0.7718496836156576
3.0259999999997778,0.7712036718400824
3.0269999999997776,0.7705569730104989
3.0279999999997775,0.7699095907543864
3.0289999999997774,0.7692615286992073
3.0299999999997773,0.7686127904723785
3.030999999999777,0.7679633797012424
3.031999999999777,0.7673133000130379
3.032999999999777,0.7666625550348738
3.033999999999777,0.7660111483936958
3.0349999999997768,0.7653590837162608
3.0359999999997767,0.7647063646291091
3.0369999999997765,0.7640529947585326
3.0379999999997764,0.7633989777305502
3.0389999999997763,0.7627443171708748
3.039999999999776,0.7620890167048882
3.040999999999776,0.7614330799576113
3.041999999999776,0.7607765105536759
3.042999999999776,0.7601193121172966
3.0439999999997758,0.7594614882722405
3.0449999999997757,0.7588030426418029
3.0459999999997756,0.7581439788487738
3.0469999999997754,0.7574843005154146
3.0479999999997753,0.7568240112634274
3.0489999999997752,0.7561631147139248
3.049999999999775,0.7555016144874065
3.050999999999775,0.754839514203728
3.051999999999775,0.7541768174820727
3.052999999999775,0.7535135279409242
3.0539999999997747,0.7528496491980393
3.0549999999997746,0.7521851848704191
3.0559999999997745,0.7515201385742806
3.0569999999997743,0.7508545139250297
3.0579999999997742,0.7501883145372332
3.058999999999774,0.7495215440245906
3.059999999999774,0.7488542059999075
3.060999999999774,0.7481863040750649
3.061999999999774,0.7475178418609958
3.0629999999997737,0.7468488229676551
3.0639999999997736,0.7461792510039903
3.0649999999997735,0.7455091295779187
3.0659999999997734,0.7448384622962948
3.0669999999997732,0.7441672527648864
3.067999999999773,0.7434955045883451
3.068999999999773,0.7428232213701813
3.069999999999773,0.7421504067127328
3.070999999999773,0.7414770642171429
3.0719999999997727,0.7408031974833272
3.0729999999997726,0.7401288101099519
3.0739999999997725,0.7394539056944032
3.0749999999997724,0.7387784878327599
3.0759999999997722,0.7381025601197698
3.076999999999772,0.7374261261488183
3.077999999999772,0.7367491895119063
3.078999999999772,0.7360717537996174
3.079999999999772,0.7353938226010958
3.0809999999997717,0.7347153995040177
3.0819999999997716,0.7340364880945629
3.0829999999997715,0.733357091957393
3.0839999999997714,0.7326772146756177
3.0849999999997713,0.7319968598307748
3.085999999999771,0.7313160310027985
3.086999999999771,0.730634731769995
3.087999999999771,0.7299529657090186
3.088999999999771,0.7292707363948385
3.0899999999997707,0.7285880474007198
3.0909999999997706,0.727904902298192
3.0919999999997705,0.7272213046570242
3.0929999999997704,0.7265372580452002
3.0939999999997703,0.7258527660288907
3.09499999999977,0.7251678321724268
3.09599999999977,0.7244824600382748
3.09699999999977,0.7237966531870108
3.09799999999977,0.7231104151772937
3.0989999999997697,0.7224237495658378
3.0999999999997696,0.7217366599073902
3.1009999999997695,0.7210491497547024
3.1019999999997694,0.7203612226585041
3.1029999999997693,0.7196728821674809
3.103999999999769,0.7189841318282433
3.104999999999769,0.7182949751853072
3.105999999999769,0.7176054157810627
3.106999999999769,0.7169154571557502
3.1079999999997687,0.7162251028474387
3.1089999999997686,0.7155343563919949
3.1099999999997685,0.7148432213230597
3.1109999999997684,0.7141517011720241
3.1119999999997683,0.7134597994680033
3.112999999999768,0.7127675197378112
3.113999999999768,0.712074865505934
3.114999999999768,0.7113818402945083
3.115999999999768,0.7106884476232923
3.1169999999997677,0.709994691009643
3.1179999999997676,0.7093005739684908
3.1189999999997675,0.7086061000123147
3.1199999999997674,0.7079112726511168
3.1209999999997673,0.707216095392398
3.121999999999767,0.7065205717411339
3.122999999999767,0.7058247051997488
3.123999999999767,0.7051284992680915
3.124999999999767,0.7044319574434117
3.1259999999997667,0.7037350832203336
3.1269999999997666,0.7030378800908338
3.1279999999997665,0.7023403515442147
3.1289999999997664,0.7016425010670813
3.1299999999997663,0.7009443321433172
3.130999999999766,0.7002458482540593
3.131999999999766,0.6995470528776736
3.132999999999766,0.6988479494897334
3.133999999999766,0.6981485415629933
3.1349999999997658,0.697448832567363
3.1359999999997656,0.6967488259698889
3.1369999999997655,0.6960485252347258
3.1379999999997654,0.6953479338231143
3.1389999999997653,0.6946470551933573
3.139999999999765,0.6939458928007964
3.140999999999765,0.6932444500977882
3.141999999999765,0.6925427305336795
3.142999999999765,0.6918407375547874
3.1439999999997648,0.69113847460437
3.1449999999997647,0.6904359451226085
3.1459999999997645,0.6897331525465815
3.1469999999997644,0.6890301003102411
3.1479999999997643,0.6883267918443917
3.148999999999764,0.6876232305766645
3.149999999999764,0.6869194199314962
3.150999999999764,0.6862153633301057
3.151999999999764,0.6855110641904696
3.1529999999997638,0.684806525927303
3.1539999999997637,0.6841017519520315
3.1549999999997635,0.6833967456727728
3.1559999999997634,0.6826915104943111
3.1569999999997633,0.681986049818077
3.157999999999763,0.681280367042123
3.158999999999763,0.6805744655611025
3.159999999999763,0.6798683487662439
3.160999999999763,0.6791620200453349
3.161999999999763,0.6784554827826917
3.1629999999997627,0.6777487403591443
3.1639999999997626,0.6770417961520103
3.1649999999997624,0.6763346535350726
3.1659999999997623,0.675627315878559
3.1669999999997622,0.6749197865491202
3.167999999999762,0.6742120689098067
3.168999999999762,0.6735041663200482
3.169999999999762,0.6727960821356291
3.170999999999762,0.6720878197086703
3.1719999999997617,0.671379382387606
3.1729999999997616,0.6706707735171621
3.1739999999997615,0.6699619964383344
3.1749999999997613,0.6692530544883672
3.1759999999997612,0.6685439510007319
3.176999999999761,0.667834689305107
3.177999999999761,0.6671252727273559
3.178999999999761,0.6664157045895028
3.179999999999761,0.6657059882097184
3.1809999999997607,0.6649961269022913
3.1819999999997606,0.6642861239776119
3.1829999999997605,0.6635759827421507
3.1839999999997604,0.6628657064984353
3.1849999999997602,0.6621552985450329
3.18599999999976,0.6614447621765259
3.18699999999976,0.6607341006834948
3.18799999999976,0.6600233173524953
3.18899999999976,0.6593124154660387
3.1899999999997597,0.6586013983025706
3.1909999999997596,0.6578902691364532
3.1919999999997595,0.6571790312379391
3.1929999999997594,0.6564676878731599
3.1939999999997593,0.6557562423040975
3.194999999999759,0.6550446977885687
3.195999999999759,0.6543330575802053
3.196999999999759,0.6536213249284301
3.197999999999759,0.652909503078444
3.1989999999997587,0.6521975952711989
3.1999999999997586,0.6514856047433816
3.2009999999997585,0.6507735347273953
3.2019999999997584,0.6500613884513363
3.2029999999997583,0.649349169138979
3.203999999999758,0.6486368800097526
3.204999999999758,0.6479245242787232
3.205999999999758,0.647212105156575
3.206999999999758,0.6464996258495902
3.2079999999997577,0.6457870895596299
3.2089999999997576,0.6450744994841163
3.2099999999997575,0.6443618588160126
3.2109999999997574,0.6436491707438038
3.2119999999997573,0.6429364384514771
3.212999999999757,0.6422236651185068
3.213999999999757,0.6415108539198308
3.214999999999757,0.6407980080258361
3.215999999999757,0.6400851306023362
3.2169999999997567,0.6393722248105553
3.2179999999997566,0.6386592938071105
3.2189999999997565,0.6379463407439913
3.2199999999997564,0.6372333687685423
3.2209999999997563,0.6365203810234447
3.221999999999756,0.635807380646699
3.222999999999756,0.6350943707716057
3.223999999999756,0.6343813545267488
3.224999999999756,0.6336683350359762
3.2259999999997557,0.6329553154183836
3.2269999999997556,0.6322422987882944
3.2279999999997555,0.6315292882552455
3.2289999999997554,0.6308162869239665
3.2299999999997553,0.6301032978943641
3.230999999999755,0.6293903242615024
3.231999999999755,0.6286773691155879
3.232999999999755,0.627964435541953
3.233999999999755,0.6272515266210344
3.2349999999997547,0.6265386454283601
3.2359999999997546,0.6258257950345303
3.2369999999997545,0.6251129785052009
3.2379999999997544,0.624400198901068
3.2389999999997543,0.6236874592778479
3.239999999999754,0.6229747626862628
3.240999999999754,0.622262112172024
3.241999999999754,0.6215495107758137
3.242999999999754,0.6208369615332703
3.2439999999997537,0.6201244674749704
3.2449999999997536,0.6194120316264136
3.2459999999997535,0.6186996570080053
3.2469999999997534,0.6179873466350408
3.2479999999997533,0.6172751035176909
3.248999999999753,0.6165629306609806
3.249999999999753,0.6158508310647797
3.250999999999753,0.6151388077237833
3.251999999999753,0.6144268636274942
3.2529999999997528,0.6137150017602119
3.2539999999997526,0.6130032251010136
3.2549999999997525,0.6122915366237393
3.2559999999997524,0.6115799392969762
3.2569999999997523,0.6108684360840425
3.257999999999752,0.6101570299429744
3.258999999999752,0.6094457238265085
3.259999999999752,0.6087345206820675
3.260999999999752,0.6080234234517442
3.2619999999997518,0.6073124350722882
3.2629999999997517,0.6066015584750895
3.2639999999997515,0.605890796586163
3.2649999999997514,0.6051801523261356
3.2659999999997513,0.6044696286102302
3.266999999999751,0.6037592283482511
3.267999999999751,0.6030489544445695
3.268999999999751,0.6023388097981094
3.269999999999751,0.601628797302332
3.2709999999997508,0.6009189198452228
3.2719999999997507,0.6002091803092767
3.2729999999997506,0.599499581571483
3.2739999999997504,0.598790126503313
3.2749999999997503,0.5980808179707043
3.2759999999997502,0.5973716588340477
3.27699999999975,0.5966626519481729
3.27799999999975,0.595953800162336
3.27899999999975,0.5952451063202024
3.27999999999975,0.5945365732598383
3.2809999999997497,0.5938282038136921
3.2819999999997496,0.5931200008085837
3.2829999999997495,0.5924119670656908
3.2839999999997493,0.5917041054005356
3.2849999999997492,0.59099641862297
3.285999999999749,0.5902889095371647
3.286999999999749,0.5895815809415951
3.287999999999749,0.5888744356290265
3.288999999999749,0.5881674763865067
3.2899999999997487,0.5874607059953444
3.2909999999997486,0.5867541272311062
3.2919999999997485,0.5860477428635946
3.2929999999997484,0.5853415556568443
3.2939999999997482,0.5846355683691022
3.294999999999748,0.5839297837528197
3.295999999999748,0.5832242045546376
3.296999999999748,0.5825188335153753
3.297999999999748,0.5818136733700185
3.2989999999997477,0.5811087268477074
3.2999999999997476,0.5804039966717218
3.3009999999997475,0.5796994855594743
3.3019999999997474,0.5789951962224925
3.3029999999997472,0.5782911313664122
3.303999999999747,0.5775872936909641
3.304999999999747,0.5768836858899596
3.305999999999747,0.5761803106512837
3.306999999999747,0.5754771706568791
3.3079999999997467,0.5747742685827394
3.3089999999997466,0.574071607098892
3.3099999999997465,0.5733691888693941
3.3109999999997464,0.5726670165523142
3.3119999999997463,0.5719650927997253
3.312999999999746,0.5712634202576955
3.313999999999746,0.5705620015662708
3.314999999999746,0.5698608393594716
3.315999999999746,0.5691599362652761
3.3169999999997457,0.5684592949056126
3.3179999999997456,0.5677589178963498
3.3189999999997455,0.5670588078472822
3.3199999999997454,0.5663589673621247
3.3209999999997453,0.5656593990384985
3.321999999999745,0.5649601054679217
3.322999999999745,0.5642610892358029
3.323999999999745,0.5635623529214229
3.324999999999745,0.562863899097934
3.3259999999997447,0.5621657303323432
3.3269999999997446,0.5614678491855054
3.3279999999997445,0.5607702582121128
3.3289999999997444,0.5600729599606863
3.3299999999997443,0.559375956973565
3.330999999999744,0.5586792517868957
3.331999999999744,0.5579828469306248
3.332999999999744,0.5572867449284902
3.333999999999744,0.5565909482980079
3.3349999999997437,0.5558954595504675
3.3359999999997436,0.5552002811909195
3.3369999999997435,0.5545054157181684
3.3379999999997434,0.5538108656247636
3.3389999999997433,0.5531166333969879
3.339999999999743,0.5524227215148523
3.340999999999743,0.5517291324520873
3.341999999999743,0.5510358686761286
3.342999999999743,0.550342932648116
3.3439999999997427,0.5496503268228801
3.3449999999997426,0.5489580536489367
3.3459999999997425,0.5482661155684756
3.3469999999997424,0.547574515017355
3.3479999999997423,0.5468832544250914
3.348999999999742,0.5461923362148544
3.349999999999742,0.5455017628034539
3.350999999999742,0.544811536601338
3.351999999999742,0.5441216600125796
3.3529999999997417,0.5434321354348735
3.3539999999997416,0.5427429652595251
3.3549999999997415,0.5420541518714459
3.3559999999997414,0.5413656976491412
3.3569999999997413,0.5406776049647092
3.357999999999741,0.5399898761838301
3.358999999999741,0.5393025136657563
3.359999999999741,0.5386155197633106
3.360999999999741,0.5379288968228759
3.3619999999997408,0.5372426471843877
3.3629999999997406,0.5365567731813305
3.3639999999997405,0.5358712771407264
3.3649999999997404,0.5351861613831317
3.3659999999997403,0.53450142822263
3.36699999999974,0.5338170799668225
3.36799999999974,0.5331331189168266
3.36899999999974,0.5324495473672646
3.36999999999974,0.5317663676062598
3.3709999999997398,0.5310835819154304
3.3719999999997397,0.5304011925698809
3.3729999999997395,0.5297192018382
3.3739999999997394,0.5290376119824515
3.3749999999997393,0.528356425258168
3.375999999999739,0.5276756439143475
3.376999999999739,0.5269952701934458
3.377999999999739,0.5263153063313707
3.378999999999739,0.5256357545574779
3.3799999999997388,0.5249566170945638
3.3809999999997387,0.5242778961588609
3.3819999999997385,0.5235995939600313
3.3829999999997384,0.5229217127011635
3.3839999999997383,0.5222442545787653
3.384999999999738,0.5215672217827597
3.385999999999738,0.5208906164964779
3.386999999999738,0.5202144408966567
3.387999999999738,0.5195386971534338
3.3889999999997378,0.5188633874303397
3.3899999999997377,0.5181885138842963
3.3909999999997376,0.5175140786656108
3.3919999999997374,0.5168400839179708
3.3929999999997373,0.5161665317784403
3.3939999999997372,0.5154934243774559
3.394999999999737,0.5148207638388211
3.395999999999737,0.5141485522797018
3.396999999999737,0.5134767918106247
3.397999999999737,0.5128054845354704
3.3989999999997367,0.5121346325514706
3.3999999999997366,0.511464237949203
3.4009999999997365,0.5107943028125904
3.4019999999997363,0.5101248292188917
3.4029999999997362,0.509455819238704
3.403999999999736,0.508787274935956
3.404999999999736,0.508119198367902
3.405999999999736,0.5074515915851242
3.406999999999736,0.5067844566315237
3.4079999999997357,0.5061177955443213
3.4089999999997356,0.5054516103540522
3.4099999999997355,0.5047859030845614
3.4109999999997354,0.5041206757530045
3.4119999999997352,0.5034559303698413
3.412999999999735,0.5027916689388351
3.413999999999735,0.5021278934570469
3.414999999999735,0.5014646059148371
3.415999999999735,0.5008018082958572
3.4169999999997347,0.5001395025770522
3.4179999999997346,0.49947769072865617
3.4189999999997345,0.4988163747141876
3.4199999999997344,0.49815555649045107
3.4209999999997343,0.4974952380075307
3.421999999999734,0.4968354212087927
3.422999999999734,0.4961761080308782
3.423999999999734,0.49551730040370406
3.424999999999734,0.4948590002504608
3.4259999999997337,0.4942012094876105
3.4269999999997336,0.4935439300248821
3.4279999999997335,0.4928871637652748
3.4289999999997334,0.4922309126050518
3.4299999999997333,0.4915751784337424
3.430999999999733,0.49091996313413644
3.431999999999733,0.4902652685822855
3.432999999999733,0.4896110966475018
3.433999999999733,0.4889574491923544
3.4349999999997327,0.488304328072671
3.4359999999997326,0.48765173513753407
3.4369999999997325,0.48699967222928175
3.4379999999997324,0.48634814118350456
3.4389999999997323,0.485697143829048
3.439999999999732,0.4850466819880074
3.440999999999732,0.48439675747573124
3.441999999999732,0.48374737210081614
3.442999999999732,0.4830985276651104
3.4439999999997317,0.48245022596371123
3.4449999999997316,0.4818024687849639
3.4459999999997315,0.4811552579104617
3.4469999999997314,0.48050859511504723
3.4479999999997313,0.47986248216680916
3.448999999999731,0.47921692082708356
3.449999999999731,0.4785719128504558
3.450999999999731,0.477927459984756
3.451999999999731,0.4772835639710633
3.4529999999997307,0.47664022654370275
3.4539999999997306,0.4759974494302483
3.4549999999997305,0.47535523435152044
3.4559999999997304,0.4747135830215885
3.4569999999997303,0.47407249714776967
3.45799999999973,0.4734319784306299
3.45899999999973,0.47279202856398544
3.45999999999973,0.47215264923490174
3.46099999999973,0.4715138421236954
3.4619999999997297,0.4708756089039334
3.4629999999997296,0.47023795124243684
3.4639999999997295,0.46960087079927737
3.4649999999997294,0.46896436922778356
3.4659999999997293,0.46832844817453756
3.466999999999729,0.4676931092793776
3.467999999999729,0.46705835417539976
3.468999999999729,0.46642418448895917
3.469999999999729,0.46579060183966947
3.4709999999997287,0.4651576078404081
3.4719999999997286,0.4645252040973124
3.4729999999997285,0.4638933922097879
3.4739999999997284,0.4632621737705018
3.4749999999997283,0.4626315503653919
3.475999999999728,0.4620015235736648
3.476999999999728,0.4613720949677982
3.477999999999728,0.4607432661135424
3.478999999999728,0.46011503856992425
3.4799999999997278,0.45948741388924547
3.4809999999997276,0.45886039361708914
3.4819999999997275,0.4582339792923196
3.4829999999997274,0.4576081724470829
3.4839999999997273,0.4569829746068137
3.484999999999727,0.45635838729023215
3.485999999999727,0.45573441200935116
3.486999999999727,0.4551110502694769
3.487999999999727,0.45448830356921044
3.4889999999997268,0.45386617340045177
3.4899999999997267,0.4532446612484028
3.4909999999997265,0.45262376859156844
3.4919999999997264,0.4520034969017618
3.4929999999997263,0.45138384764410394
3.493999999999726,0.4507648222770299
3.494999999999726,0.4501464222522924
3.495999999999726,0.44952864901495937
3.496999999999726,0.44891150400342344
3.4979999999997258,0.44829498864940315
3.4989999999997257,0.4476791043779441
3.4999999999997256,0.4470638526074253
3.5009999999997254,0.44644923474956166
3.5019999999997253,0.4458352522094061
3.5029999999997252,0.44522190638535625
3.503999999999725,0.44460919866915455
3.504999999999725,0.44399713044589384
3.505999999999725,0.4433857030940216
3.506999999999725,0.4427749179853434
3.5079999999997247,0.4421647764850262
3.5089999999997246,0.4415552799516034
3.5099999999997245,0.44094642973697684
3.5109999999997243,0.4403382271864237
3.5119999999997242,0.4397306736385992
3.512999999999724,0.43912377042554096
3.513999999999724,0.4385175188726727
3.514999999999724,0.43791192029880954
3.515999999999724,0.4373069760161638
3.5169999999997237,0.43670268733034595
3.5179999999997236,0.436099055540372
3.5189999999997235,0.4354960819386673
3.5199999999997234,0.4348937678110713
3.5209999999997232,0.43429211443684174
3.521999999999723,0.4336911230886612
3.522999999999723,0.43309079503263925
3.523999999999723,0.43249113152832014
3.524999999999723,0.4318921338286874
3.5259999999997227,0.431293803180165
3.5269999999997226,0.4306961408226296
3.5279999999997225,0.4300991479894087
3.5289999999997224,0.42950282590729194
3.5299999999997222,0.42890717579653026
3.530999999999722,0.42831219887084737
3.531999999999722,0.42771789633744084
3.532999999999722,0.4271242693969893
3.533999999999722,0.42653131924365906
3.5349999999997217,0.4259390470651076
3.5359999999997216,0.42534745404249
3.5369999999997215,0.4247565413504653
3.5379999999997214,0.4241663101572022
3.5389999999997213,0.42357676162438435
3.539999999999721,0.4229878969072167
3.540999999999721,0.422399717154432
3.541999999999721,0.42181222350829495
3.542999999999721,0.4212254171046113
3.5439999999997207,0.42063929907273084
3.5449999999997206,0.42005387053555654
3.5459999999997205,0.4194691326095489
3.5469999999997204,0.41888508640473204
3.5479999999997203,0.4183017330247028
3.54899999999972,0.41771907356663346
3.54999999999972,0.41713710912128193
3.55099999999972,0.41655584077299485
3.55199999999972,0.4159752695997169
3.5529999999997197,0.4153953966729967
3.5539999999997196,0.4148162230579928
3.5549999999997195,0.41423774981348177
3.5559999999997194,0.4136599779918636
3.5569999999997193,0.4130829086391704
3.557999999999719,0.4125065427950717
3.558999999999719,0.41193088149288215
3.559999999999719,0.4113559257595692
3.560999999999719,0.41078167661575926
3.5619999999997187,0.4102081350757458
3.5629999999997186,0.40963530214749555
3.5639999999997185,0.40906317883265697
3.5649999999997184,0.4084917661265663
3.5659999999997183,0.4079210650182571
3.566999999999718,0.40735107649046537
3.567999999999718,0.4067818015196383
3.568999999999718,0.4062132410759419
3.569999999999718,0.40564539612326744
3.5709999999997177,0.40507826761924215
3.5719999999997176,0.40451185651523236
3.5729999999997175,0.40394616375635595
3.5739999999997174,0.4033811902814879
3.5749999999997173,0.40281693702326654
3.575999999999717,0.40225340490810485
3.576999999999717,0.4016905948561978
3.577999999999717,0.401128507781528
3.578999999999717,0.40056714459187626
3.5799999999997167,0.40000650618882855
3.5809999999997166,0.3994465934677858
3.5819999999997165,0.3988874073179683
3.5829999999997164,0.3983289486224294
3.5839999999997163,0.39777121825806006
3.584999999999716,0.39721421709559845
3.585999999999716,0.39665794599963855
3.586999999999716,0.39610240582863754
3.587999999999716,0.3955475974349266
3.5889999999997158,0.3949935216647177
3.5899999999997156,0.39444017935811265
3.5909999999997155,0.3938875713491122
3.5919999999997154,0.39333569846562405
3.5929999999997153,0.39278456152947366
3.593999999999715,0.39223416135640926
3.594999999999715,0.3916844987561157
3.595999999999715,0.39113557453221964
3.596999999999715,0.3905873894822994
3.5979999999997148,0.3900399443978956
3.5989999999997146,0.38949324006451774
3.5999999999997145,0.3889472772616555
3.6009999999997144,0.38840205676278716
3.6019999999997143,0.3878575793353885
3.602999999999714,0.3873138457409432
3.603999999999714,0.38677085673495
3.604999999999714,0.3862286130669347
3.605999999999714,0.3856871154804579
3.6069999999997138,0.38514636471312463
3.6079999999997137,0.38460636149659505
3.6089999999997135,0.3840671065565926
3.6099999999997134,0.3835286006129142
3.6109999999997133,0.38299084437943975
3.611999999999713,0.38245383856414294
3.612999999999713,0.38191758386909813
3.613999999999713,0.3813820809904939
3.614999999999713,0.3808473306186404
3.6159999999997128,0.38031333343797896
3.6169999999997127,0.3797800901270938
3.6179999999997126,0.379247601358722
3.6189999999997124,0.3787158677997598
3.6199999999997123,0.3781848901112784
3.6209999999997122,0.3776546689485295
3.621999999999712,0.37712520496095775
3.622999999999712,0.37659649879220947
3.623999999999712,0.376068551080144
3.624999999999712,0.37554136245684355
3.6259999999997117,0.3750149335486237
3.6269999999997116,0.37448926497604346
3.6279999999997115,0.373964357353915
3.6289999999997113,0.37344021129131594
3.6299999999997112,0.37291682739159854
3.630999999999711,0.3723942062523999
3.631999999999711,0.3718723484656526
3.632999999999711,0.3713512546175968
3.633999999999711,0.37083092528878797
3.6349999999997107,0.3703113610541117
3.6359999999997106,0.3697925624827895
3.6369999999997105,0.36927453013839345
3.6379999999997104,0.36875726457885544
3.6389999999997102,0.3682407663564783
3.63999999999971,0.36772503601794465
3.64099999999971,0.3672100741043318
3.64199999999971,0.36669588115111934
3.64299999999971,0.36618245768820173
3.6439999999997097,0.36566980423989826
3.6449999999997096,0.3651579213249647
3.6459999999997095,0.36464680945660466
3.6469999999997094,0.3641364691424799
3.6479999999997093,0.3636269008847226
3.648999999999709,0.3631181051799447
3.649999999999709,0.36261008251925125
3.650999999999709,0.3621028333882505
3.651999999999709,0.36159635826706477
3.6529999999997087,0.3610906576303433
3.6539999999997086,0.36058573194727184
3.6549999999997085,0.36008158168158494
3.6559999999997084,0.3595782072915783
3.6569999999997083,0.35907560923011783
3.657999999999708,0.3585737879446532
3.658999999999708,0.35807274387722904
3.659999999999708,0.3575724774644963
3.660999999999708,0.35707298913772195
3.6619999999997077,0.35657427932280467
3.6629999999997076,0.3560763484402829
3.6639999999997075,0.35557919690534834
3.6649999999997074,0.35508282512785644
3.6659999999997073,0.3545872335123401
3.666999999999707,0.3540924224580189
3.667999999999707,0.35359839235881296
3.668999999999707,0.35310514360335427
3.669999999999707,0.35261267657499695
3.6709999999997067,0.3521209916518327
3.6719999999997066,0.35163008920669875
3.6729999999997065,0.35113996960719235
3.6739999999997064,0.35065063321568346
3.6749999999997063,0.3501620803893227
3.675999999999706,0.3496743114800572
3.676999999999706,0.3491873268346431
3.677999999999706,0.3487011267946533
3.678999999999706,0.3482157116964957
3.6799999999997057,0.34773108187141893
3.6809999999997056,0.3472472376455303
3.6819999999997055,0.346764179339803
3.6829999999997054,0.34628190727009317
3.6839999999997053,0.34580042174714887
3.684999999999705,0.3453197230766217
3.685999999999705,0.3448398115590834
3.686999999999705,0.34436068749003435
3.687999999999705,0.3438823511599159
3.6889999999997047,0.34340480285412645
3.6899999999997046,0.34292804285302975
3.6909999999997045,0.34245207143196943
3.6919999999997044,0.3419768888612815
3.6929999999997043,0.3415024954063055
3.693999999999704,0.3410288913273997
3.694999999999704,0.3405560768799497
3.695999999999704,0.34008405231438515
3.696999999999704,0.3396128178761898
3.6979999999997037,0.33914237380591433
3.6989999999997036,0.33867272033919105
3.6999999999997035,0.3382038577067426
3.7009999999997034,0.3377357861343994
3.7019999999997033,0.337268505843108
3.702999999999703,0.33680201704894763
3.703999999999703,0.33633631996314
3.704999999999703,0.3358714147920635
3.705999999999703,0.3354073017372661
3.7069999999997028,0.3349439809954774
3.7079999999997026,0.33448145275862257
3.7089999999997025,0.33401971721383356
3.7099999999997024,0.33355877454346355
3.7109999999997023,0.3330986249250999
3.711999999999702,0.3326392685315764
3.712999999999702,0.33218070553098483
3.713999999999702,0.33172293608669146
3.714999999999702,0.33126596035734623
3.7159999999997018,0.33080977849689885
3.7169999999997017,0.33035439065461036
3.7179999999997015,0.329899796975065
3.7189999999997014,0.3294459975981863
3.7199999999997013,0.32899299265924803
3.720999999999701,0.32854078228888733
3.721999999999701,0.32808936661311794
3.722999999999701,0.32763874575334406
3.723999999999701,0.3271889198263743
3.7249999999997008,0.32673988894443157
3.7259999999997007,0.3262916532151693
3.7269999999997006,0.3258442127416841
3.7279999999997004,0.32539756762252714
3.7289999999997003,0.3249517179517205
3.7299999999997,0.3245066638187681
3.7309999999997,0.32406240530866864
3.7319999999997,0.3236189425019312
3.7329999999997,0.32317627547458605
3.7339999999997,0.32273440429819994
3.7349999999996997,0.3222933290398882
3.7359999999996996,0.3218530497623282
3.7369999999996995,0.3214135665237737
3.7379999999996993,0.32097487937806607
3.7389999999996992,0.32053698837465056
3.739999999999699,0.3200998935585872
3.740999999999699,0.3196635949705656
3.741999999999699,0.31922809264691787
3.742999999999699,0.31879338661963214
3.7439999999996987,0.3183594769163657
3.7449999999996986,0.3179263635604589
3.7459999999996985,0.3174940465709488
3.7469999999996983,0.3170625259625823
3.7479999999996982,0.31663180174582944
3.748999999999698,0.31620187392689686
3.749999999999698,0.3157727425077415
3.750999999999698,0.315344407486085
3.751999999999698,0.31491686885542464
3.7529999999996977,0.314490126605052
3.7539999999996976,0.31406418072005876
3.7549999999996975,0.31363903118135816
3.7559999999996974,0.31321467796569263
3.7569999999996972,0.31279112104565215
3.757999999999697,0.3123683603896833
3.758999999999697,0.3119463959621062
3.759999999999697,0.31152522772312674
3.760999999999697,0.31110485562885054
3.7619999999996967,0.3106852796312956
3.7629999999996966,0.31026649967840747
3.7639999999996965,0.30984851571407274
3.7649999999996964,0.30943132767813014
3.7659999999996963,0.3090149355063881
3.766999999999696,0.30859933913063575
3.767999999999696,0.3081845384786565
3.768999999999696,0.307770533474244
3.769999999999696,0.3073573240372123
3.7709999999996957,0.30694491008341357
3.7719999999996956,0.3065332915247487
3.7729999999996955,0.306122468269181
3.7739999999996954,0.3057124402207531
3.7749999999996953,0.3053032072795965
3.775999999999695,0.30489476934194837
3.776999999999695,0.3044871263001635
3.777999999999695,0.30408027804272847
3.778999999999695,0.30367422445427605
3.7799999999996947,0.30326896541559817
3.7809999999996946,0.3028645008036589
3.7819999999996945,0.30246083049161
3.7829999999996944,0.30205795434880395
3.7839999999996943,0.30165587224080653
3.784999999999694,0.3012545840294119
3.785999999999694,0.3008540895726569
3.786999999999694,0.30045438872483093
3.787999999999694,0.30005548133649573
3.7889999999996937,0.2996573672544934
3.7899999999996936,0.2992600463219648
3.7909999999996935,0.29886351837835895
3.7919999999996934,0.2984677832594506
3.7929999999996933,0.2980728407973513
3.793999999999693,0.29767869082052434
3.794999999999693,0.29728533315379774
3.795999999999693,0.29689276761838057
3.796999999999693,0.2965009940318718
3.7979999999996927,0.29611001220827865
3.7989999999996926,0.295719821958028
3.7999999999996925,0.29533042308798035
3.8009999999996924,0.29494181540144454
3.8019999999996923,0.2945539986981893
3.802999999999692,0.2941669727744605
3.803999999999692,0.293780737422991
3.804999999999692,0.293395292433017
3.805999999999692,0.29301063759029133
3.8069999999996917,0.29262677267709514
3.8079999999996916,0.29224369747225526
3.8089999999996915,0.29186141175115426
3.8099999999996914,0.2914799152857466
3.8109999999996913,0.2910992078445706
3.811999999999691,0.2907192891927642
3.812999999999691,0.2903401590920767
3.813999999999691,0.28996181730088366
3.814999999999691,0.2895842635741987
3.8159999999996908,0.28920749766369147
3.8169999999996906,0.2888315193176944
3.8179999999996905,0.2884563282812243
3.8189999999996904,0.28808192429599017
3.8199999999996903,0.2877083071004082
3.82099999999969,0.28733547642961726
3.82199999999969,0.28696343201549057
3.82299999999969,0.2865921735866512
3.82399999999969,0.28622170086848264
3.8249999999996898,0.28585201358314527
3.8259999999996896,0.2854831114495899
3.8269999999996895,0.28511499418356856
3.8279999999996894,0.284747661497651
3.8289999999996893,0.2843811131012384
3.829999999999689,0.2840153487005735
3.830999999999689,0.2836503679987575
3.831999999999689,0.28328617069576406
3.832999999999689,0.28292275648844867
3.8339999999996888,0.28256012507056705
3.8349999999996887,0.28219827613278553
3.8359999999996885,0.2818372093626961
3.8369999999996884,0.2814769244448289
3.8379999999996883,0.28111742106066623
3.838999999999688,0.28075869888865734
3.839999999999688,0.2804007576042284
3.840999999999688,0.2800435968797999
3.841999999999688,0.27968721638479777
3.8429999999996878,0.2793316157856674
3.8439999999996877,0.2789767947458863
3.8449999999996876,0.2786227529259814
3.8459999999996874,0.2782694899835348
3.8469999999996873,0.2779170055732053
3.8479999999996872,0.27756529934673724
3.848999999999687,0.2772143709529741
3.849999999999687,0.2768642200378737
3.850999999999687,0.27651484624452055
3.851999999999687,0.2761662492131377
3.8529999999996867,0.2758184285811035
3.8539999999996866,0.2754713839829615
3.8549999999996865,0.27512511505043546
3.8559999999996863,0.2747796214124428
3.8569999999996862,0.2744349026951063
3.857999999999686,0.27409095852176985
3.858999999999686,0.27374778851300924
3.859999999999686,0.2734053922866473
3.860999999999686,0.27306376945776517
3.8619999999996857,0.2727229196387172
3.8629999999996856,0.27238284243914396
3.8639999999996855,0.2720435374659835
3.8649999999996854,0.271705004323487
3.8659999999996852,0.2713672426132313
3.866999999999685,0.2710302519341302
3.867999999999685,0.27069403188245006
3.868999999999685,0.2703585820518212
3.869999999999685,0.2700239020332508
3.8709999999996847,0.2696899914151381
3.8719999999996846,0.269356849783285
3.8729999999996845,0.26902447672091073
3.8739999999996844,0.2686928718086623
3.8749999999996843,0.2683620346246319
3.875999999999684,0.26803196474436597
3.876999999999684,0.26770266174087937
3.877999999999684,0.26737412518466824
3.878999999999684,0.2670463546437231
3.8799999999996837,0.2667193496835434
3.8809999999996836,0.2663931098671459
3.8819999999996835,0.266067634755082
3.8829999999996834,0.26574292390544907
3.8839999999996833,0.2654189768739016
3.884999999999683,0.26509579321366655
3.885999999999683,0.26477337247555416
3.886999999999683,0.26445171420797364
3.887999999999683,0.26413081795694127
3.8889999999996827,0.2638106832660963
3.8899999999996826,0.26349130967671364
3.8909999999996825,0.2631726967277155
3.8919999999996824,0.2628548439556845
3.8929999999996823,0.2625377508948755
3.893999999999682,0.2622214170772291
3.894999999999682,0.26190584203238587
3.895999999999682,0.26159102528769407
3.896999999999682,0.26127696636822684
3.8979999999996817,0.2609636647967928
3.8989999999996816,0.2606511200939486
3.8999999999996815,0.26033933177801133
3.9009999999996814,0.26002829936507177
3.9019999999996813,0.2597180223690058
3.902999999999681,0.25940850030148754
3.903999999999681,0.25909973267200004
3.904999999999681,0.2587917189878518
3.905999999999681,0.2584844587541834
3.9069999999996807,0.25817795147398426
3.9079999999996806,0.2578721966481036
3.9089999999996805,0.2575671937752611
3.9099999999996804,0.2572629423520609
3.9109999999996803,0.25695944187300496
3.91199999999968,0.2566566918305012
3.91299999999968,0.25635469171488023
3.91399999999968,0.25605344101440425
3.91499999999968,0.2557529392152805
3.9159999999996797,0.25545318580167337
3.9169999999996796,0.2551541802557155
3.9179999999996795,0.2548559220575212
3.9189999999996794,0.2545584106851986
3.9199999999996793,0.2542616456148585
3.920999999999679,0.25396562632063113
3.921999999999679,0.25367035227467344
3.922999999999679,0.25337582294718447
3.923999999999679,0.25308203780641525
3.9249999999996787,0.25278899631868257
3.9259999999996786,0.2524966979483771
3.9269999999996785,0.2522051421579797
3.9279999999996784,0.2519143284080698
3.9289999999996783,0.25162425615733963
3.929999999999678,0.2513349248626028
3.930999999999678,0.25104633397881004
3.931999999999678,0.25075848295905695
3.932999999999678,0.25047137125459873
3.9339999999996778,0.25018499831485963
3.9349999999996776,0.24989936358744505
3.9359999999996775,0.24961446651815355
3.9369999999996774,0.24933030655098856
3.9379999999996773,0.2490468831281692
3.938999999999677,0.24876419569014097
3.939999999999677,0.24848224367558958
3.940999999999677,0.2482010265214511
3.941999999999677,0.24792054366292068
3.9429999999996768,0.24764079453346913
3.9439999999996767,0.24736177856485037
3.9449999999996765,0.24708349518711253
3.9459999999996764,0.24680594382861273
3.9469999999996763,0.24652912391602394
3.947999999999676,0.24625303487434994
3.948999999999676,0.2459776761269328
3.949999999999676,0.24570304709546736
3.950999999999676,0.24542914720001047
3.9519999999996758,0.24515597585899176
3.9529999999996757,0.24488353248922687
3.9539999999996756,0.24461181650592578
3.9549999999996754,0.24434082732270468
3.9559999999996753,0.24407056435159788
3.956999999999675,0.24380102700306813
3.957999999999675,0.2435322146860156
3.958999999999675,0.24326412680779297
3.959999999999675,0.24299676277421214
3.960999999999675,0.24273012198955624
3.9619999999996747,0.24246420385659198
3.9629999999996746,0.24219900777657793
3.9639999999996745,0.2419345331492766
3.9649999999996743,0.24167077937296508
3.9659999999996742,0.24140774584444472
3.966999999999674,0.2411454319590532
3.967999999999674,0.24088383711067365
3.968999999999674,0.24062296069174513
3.969999999999674,0.24036280209327554
3.9709999999996737,0.24010336070484786
3.9719999999996736,0.23984463591463484
3.9729999999996735,0.23958662710940554
3.9739999999996733,0.23932933367453924
3.9749999999996732,0.23907275499403235
3.975999999999673,0.23881689045051308
3.976999999999673,0.2385617394252455
3.977999999999673,0.23830730129814526
3.978999999999673,0.23805357544778735
3.9799999999996727,0.23780056125141716
3.9809999999996726,0.2375482580849586
3.9819999999996725,0.23729666532302537
3.9829999999996724,0.2370457823389328
3.9839999999996722,0.23679560850470543
3.984999999999672,0.23654614319108744
3.985999999999672,0.2362973857675516
3.986999999999672,0.23604933560231395
3.987999999999672,0.23580199206233582
3.9889999999996717,0.2355553545133409
3.9899999999996716,0.23530942231982038
3.9909999999996715,0.23506419484504534
3.9919999999996714,0.23481967145107357
3.9929999999996713,0.23457585149876367
3.993999999999671,0.23433273434778024
3.994999999999671,0.23409031935660568
3.995999999999671,0.2338486058825502
3.996999999999671,0.23360759328175834
3.9979999999996707,0.2333672809092226
3.9989999999996706,0.23312766811879052
3.9999999999996705,0.23288875426317368
4.000999999999671,0.23265053869395924
4.001999999999671,0.2324130207616154
4.0029999999996715,0.23217619981550577
4.003999999999672,0.23194007520389417
4.004999999999672,0.2317046462739574
4.0059999999996725,0.23146991237179007
4.006999999999673,0.2312358728424195
4.007999999999673,0.23100252702980906
4.0089999999996735,0.23076987427687132
4.009999999999674,0.23053791392547437
4.010999999999674,0.2303066453164543
4.0119999999996745,0.23007606778961942
4.012999999999675,0.22984618068376314
4.013999999999675,0.22961698333667063
4.0149999999996755,0.2293884750851283
4.015999999999676,0.22916065526493323
4.016999999999676,0.2289335232109012
4.0179999999996765,0.2287070782568757
4.018999999999677,0.22848131973573518
4.019999999999677,0.2282562469794049
4.0209999999996775,0.22803185931886302
4.021999999999678,0.2278081560841483
4.022999999999678,0.22758513660437232
4.0239999999996785,0.22736280020772387
4.024999999999679,0.2271411462214801
4.025999999999679,0.2269201739720137
4.0269999999996795,0.2266998827848023
4.02799999999968,0.22648027198443565
4.02899999999968,0.22626134089462363
4.0299999999996805,0.2260430888382069
4.030999999999681,0.22582551513716093
4.031999999999681,0.22560861911260988
4.0329999999996815,0.2253924000848284
4.033999999999682,0.22517685737325527
4.034999999999682,0.2249619902964966
4.0359999999996825,0.22474779817233845
4.036999999999683,0.22453428031775113
4.037999999999683,0.22432143604889884
4.0389999999996835,0.2241092646811483
4.039999999999684,0.2238977655290737
4.040999999999684,0.2236869379064673
4.0419999999996845,0.2234767811263462
4.042999999999685,0.22326729450096047
4.043999999999685,0.22305847734179962
4.0449999999996855,0.22285032895960108
4.045999999999686,0.22264284866435816
4.046999999999686,0.22243603576532836
4.0479999999996865,0.22222988957103687
4.048999999999687,0.22202440938928905
4.049999999999687,0.22181959452717528
4.0509999999996875,0.22161544429107857
4.051999999999688,0.22141195798668148
4.052999999999688,0.22120913491897545
4.0539999999996885,0.2210069743922659
4.054999999999689,0.22080547571017883
4.055999999999689,0.22060463817567333
4.0569999999996895,0.2204044610910393
4.05799999999969,0.22020494375791427
4.05899999999969,0.2200060854772848
4.0599999999996905,0.2198078855494945
4.060999999999691,0.21961034327425108
4.061999999999691,0.21941345795063513
4.0629999999996915,0.2192172288771036
4.063999999999692,0.21902165535149956
4.064999999999692,0.21882673667105834
4.0659999999996925,0.21863247213241244
4.066999999999693,0.21843886103160046
4.067999999999693,0.2182459026640733
4.0689999999996935,0.2180535963247006
4.069999999999694,0.21786194130777545
4.070999999999694,0.21767093690702513
4.0719999999996945,0.21748058241561363
4.072999999999695,0.21729087712614997
4.073999999999695,0.2171018203306948
4.0749999999996955,0.21691341132076583
4.075999999999696,0.21672564938734418
4.076999999999696,0.21653853382088273
4.0779999999996965,0.21635206391130854
4.078999999999697,0.21616623894803264
4.079999999999697,0.21598105821995506
4.0809999999996975,0.21579652101546962
4.081999999999698,0.2156126266224719
4.082999999999698,0.21542937432836393
4.0839999999996985,0.21524676342006152
4.084999999999699,0.2150647931839986
4.085999999999699,0.21488346290613441
4.0869999999996995,0.214702771871959
4.0879999999997,0.21452271936649786
4.0889999999997,0.2143433046743201
4.0899999999997005,0.2141645270795419
4.090999999999701,0.21398638586583424
4.091999999999701,0.21380888031642664
4.0929999999997015,0.21363200971411306
4.093999999999702,0.2134557733412595
4.094999999999702,0.21328017047980674
4.0959999999997025,0.2131052004112779
4.096999999999703,0.2129308624167822
4.097999999999703,0.21275715577702184
4.0989999999997035,0.21258407977229696
4.099999999999704,0.21241163368250968
4.100999999999704,0.21223981678717102
4.1019999999997045,0.21206862836540608
4.102999999999705,0.2118980676959575
4.103999999999705,0.21172813405719126
4.1049999999997056,0.21155882672710413
4.105999999999706,0.21139014498332537
4.106999999999706,0.21122208810312373
4.1079999999997066,0.2110546553634104
4.108999999999707,0.21088784604074798
4.109999999999707,0.21072165941135015
4.1109999999997076,0.21055609475108975
4.111999999999708,0.21039115133550418
4.112999999999708,0.21022682843979662
4.113999999999709,0.21006312533884497
4.114999999999709,0.20990004130720324
4.115999999999709,0.20973757561910739
4.11699999999971,0.20957572754848047
4.11799999999971,0.2094144963689367
4.11899999999971,0.20925388135378456
4.119999999999711,0.20909388177603347
4.120999999999711,0.2089344969083972
4.121999999999711,0.20877572602329741
4.122999999999712,0.20861756839286968
4.123999999999712,0.20846002328896618
4.124999999999712,0.20830308998316074
4.125999999999713,0.2081467677467529
4.126999999999713,0.20799105585077174
4.127999999999713,0.2078359535659813
4.128999999999714,0.20768146016288144
4.129999999999714,0.2075275749117158
4.130999999999714,0.20737429708247213
4.131999999999715,0.2072216259448896
4.132999999999715,0.2070695607684609
4.133999999999715,0.20691810082243456
4.134999999999716,0.20676724537582267
4.135999999999716,0.20661699369740014
4.136999999999716,0.20646734505571238
4.137999999999717,0.2063182987190763
4.138999999999717,0.2061698539555838
4.139999999999717,0.20602201003310905
4.140999999999718,0.20587476621930645
4.141999999999718,0.20572812178161856
4.142999999999718,0.2055820759872776
4.143999999999719,0.20543662810330904
4.144999999999719,0.20529177739653523
4.145999999999719,0.2051475231335785
4.14699999999972,0.2050038645808646
4.14799999999972,0.20486080100462553
4.14899999999972,0.20471833167090367
4.149999999999721,0.2045764558455541
4.150999999999721,0.20443517279424703
4.151999999999721,0.20429448178247284
4.152999999999722,0.20415438207554384
4.153999999999722,0.20401487293859633
4.154999999999722,0.20387595363659636
4.155999999999723,0.2037376234343389
4.156999999999723,0.2035998815964528
4.157999999999723,0.20346272738740567
4.158999999999724,0.20332616007150103
4.159999999999724,0.20319017891288757
4.160999999999724,0.2030547831755557
4.161999999999725,0.20291997212334553
4.162999999999725,0.20278574501994545
4.163999999999725,0.2026521011288971
4.164999999999726,0.20251903971359617
4.165999999999726,0.2023865600372954
4.166999999999726,0.20225466136310985
4.167999999999727,0.20212334295401388
4.168999999999727,0.20199260407284786
4.169999999999727,0.20186244398231765
4.170999999999728,0.20173286194499943
4.171999999999728,0.20160385722334004
4.172999999999728,0.20147542907965982
4.173999999999729,0.20134757677615456
4.174999999999729,0.20122029957489815
4.175999999999729,0.2010935967378428
4.17699999999973,0.2009674675268241
4.17799999999973,0.20084191120355946
4.17899999999973,0.20071692702965346
4.179999999999731,0.20059251426659724
4.180999999999731,0.20046867217577077
4.181999999999731,0.20034540001844614
4.182999999999732,0.20022269705578785
4.183999999999732,0.2001005625488536
4.184999999999732,0.19997899575859893
4.185999999999733,0.1998579959458762
4.186999999999733,0.19973756237143825
4.187999999999733,0.19961769429593718
4.188999999999734,0.19949839097992864
4.189999999999734,0.1993796516838719
4.190999999999734,0.19926147566813132
4.191999999999735,0.19914386219297817
4.192999999999735,0.19902681051859153
4.193999999999735,0.19891031990506036
4.194999999999736,0.1987943896123837
4.195999999999736,0.19867901890047174
4.196999999999736,0.1985642070291492
4.197999999999737,0.19844995325815423
4.198999999999737,0.1983362568471398
4.199999999999737,0.1982231170556746
4.200999999999738,0.19811053314324636
4.201999999999738,0.19799850436926003
4.202999999999738,0.19788702999303964
4.203999999999739,0.19777610927382963
4.204999999999739,0.19766574147079613
4.205999999999739,0.19755592584302506
4.20699999999974,0.1974466616495274
4.20799999999974,0.19733794814923464
4.20899999999974,0.1972297846010046
4.209999999999741,0.19712217026361945
4.210999999999741,0.19701510439578565
4.211999999999741,0.19690858625613586
4.212999999999742,0.1968026151032297
4.213999999999742,0.19669719019555265
4.214999999999742,0.19659231079151887
4.215999999999743,0.19648797614946978
4.216999999999743,0.1963841855276742
4.217999999999743,0.19628093818433123
4.218999999999744,0.19617823337756646
4.219999999999744,0.19607607036543753
4.220999999999744,0.19597444840592854
4.221999999999745,0.19587336675695466
4.222999999999745,0.19577282467636128
4.223999999999745,0.1956728214219224
4.224999999999746,0.19557335625134215
4.225999999999746,0.19547442842225468
4.226999999999746,0.19537603719222504
4.227999999999747,0.1952781818187467
4.228999999999747,0.1951808615592443
4.229999999999747,0.1950840756710714
4.230999999999748,0.19498782341151108
4.231999999999748,0.19489210403777651
4.232999999999748,0.19479691680700886
4.233999999999749,0.19470226097627993
4.234999999999749,0.19460813580258893
4.235999999999749,0.19451454054286316
4.23699999999975,0.19442147445395913
4.23799999999975,0.1943289367926598
4.23899999999975,0.19423692681567545
4.239999999999751,0.194145443779643
4.240999999999751,0.19405448694112523
4.241999999999751,0.19396405555661117
4.242999999999752,0.19387414888251378
4.243999999999752,0.1937847661751714
4.244999999999752,0.1936959066908445
4.245999999999753,0.1936075696857192
4.246999999999753,0.19351975441590086
4.247999999999753,0.19343246013741744
4.248999999999754,0.19334568610621872
4.249999999999754,0.19325943157817282
4.250999999999754,0.19317369580906693
4.251999999999755,0.19308847805460733
4.252999999999755,0.193003777570416
4.253999999999755,0.1929195936120319
4.254999999999756,0.1928359254349091
4.255999999999756,0.19275277229441531
4.256999999999756,0.1926701334458312
4.257999999999757,0.19258800814435
4.258999999999757,0.19250639564507482
4.259999999999757,0.1924252952030183
4.260999999999758,0.19234470607310164
4.261999999999758,0.19226462751015383
4.262999999999758,0.19218505876890754
4.263999999999759,0.1921059991040018
4.264999999999759,0.1920274477699777
4.265999999999759,0.1919494040212785
4.26699999999976,0.19187186711224719
4.26799999999976,0.19179483629712615
4.26899999999976,0.19171831083005464
4.269999999999761,0.1916422899650669
4.270999999999761,0.19156677295609406
4.271999999999761,0.1914917590569558
4.272999999999762,0.19141724752136655
4.273999999999762,0.19134323760292754
4.274999999999762,0.1912697285551291
4.275999999999763,0.1911967196313471
4.276999999999763,0.1911242100848417
4.277999999999763,0.1910521991687543
4.278999999999764,0.19098068613610886
4.279999999999764,0.19090967023980604
4.280999999999764,0.1908391507326248
4.281999999999765,0.19076912686721928
4.282999999999765,0.19069959789611463
4.283999999999765,0.19063056307170875
4.284999999999766,0.19056202164626818
4.285999999999766,0.19049397287192635
4.286999999999766,0.1904264160006814
4.287999999999767,0.19035935028439463
4.288999999999767,0.19029277497478805
4.289999999999767,0.19022668932344117
4.290999999999768,0.19016109258179156
4.291999999999768,0.19009598400112956
4.292999999999768,0.19003136283259775
4.293999999999769,0.18996722832718857
4.294999999999769,0.1899035797357423
4.295999999999769,0.18984041630894197
4.29699999999977,0.18977773729731484
4.29799999999977,0.18971554195122944
4.29899999999977,0.18965382952088972
4.299999999999771,0.18959259925633634
4.300999999999771,0.18953185040744133
4.301999999999771,0.18947158222390958
4.302999999999772,0.18941179395527175
4.303999999999772,0.18935248485088402
4.304999999999772,0.18929365415992494
4.305999999999773,0.18923530113139392
4.306999999999773,0.18917742501410725
4.307999999999773,0.1891200250566956
4.308999999999774,0.18906310050760192
4.309999999999774,0.18900665061507782
4.310999999999774,0.18895067462718176
4.311999999999775,0.18889517179177645
4.312999999999775,0.18884014135652408
4.313999999999775,0.18878558256888556
4.314999999999776,0.18873149467611666
4.315999999999776,0.18867787692526558
4.316999999999776,0.1886247285631698
4.317999999999777,0.18857204883645304
4.318999999999777,0.18851983699152286
4.319999999999777,0.18846809227456507
4.320999999999778,0.18841681393154605
4.321999999999778,0.1883660012082039
4.322999999999778,0.18831565335004885
4.323999999999779,0.18826576960235933
4.324999999999779,0.18821634921017863
4.325999999999779,0.18816739141831135
4.32699999999978,0.18811889547132116
4.32799999999978,0.1880708606135271
4.32899999999978,0.18802328608899974
4.329999999999781,0.18797617114156018
4.330999999999781,0.18792951501477334
4.331999999999781,0.1878833169519474
4.332999999999782,0.18783757619612917
4.333999999999782,0.18779229199010194
4.334999999999782,0.18774746357638042
4.335999999999783,0.18770309019720843
4.336999999999783,0.18765917109455524
4.337999999999783,0.18761570551011272
4.338999999999784,0.18757269268528953
4.339999999999784,0.18753013186121198
4.340999999999784,0.18748802227871683
4.341999999999785,0.1874463631783474
4.342999999999785,0.18740515380035425
4.343999999999785,0.18736439338468602
4.344999999999786,0.18732408117099042
4.345999999999786,0.1872842163986089
4.346999999999786,0.1872447983065722
4.347999999999787,0.1872058261335976
4.348999999999787,0.1871672991180853
4.349999999999787,0.1871292164981143
4.350999999999788,0.18709157751143887
4.351999999999788,0.18705438139548414
4.352999999999788,0.18701762738734468
4.353999999999789,0.1869813147237771
4.354999999999789,0.18694544264120014
4.355999999999789,0.18691001037568625
4.35699999999979,0.18687501716296254
4.35799999999979,0.1868404622384042
4.35899999999979,0.1868063448370307
4.359999999999791,0.18677266419350233
4.360999999999791,0.1867394195421169
4.361999999999791,0.18670661011680387
4.362999999999792,0.18667423515112344
4.363999999999792,0.18664229387825912
4.364999999999792,0.1866107855310162
4.365999999999793,0.1865797093418169
4.366999999999793,0.18654906454269626
4.367999999999793,0.186518850365299
4.368999999999794,0.18648906604087226
4.369999999999794,0.18645971080026733
4.370999999999794,0.18643078387392883
4.371999999999795,0.18640228449189608
4.372999999999795,0.18637421188379547
4.373999999999795,0.18634656527883886
4.374999999999796,0.18631934390581634
4.375999999999796,0.18629254699309505
4.376999999999796,0.18626617376861404
4.377999999999797,0.18624022345987828
4.378999999999797,0.1862146952939577
4.379999999999797,0.18618958849747916
4.380999999999798,0.1861649022966263
4.381999999999798,0.1861406359171305
4.382999999999798,0.18611678858427239
4.383999999999799,0.18609335952287157
4.384999999999799,0.18607034795728572
4.385999999999799,0.1860477531114065
4.3869999999998,0.18602557420865276
4.3879999999998,0.1860038104719693
4.3889999999998,0.18598246112382041
4.389999999999801,0.18596152538618455
4.390999999999801,0.18594100248055273
4.391999999999801,0.18592089162792255
4.392999999999802,0.18590119204879268
4.393999999999802,0.18588190296316098
4.394999999999802,0.18586302359051768
4.395999999999803,0.18584455314984222
4.396999999999803,0.18582649085959824
4.397999999999803,0.18580883593772965
4.398999999999804,0.18579158760165512
4.399999999999804,0.1857747450682639
4.400999999999804,0.18575830755391232
4.401999999999805,0.18574227427441822
4.402999999999805,0.18572664444505657
4.403999999999805,0.18571141728055365
4.404999999999806,0.18569659199508545
4.405999999999806,0.18568216780227034
4.406999999999806,0.18566814391516576
4.407999999999807,0.18565451954626294
4.408999999999807,0.18564129390748396
4.409999999999807,0.18562846621017393
4.410999999999808,0.18561603566509965
4.411999999999808,0.18560400148244177
4.412999999999808,0.18559236287179398
4.413999999999809,0.18558111904215518
4.414999999999809,0.18557026920192501
4.415999999999809,0.18555981255890144
4.41699999999981,0.1855497483202739
4.41799999999981,0.1855400756926188
4.41899999999981,0.18553079388189636
4.419999999999811,0.1855219020934445
4.420999999999811,0.1855133995319727
4.421999999999811,0.18550528540156144
4.422999999999812,0.18549755890565317
4.423999999999812,0.18549021924705103
4.424999999999812,0.18548326562791081
4.425999999999813,0.18547669724973814
4.426999999999813,0.18547051331338385
4.427999999999813,0.185464713019038
4.428999999999814,0.1854592955662268
4.429999999999814,0.18545426015380526
4.430999999999814,0.18544960597995555
4.431999999999815,0.18544533224217907
4.432999999999815,0.18544143813729463
4.433999999999815,0.18543792286143057
4.434999999999816,0.18543478561002175
4.435999999999816,0.18543202557780586
4.436999999999816,0.18542964195881517
4.437999999999817,0.1854276339463751
4.438999999999817,0.18542600073309737
4.439999999999817,0.18542474151087593
4.440999999999818,0.18542385547088172
4.441999999999818,0.18542334180355824
4.442999999999818,0.18542319969861604
4.443999999999819,0.1854234283450288
4.444999999999819,0.18542402693102786
4.445999999999819,0.1854249946440968
4.44699999999982,0.1854263306709683
4.44799999999982,0.18542803419761716
4.44899999999982,0.18543010440925636
4.449999999999821,0.18543254049033378
4.450999999999821,0.18543534162452344
4.451999999999821,0.18543850699472464
4.452999999999822,0.18544203578305546
4.453999999999822,0.18544592717084674
4.454999999999822,0.18545018033863891
4.455999999999823,0.18545479446617633
4.456999999999823,0.18545976873240289
4.457999999999823,0.18546510231545565
4.458999999999824,0.18547079439266279
4.459999999999824,0.18547684414053497
4.460999999999824,0.1854832507347637
4.461999999999825,0.18549001335021517
4.462999999999825,0.18549713116092564
4.463999999999825,0.18550460334009528
4.464999999999826,0.18551242906008475
4.465999999999826,0.18552060749241017
4.466999999999826,0.1855291378077377
4.467999999999827,0.18553801917587914
4.468999999999827,0.18554725076578604
4.4699999999998274,0.18555683174554616
4.470999999999828,0.18556676128237842
4.471999999999828,0.18557703854262655
4.4729999999998284,0.18558766269175583
4.473999999999829,0.18559863289434755
4.474999999999829,0.18560994831409533
4.4759999999998294,0.18562160811379622
4.47699999999983,0.18563361145535243
4.47799999999983,0.18564595749975987
4.4789999999998305,0.1856586454071082
4.479999999999831,0.18567167433657297
4.480999999999831,0.18568504344641187
4.4819999999998315,0.18569875189396023
4.482999999999832,0.18571279883562525
4.483999999999832,0.18572718342688313
4.4849999999998325,0.18574190482227046
4.485999999999833,0.18575696217538382
4.486999999999833,0.18577235463887154
4.4879999999998335,0.18578808136443106
4.488999999999834,0.18580414150280294
4.489999999999834,0.18582053420376618
4.4909999999998345,0.18583725861613362
4.491999999999835,0.1858543138877486
4.492999999999835,0.1858716991654763
4.4939999999998355,0.18588941359520292
4.494999999999836,0.18590745632182915
4.495999999999836,0.1859258264892654
4.4969999999998365,0.1859445232404282
4.497999999999837,0.18596354571723314
4.498999999999837,0.1859828930605926
4.4999999999998375,0.1860025644104084
4.500999999999838,0.18602255890557115
4.501999999999838,0.186042875683951
4.5029999999998385,0.18606351388239498
4.503999999999839,0.1860844726367237
4.504999999999839,0.18610575108172245
4.5059999999998395,0.18612734835114306
4.50699999999984,0.1861492635776913
4.50799999999984,0.18617149589302964
4.5089999999998405,0.18619404442776752
4.509999999999841,0.18621690831145943
4.510999999999841,0.18624008667259764
4.5119999999998415,0.1862635786386112
4.512999999999842,0.18628738333585831
4.513999999999842,0.18631149988962373
4.5149999999998425,0.18633592742411018
4.515999999999843,0.18636066506244148
4.516999999999843,0.18638571192664952
4.5179999999998435,0.18641106713767594
4.518999999999844,0.18643672981536227
4.519999999999844,0.18646269907845073
4.5209999999998445,0.18648897404457632
4.521999999999845,0.18651555383026328
4.522999999999845,0.18654243755092068
4.5239999999998455,0.1865696243208363
4.524999999999846,0.1865971132531758
4.525999999999846,0.1866249034599744
4.5269999999998465,0.18665299405213404
4.527999999999847,0.18668138413942073
4.528999999999847,0.18671007283045685
4.5299999999998475,0.18673905923271786
4.530999999999848,0.18676834245252893
4.531999999999848,0.18679792159506067
4.5329999999998485,0.1868277957643223
4.533999999999849,0.1868579640631611
4.534999999999849,0.18688842559325342
4.5359999999998495,0.18691917945510478
4.53699999999985,0.18695022474804396
4.53799999999985,0.18698156057021617
4.5389999999998505,0.18701318601858324
4.539999999999851,0.18704510018891676
4.540999999999851,0.18707730217579255
4.5419999999998515,0.18710979107258982
4.542999999999852,0.18714256597148485
4.543999999999852,0.18717562596344703
4.5449999999998525,0.18720897013823415
4.545999999999853,0.18724259758439013
4.546999999999853,0.18727650738923748
4.5479999999998535,0.18731069863887803
4.548999999999854,0.18734517041818424
4.549999999999854,0.18737992181079732
4.5509999999998545,0.1874149518991232
4.551999999999855,0.187450259764327
4.552999999999855,0.18748584448633132
4.5539999999998555,0.18752170514380992
4.554999999999856,0.1875578408141851
4.555999999999856,0.18759425057362347
4.5569999999998565,0.18763093349703047
4.557999999999857,0.18766788865805006
4.558999999999857,0.1877051151290568
4.5599999999998575,0.18774261198115386
4.560999999999858,0.18778037828416907
4.561999999999858,0.18781841310665126
4.5629999999998585,0.1878567155158642
4.563999999999859,0.18789528457778773
4.564999999999859,0.1879341193571073
4.5659999999998595,0.1879732189172164
4.56699999999986,0.18801258232020832
4.56799999999986,0.18805220862687533
4.5689999999998605,0.18809209689670164
4.569999999999861,0.18813224618786364
4.570999999999861,0.188172655557225
4.5719999999998615,0.1882133240603302
4.572999999999862,0.1882542507514043
4.573999999999862,0.18829543468334678
4.5749999999998625,0.18833687490773107
4.575999999999863,0.18837857047479803
4.576999999999863,0.1884205204334528
4.5779999999998635,0.1884627238312636
4.578999999999864,0.18850517971445416
4.579999999999864,0.1885478871279055
4.5809999999998645,0.1885908451151472
4.581999999999865,0.1886340527183563
4.582999999999865,0.18867750897835592
4.5839999999998655,0.18872121293460822
4.584999999999866,0.18876516362521253
4.585999999999866,0.18880936008690263
4.5869999999998665,0.1888538013550431
4.587999999999867,0.18889848646362473
4.588999999999867,0.18894341444526416
4.5899999999998675,0.18898858433119647
4.590999999999868,0.18903399515127592
4.591999999999868,0.1890796459339706
4.5929999999998685,0.18912553570636056
4.593999999999869,0.1891716634941316
4.594999999999869,0.18921802832157653
4.5959999999998695,0.18926462921159032
4.59699999999987,0.18931146518566358
4.59799999999987,0.1893585352638849
4.5989999999998705,0.18940583846493625
4.599999999999871,0.18945337380608762
4.600999999999871,0.18950114030319481
4.6019999999998715,0.1895491369707
4.602999999999872,0.18959736282162407
4.603999999999872,0.18964581686756724
4.6049999999998725,0.18969449811870284
4.605999999999873,0.18974340558377875
4.606999999999873,0.18979253827011003
4.6079999999998735,0.18984189518357933
4.608999999999874,0.18989147532863393
4.609999999999874,0.18994127770828084
4.6109999999998745,0.18999130132408693
4.611999999999875,0.1900415451761731
4.612999999999875,0.19009200826321473
4.6139999999998755,0.1901426895824378
4.614999999999876,0.19019358812961534
4.615999999999876,0.19024470289906595
4.6169999999998765,0.19029603288365235
4.617999999999877,0.19034757707477556
4.618999999999877,0.1903993344623759
4.6199999999998775,0.19045130403492883
4.620999999999878,0.19050348477944298
4.621999999999878,0.19055587568145776
4.6229999999998785,0.19060847572504058
4.623999999999879,0.19066128389278478
4.624999999999879,0.1907142991658083
4.6259999999998795,0.19076752052374893
4.62699999999988,0.19082094694476623
4.62799999999988,0.1908745774055348
4.6289999999998805,0.1909284108812445
4.629999999999881,0.19098244634559874
4.630999999999881,0.1910366827708111
4.6319999999998815,0.19109111912760315
4.632999999999882,0.19114575438520484
4.633999999999882,0.1912005875113489
4.6349999999998825,0.19125561747227138
4.635999999999883,0.19131084323270905
4.636999999999883,0.19136626375589827
4.6379999999998835,0.19142187800357077
4.638999999999884,0.1914776849359545
4.639999999999884,0.19153368351176955
4.6409999999998846,0.19158987268822827
4.641999999999885,0.19164625142103306
4.642999999999885,0.1917028186643739
4.6439999999998856,0.19175957337092686
4.644999999999886,0.19181651449185277
4.645999999999886,0.19187364097679646
4.6469999999998866,0.19193095177388345
4.647999999999887,0.19198844582971944
4.648999999999887,0.19204612208938762
4.649999999999888,0.1921039794964507
4.650999999999888,0.19216201699294408
4.651999999999888,0.19222023351937928
4.652999999999889,0.19227862801473974
4.653999999999889,0.1923371994164805
4.654999999999889,0.1923959466605272
4.65599999999989,0.19245486868127284
4.65699999999989,0.19251396441158056
4.65799999999989,0.19257323278277824
4.658999999999891,0.19263267272465945
4.659999999999891,0.19269228316548187
4.660999999999891,0.19275206303196585
4.661999999999892,0.1928120112492949
4.662999999999892,0.19287212674111348
4.663999999999892,0.1929324084295236
4.664999999999893,0.19299285523509074
4.665999999999893,0.19305346607683477
4.666999999999893,0.19311423987223367
4.667999999999894,0.1931751755372238
4.668999999999894,0.1932362719861953
4.669999999999894,0.19329752813199472
4.670999999999895,0.19335894288592057
4.671999999999895,0.19342051515772765
4.672999999999895,0.1934822438556213
4.673999999999896,0.19354412788626024
4.674999999999896,0.19360616615475543
4.675999999999896,0.19366835756466738
4.676999999999897,0.193730701018009
4.677999999999897,0.19379319541524165
4.678999999999897,0.1938558396552784
4.679999999999898,0.19391863263548006
4.680999999999898,0.19398157325165677
4.681999999999898,0.19404466039806836
4.682999999999899,0.19410789296742237
4.683999999999899,0.19417126985087485
4.684999999999899,0.19423478993802912
4.6859999999999,0.19429845211693772
4.6869999999999,0.1943622552741004
4.6879999999999,0.1944261982944642
4.688999999999901,0.19449028006142285
4.689999999999901,0.19455449945682088
4.690999999999901,0.19461885536094814
4.691999999999902,0.1946833466525424
4.692999999999902,0.19474797220879006
4.693999999999902,0.19481273090532508
4.694999999999903,0.1948776216162307
4.695999999999903,0.1949426432140367
4.696999999999903,0.19500779456972395
4.697999999999904,0.1950730745527208
4.698999999999904,0.19513848203090586
4.699999999999904,0.19520401587060707
4.700999999999905,0.1952696749366036
4.701999999999905,0.19533545809212516
4.702999999999905,0.19540136419885237
4.703999999999906,0.1954673921169176
4.704999999999906,0.19553354070490703
4.705999999999906,0.19559980881985825
4.706999999999907,0.19566619531726426
4.707999999999907,0.1957326990510717
4.708999999999907,0.1957993188736838
4.709999999999908,0.19586605363595713
4.710999999999908,0.1959329021872092
4.711999999999908,0.19599986337521302
4.712999999999909,0.19606693604620037
4.713999999999909,0.19613411904486455
4.714999999999909,0.19620141121435752
4.71599999999991,0.19626881139629576
4.71699999999991,0.19633631843075586
4.71799999999991,0.19640393115628116
4.718999999999911,0.19647164840987993
4.719999999999911,0.19653946902702532
4.720999999999911,0.19660739184165998
4.721999999999912,0.19667541568619715
4.722999999999912,0.1967435393915164
4.723999999999912,0.19681176178697352
4.724999999999913,0.19688008170039564
4.725999999999913,0.19694849795808522
4.726999999999913,0.1970170093848213
4.727999999999914,0.19708561480386197
4.728999999999914,0.19715431303694206
4.729999999999914,0.19722310290428116
4.730999999999915,0.19729198322457991
4.731999999999915,0.19736095281502383
4.732999999999915,0.19743001049128717
4.733999999999916,0.19749915506752883
4.734999999999916,0.19756838535640114
4.735999999999916,0.19763770016904755
4.736999999999917,0.1977070983151059
4.737999999999917,0.19777657860271014
4.738999999999917,0.1978461398384924
4.739999999999918,0.19791578082758457
4.740999999999918,0.19798550037362359
4.741999999999918,0.19805529727874793
4.742999999999919,0.19812517034360494
4.743999999999919,0.19819511836735101
4.744999999999919,0.19826514014765395
4.74599999999992,0.19833523448069496
4.74699999999992,0.19840540016117214
4.74799999999992,0.19847563598230236
4.748999999999921,0.19854594073582368
4.749999999999921,0.1986163132119985
4.750999999999921,0.19868675219961504
4.751999999999922,0.1987572564859901
4.752999999999922,0.19882782485697384
4.753999999999922,0.19889845609695012
4.754999999999923,0.19896914898883997
4.755999999999923,0.19903990231410418
4.756999999999923,0.19911071485274764
4.757999999999924,0.19918158538331973
4.758999999999924,0.1992525126829201
4.759999999999924,0.19932349552719844
4.760999999999925,0.1993945326903616
4.761999999999925,0.19946562294517195
4.762999999999925,0.1995367650629554
4.763999999999926,0.19960795781360013
4.764999999999926,0.19967919996556252
4.765999999999926,0.1997504902858709
4.766999999999927,0.19982182754012548
4.767999999999927,0.19989321049250613
4.768999999999927,0.19996463790577254
4.769999999999928,0.20003610854126788
4.770999999999928,0.20010762115892589
4.771999999999928,0.20017917451726863
4.772999999999929,0.20025076737341552
4.773999999999929,0.20032239848308359
4.774999999999929,0.20039406660059225
4.77599999999993,0.20046577047886663
4.77699999999993,0.20053750886944302
4.77799999999993,0.2006092805224699
4.778999999999931,0.20068108418671513
4.779999999999931,0.2007529186095664
4.780999999999931,0.20082478253703737
4.781999999999932,0.2008966747137711
4.782999999999932,0.20096859388304458
4.783999999999932,0.20104053878677258
4.784999999999933,0.20111250816551113
4.785999999999933,0.20118450075846325
4.786999999999933,0.20125651530348027
4.787999999999934,0.20132855053707077
4.788999999999934,0.20140060519439976
4.789999999999934,0.20147267800929763
4.790999999999935,0.20154476771426025
4.791999999999935,0.2016168730404577
4.792999999999935,0.20168899271773733
4.793999999999936,0.2017611254746245
4.794999999999936,0.20183327003833385
4.795999999999936,0.20190542513476942
4.796999999999937,0.20197758948853048
4.797999999999937,0.2020497618229172
4.798999999999937,0.2021219408599334
4.799999999999938,0.20219412532029368
4.800999999999938,0.20226631392342748
4.801999999999938,0.20233850538748263
4.802999999999939,0.20241069842933357
4.803999999999939,0.20248289176458265
4.804999999999939,0.20255508410756864
4.80599999999994,0.20262727417136842
4.80699999999994,0.20269946066780598
4.80799999999994,0.20277164230745515
4.808999999999941,0.20284381779964383
4.809999999999941,0.2029159858524637
4.810999999999941,0.20298814517277028
4.811999999999942,0.2030602944661929
4.812999999999942,0.20313243243713716
4.813999999999942,0.20320455778879093
4.814999999999943,0.2032766692231322
4.815999999999943,0.2033487654409318
4.816999999999943,0.20342084514176062
4.817999999999944,0.203492907023995
4.818999999999944,0.2035649497848222
4.819999999999944,0.2036369721202471
4.820999999999945,0.20370897272509672
4.821999999999945,0.20378095029302642
4.822999999999945,0.2038529035165275
4.823999999999946,0.20392483108693218
4.824999999999946,0.20399673169441723
4.825999999999946,0.20406860402801474
4.826999999999947,0.20414044677561438
4.827999999999947,0.20421225862397208
4.828999999999947,0.2042840382587138
4.829999999999948,0.20435578436434418
4.830999999999948,0.20442749562425155
4.831999999999948,0.2044991707207148
4.832999999999949,0.20457080833491048
4.833999999999949,0.20464240714691617
4.834999999999949,0.20471396583572254
4.83599999999995,0.20478548307923375
4.83699999999995,0.20485695755427827
4.83799999999995,0.2049283879366143
4.838999999999951,0.20499977290093713
4.839999999999951,0.2050711111208826
4.840999999999951,0.20514240126904093
4.841999999999952,0.20521364201695494
4.842999999999952,0.20528483203513356
4.843999999999952,0.20535596999305553
4.844999999999953,0.2054270545591777
4.845999999999953,0.2054980844009415
4.846999999999953,0.20556905818478055
4.847999999999954,0.20563997457612634
4.848999999999954,0.20571083223941805
4.849999999999954,0.20578162983810724
4.850999999999955,0.20585236603466628
4.851999999999955,0.2059230394905957
4.852999999999955,0.20599364886643154
4.853999999999956,0.20606419282175348
4.854999999999956,0.20613467001518915
4.855999999999956,0.20620507910442518
4.856999999999957,0.2062754187462149
4.857999999999957,0.20634568759638303
4.858999999999957,0.20641588430983426
4.859999999999958,0.20648600754056426
4.860999999999958,0.20655605594166251
4.861999999999958,0.2066260281653235
4.862999999999959,0.20669592286285252
4.863999999999959,0.20676573868467507
4.864999999999959,0.20683547428034477
4.86599999999996,0.20690512829854943
4.86699999999996,0.2069746993871219
4.86799999999996,0.20704418619304543
4.868999999999961,0.20711358736246446
4.869999999999961,0.20718290154069044
4.870999999999961,0.2072521273722107
4.871999999999962,0.20732126350069766
4.872999999999962,0.20739030856901713
4.873999999999962,0.20745926121923455
4.874999999999963,0.20752812009262583
4.875999999999963,0.20759688382968597
4.876999999999963,0.20766555107013335
4.877999999999964,0.20773412045292444
4.878999999999964,0.20780259061625778
4.879999999999964,0.20787096019758525
4.880999999999965,0.20793922783361812
4.881999999999965,0.20800739216033862
4.882999999999965,0.20807545181300824
4.883999999999966,0.208143405426173
4.884999999999966,0.20821125163367774
4.885999999999966,0.20827898906867068
4.886999999999967,0.20834661636361573
4.887999999999967,0.20841413215029714
4.888999999999967,0.2084815350598353
4.889999999999968,0.20854882372268765
4.890999999999968,0.20861599676866435
4.891999999999968,0.20868305282693514
4.892999999999969,0.20874999052603674
4.893999999999969,0.20881680849388531
4.894999999999969,0.20888350535778594
4.89599999999997,0.2089500797444361
4.89699999999997,0.20901653027994285
4.89799999999997,0.20908285558982861
4.898999999999971,0.20914905429903968
4.899999999999971,0.20921512503195758
4.900999999999971,0.209281066412408
4.901999999999972,0.20934687706367108
4.902999999999972,0.20941255560848976
4.903999999999972,0.20947810066908026
4.904999999999973,0.20954351086714337
4.905999999999973,0.20960878482387013
4.906999999999973,0.20967392115995817
4.907999999999974,0.20973891849561285
4.908999999999974,0.2098037754505675
4.909999999999974,0.2098684906440828
4.910999999999975,0.20993306269496642
4.911999999999975,0.209997490221577
4.912999999999975,0.21006177184183522
4.913999999999976,0.21012590617323634
4.914999999999976,0.21018989183285844
4.915999999999976,0.2102537274373726
4.916999999999977,0.2103174116030546
4.917999999999977,0.2103809429457943
4.918999999999977,0.2104443200811047
4.919999999999978,0.2105075416241357
4.920999999999978,0.21057060618968151
4.921999999999978,0.21063351239219313
4.922999999999979,0.21069625884578702
4.923999999999979,0.2107588441642585
4.924999999999979,0.2108212669610891
4.92599999999998,0.21088352584945977
4.92699999999998,0.2109456194422609
4.92799999999998,0.21100754635210126
4.928999999999981,0.2110693051913238
4.929999999999981,0.21113089457200984
4.930999999999981,0.21119231310599532
4.931999999999982,0.2112535594048788
4.932999999999982,0.2113146320800332
4.933999999999982,0.2113755297426188
4.934999999999983,0.2114362510035914
4.935999999999983,0.2114967944737133
4.936999999999983,0.21155715876356798
4.937999999999984,0.21161734248356862
4.938999999999984,0.21167734424396836
4.939999999999984,0.2117371626548748
4.940999999999985,0.21179679632625914
4.941999999999985,0.21185624386796664
4.942999999999985,0.2119155038897319
4.943999999999986,0.211974575001185
4.944999999999986,0.212033455811867
4.945999999999986,0.21209214493124084
4.946999999999987,0.2121506409687016
4.947999999999987,0.21220894253358927
4.948999999999987,0.21226704823519865
4.949999999999988,0.21232495668279502
4.950999999999988,0.21238266648561988
4.951999999999988,0.21244017625290854
4.952999999999989,0.2124974845938983
4.953999999999989,0.21255459011784192
4.954999999999989,0.21261149143401872
4.95599999999999,0.21266818715174646
4.95699999999999,0.21272467588039515
4.95799999999999,0.21278095622939616
4.958999999999991,0.21283702680825572
4.959999999999991,0.2128928862265685
4.960999999999991,0.21294853309402623
4.961999999999992,0.2130039660204338
4.962999999999992,0.21305918361571743
4.963999999999992,0.21311418448994088
4.964999999999993,0.213168967253316
4.965999999999993,0.21322353051621304
4.966999999999993,0.21327787288917602
4.967999999999994,0.21333199298293537
4.968999999999994,0.21338588940841616
4.969999999999994,0.21343956077675613
4.970999999999995,0.21349300569931418
4.971999999999995,0.21354622278768431
4.972999999999995,0.21359921065370877
4.973999999999996,0.21365196790948907
4.974999999999996,0.2137044931674012
4.975999999999996,0.21375678504010523
4.976999999999997,0.2138088421405607
4.977999999999997,0.2138606630820373
4.978999999999997,0.21391224647812995
4.979999999999998,0.21396359094276915
4.980999999999998,0.21401469509023602
4.981999999999998,0.2140655575351747
4.982999999999999,0.21411617689260265
4.983999999999999,0.2141665517779286
4.984999999999999,0.21421668080696202
4.986,0.2142665625959254
4.987,0.21431619576147154
4.988,0.2143655789206928
4.989000000000001,0.21441471069113563
4.990000000000001,0.2144635896908144
4.991000000000001,0.21451221453822364
4.992000000000002,0.21456058385235177
4.993000000000002,0.21460869625269402
4.994000000000002,0.21465655035926684
4.995000000000003,0.2147041447926196
4.996000000000003,0.21475147817384957
4.997000000000003,0.2147985491246146
4.998000000000004,0.2148453562671477
4.999000000000004,0.21489189822426685
5.000000000000004,0.21493817361939518
5.001000000000005,0.2149841810765666
5.002000000000005,0.21502991922044729
5.003000000000005,0.21507538667634338
5.004000000000006,0.2151205820702176
5.005000000000006,0.2151655040287011
5.0060000000000064,0.21521015117910963
5.007000000000007,0.21525452214945576
5.008000000000007,0.21529861556846244
5.0090000000000074,0.21534243006557746
5.010000000000008,0.21538596427098836
5.011000000000008,0.21542921681563315
5.0120000000000084,0.21547218633121798
5.013000000000009,0.21551487145022866
5.014000000000009,0.215557270805946
5.0150000000000095,0.21559938303245949
5.01600000000001,0.2156412067646797
5.01700000000001,0.215682740638355
5.0180000000000105,0.21572398329008508
5.019000000000011,0.21576493335733313
5.020000000000011,0.21580558947844264
5.0210000000000115,0.2158459502926503
5.022000000000012,0.21588601444009928
5.023000000000012,0.21592578056185613
5.0240000000000125,0.21596524729992336
5.025000000000013,0.21600441329725345
5.026000000000013,0.21604327719776328
5.0270000000000135,0.21608183764635108
5.028000000000014,0.21612009328890655
5.029000000000014,0.2161580427723289
5.0300000000000145,0.21619568474453998
5.031000000000015,0.21623301785449808
5.032000000000015,0.2162700407522133
5.0330000000000155,0.21630675208876393
5.034000000000016,0.2163431505163055
5.035000000000016,0.21637923468809353
5.0360000000000165,0.21641500325848972
5.037000000000017,0.2164504548829833
5.038000000000017,0.21648558821820227
5.0390000000000175,0.21652040192192715
5.040000000000018,0.21655489465311145
5.041000000000018,0.21658906507188916
5.0420000000000185,0.21662291183959365
5.043000000000019,0.21665643361877276
5.044000000000019,0.21668962907320247
5.0450000000000195,0.21672249686790093
5.04600000000002,0.21675503566914545
5.04700000000002,0.2167872441444872
5.0480000000000205,0.21681912096276332
5.049000000000021,0.21685066479411558
5.050000000000021,0.21688187431000452
5.0510000000000215,0.2169127481832218
5.052000000000022,0.21694328508790825
5.053000000000022,0.21697348369956967
5.0540000000000225,0.21700334269508728
5.055000000000023,0.21703286075273825
5.056000000000023,0.21706203655220718
5.0570000000000235,0.21709086877460373
5.058000000000024,0.21711935610247568
5.059000000000024,0.2171474972198255
5.0600000000000245,0.21717529081212514
5.061000000000025,0.2172027355663328
5.062000000000025,0.2172298301709047
5.0630000000000255,0.21725657331581447
5.064000000000026,0.21728296369256536
5.065000000000026,0.2173089999942078
5.0660000000000265,0.2173346809153531
5.067000000000027,0.21736000515219048
5.068000000000027,0.21738497140250107
5.0690000000000275,0.21740957836567415
5.070000000000028,0.21743382474272294
5.071000000000028,0.2174577092362981
5.0720000000000285,0.21748123055070656
5.073000000000029,0.21750438739192446
5.074000000000029,0.21752717846761221
5.0750000000000295,0.21754960248713412
5.07600000000003,0.21757165816156848
5.07700000000003,0.21759334420372772
5.0780000000000305,0.21761465932817128
5.079000000000031,0.21763560225122375
5.080000000000031,0.21765617169098664
5.0810000000000315,0.21767636636735785
5.082000000000032,0.2176961850020461
5.083000000000032,0.21771562631858665
5.0840000000000325,0.21773468904235557
5.085000000000033,0.21775337190058933
5.086000000000033,0.2177716736223957
5.0870000000000335,0.21778959293877287
5.088000000000034,0.21780712858262535
5.089000000000034,0.2178242792887775
5.0900000000000345,0.21784104379399138
5.091000000000035,0.21785742083698165
5.092000000000035,0.2178734091584325
5.0930000000000355,0.2178890075010111
5.094000000000036,0.21790421460938755
5.095000000000036,0.21791902923024697
5.0960000000000365,0.21793345011230653
5.097000000000037,0.21794747600633388
5.098000000000037,0.21796110566515806
5.0990000000000375,0.21797433784369216
5.100000000000038,0.21798717129894285
5.101000000000038,0.21799960479003114
5.1020000000000385,0.218011637078204
5.103000000000039,0.2180232669268555
5.104000000000039,0.2180344931015392
5.1050000000000395,0.2180453143699858
5.10600000000004,0.21805572950211782
5.10700000000004,0.218065737270067
5.1080000000000405,0.21807533644819155
5.109000000000041,0.21808452581308707
5.110000000000041,0.21809330414361103
5.1110000000000415,0.21810167022089125
5.112000000000042,0.21810962282834606
5.113000000000042,0.21811716075169887
5.1140000000000425,0.21812428277899576
5.115000000000043,0.21813098770062028
5.116000000000043,0.21813727430931074
5.1170000000000435,0.2181431414001758
5.118000000000044,0.2181485877707113
5.119000000000044,0.21815361222081475
5.1200000000000445,0.21815821355280432
5.121000000000045,0.21816239057143347
5.122000000000045,0.21816614208390636
5.1230000000000455,0.21816946689989722
5.124000000000046,0.21817236383156186
5.125000000000046,0.2181748316935594
5.1260000000000465,0.21817686930306374
5.127000000000047,0.21817847547978306
5.128000000000047,0.2181796490459762
5.1290000000000475,0.21818038882646446
5.130000000000048,0.21818069364865583
5.131000000000048,0.21818056234255276
5.1320000000000485,0.2181799937407758
5.133000000000049,0.21817898667857463
5.134000000000049,0.21817753999384723
5.1350000000000495,0.2181756525271562
5.13600000000005,0.21817332312174428
5.13700000000005,0.21817055062355006
5.1380000000000505,0.2181673338812256
5.139000000000051,0.21816367174615342
5.140000000000051,0.21815956307246107
5.1410000000000515,0.2181550067170397
5.142000000000052,0.21815000153955608
5.143000000000052,0.21814454640247596
5.1440000000000525,0.21813864017107498
5.145000000000053,0.21813228171345586
5.146000000000053,0.21812546990056686
5.1470000000000535,0.2181182036062188
5.148000000000054,0.21811048170709418
5.149000000000054,0.2181023030827761
5.1500000000000545,0.2180936666157528
5.151000000000055,0.2180845711914414
5.152000000000055,0.21807501569820173
5.1530000000000555,0.21806499902735293
5.154000000000056,0.2180545200731896
5.155000000000056,0.21804357773299946
5.1560000000000565,0.21803217090707835
5.157000000000057,0.21802029849874835
5.158000000000057,0.21800795941437195
5.1590000000000575,0.21799515256337118
5.160000000000058,0.2179818768582409
5.161000000000058,0.21796813121456912
5.1620000000000585,0.2179539145510496
5.163000000000059,0.21793922578950106
5.164000000000059,0.21792406385488314
5.1650000000000595,0.21790842767531005
5.16600000000006,0.21789231618207255
5.16700000000006,0.21787572830964774
5.1680000000000605,0.21785866299572182
5.169000000000061,0.21784111918120153
5.170000000000061,0.21782309581023457
5.1710000000000615,0.2178045918302231
5.172000000000062,0.2177856061918405
5.173000000000062,0.2177661378490498
5.1740000000000625,0.2177461857591179
5.175000000000063,0.21772574888263485
5.176000000000063,0.21770482618352496
5.1770000000000636,0.2176834166290704
5.178000000000064,0.2176615191899204
5.179000000000064,0.21763913284011502
5.1800000000000646,0.2176162565570927
5.181000000000065,0.21759288932171683
5.182000000000065,0.2175690301182818
5.1830000000000656,0.21754467793453863
5.184000000000066,0.21751983176170525
5.185000000000066,0.21749449059448467
5.186000000000067,0.21746865343108296
5.187000000000067,0.2174423192732223
5.188000000000067,0.21741548712616085
5.189000000000068,0.21738815599870648
5.190000000000068,0.2173603249032347
5.191000000000068,0.21733199285570404
5.192000000000069,0.21730315887567234
5.193000000000069,0.2172738219863141
5.194000000000069,0.21724398121443633
5.19500000000007,0.2172136355904942
5.19600000000007,0.21718278414860773
5.19700000000007,0.21715142592657896
5.198000000000071,0.21711955996590593
5.199000000000071,0.2170871853118026
5.200000000000071,0.21705430101321005
5.201000000000072,0.21702090612281924
5.202000000000072,0.21698699969708032
5.203000000000072,0.2169525807962236
5.204000000000073,0.2169176484842748
5.205000000000073,0.21688220182906964
5.206000000000073,0.21684623990227309
5.207000000000074,0.21680976177939063
5.208000000000074,0.21677276653979088
5.209000000000074,0.21673525326671564
5.210000000000075,0.2166972210473
5.211000000000075,0.2166586689725865
5.212000000000075,0.21661959613754198
5.213000000000076,0.21658000164107516
5.214000000000076,0.2165398845860481
5.215000000000076,0.216499244079299
5.216000000000077,0.2164580792316525
5.217000000000077,0.21641638915793687
5.218000000000077,0.2163741729770049
5.219000000000078,0.21633142981174197
5.220000000000078,0.2162881587890876
5.221000000000078,0.2162443590400516
5.222000000000079,0.21620002969972582
5.223000000000079,0.2161551699073045
5.224000000000079,0.21610977880609844
5.22500000000008,0.2160638555435498
5.22600000000008,0.21601739927124974
5.22700000000008,0.21597040914495383
5.228000000000081,0.2159228843245975
5.229000000000081,0.21587482397431365
5.230000000000081,0.21582622726244466
5.231000000000082,0.21577709336156345
5.232000000000082,0.2157274214484831
5.233000000000082,0.21567721070427903
5.234000000000083,0.21562646031429963
5.235000000000083,0.21557516946818545
5.236000000000083,0.21552333735988263
5.237000000000084,0.21547096318766068
5.238000000000084,0.2154180461541257
5.239000000000084,0.21536458546623902
5.240000000000085,0.21531058033533043
5.241000000000085,0.21525602997711304
5.242000000000085,0.21520093361170378
5.243000000000086,0.21514529046363337
5.244000000000086,0.2150890997618642
5.245000000000086,0.21503236073980672
5.246000000000087,0.21497507263533447
5.247000000000087,0.21491723469079876
5.248000000000087,0.21485884615304343
5.249000000000088,0.21479990627342266
5.250000000000088,0.2147404143078163
5.251000000000088,0.21468036951664324
5.252000000000089,0.2146197711648768
5.253000000000089,0.21455861852206212
5.254000000000089,0.2144969108623306
5.25500000000009,0.21443464746441535
5.25600000000009,0.21437182761166457
5.25700000000009,0.21430845059206094
5.258000000000091,0.21424451569823277
5.259000000000091,0.21418002222747098
5.260000000000091,0.21411496948174388
5.261000000000092,0.2140493567677142
5.262000000000092,0.21398318339675107
5.263000000000092,0.2139164486849477
5.264000000000093,0.21384915195313453
5.265000000000093,0.21378129252689537
5.266000000000093,0.2137128697365835
5.267000000000094,0.21364388291733433
5.268000000000094,0.21357433140908166
5.269000000000094,0.21350421455657323
5.270000000000095,0.2134335317093845
5.271000000000095,0.21336228222193326
5.272000000000095,0.21329046545349675
5.273000000000096,0.21321808076822385
5.274000000000096,0.21314512753515039
5.275000000000096,0.2130716051282163
5.276000000000097,0.2129975129262782
5.277000000000097,0.21292285031312294
5.278000000000097,0.21284761667748583
5.279000000000098,0.2127718114130618
5.280000000000098,0.2126954339185227
5.281000000000098,0.21261848359753063
5.282000000000099,0.2125409598587514
5.283000000000099,0.212462862115873
5.284000000000099,0.2123841897876139
5.2850000000001,0.21230494229774485
5.2860000000001,0.21222511907509578
5.2870000000001,0.2121447195535777
5.288000000000101,0.2120637431721893
5.289000000000101,0.21198218937503904
5.290000000000101,0.21190005761135364
5.291000000000102,0.2118173473354945
5.292000000000102,0.21173405800697295
5.293000000000102,0.21165018909046296
5.294000000000103,0.21156574005581552
5.295000000000103,0.21148071037807337
5.296000000000103,0.21139509953748412
5.297000000000104,0.2113089070195163
5.298000000000104,0.21122213231487025
5.299000000000104,0.21113477491949528
5.300000000000105,0.2110468343346025
5.301000000000105,0.21095831006667626
5.302000000000105,0.2108692016274942
5.303000000000106,0.21077950853413388
5.304000000000106,0.21068923030899203
5.305000000000106,0.21059836647979446
5.306000000000107,0.21050691657961285
5.307000000000107,0.21041488014687632
5.308000000000107,0.21032225672538749
5.309000000000108,0.21022904586433352
5.310000000000108,0.21013524711830095
5.311000000000108,0.21004086004728875
5.312000000000109,0.20994588421672303
5.313000000000109,0.2098503191974692
5.314000000000109,0.2097541645658449
5.31500000000011,0.20965741990363654
5.31600000000011,0.20956008479810923
5.31700000000011,0.2094621588420208
5.318000000000111,0.20936364163363733
5.319000000000111,0.20926453277674364
5.320000000000111,0.209164831880657
5.321000000000112,0.2090645385602423
5.322000000000112,0.20896365243592227
5.323000000000112,0.20886217313369282
5.324000000000113,0.20876010028513575
5.325000000000113,0.20865743352743027
5.326000000000113,0.2085541725033678
5.327000000000114,0.2084503168613624
5.328000000000114,0.20834586625546758
5.329000000000114,0.20824082034538482
5.330000000000115,0.2081351787964792
5.331000000000115,0.2080289412797913
5.332000000000115,0.20792210747204928
5.333000000000116,0.20781467705568288
5.334000000000116,0.20770664971883504
5.335000000000116,0.20759802515537298
5.336000000000117,0.20748880306490478
5.337000000000117,0.20737898315278905
5.338000000000117,0.20726856513014635
5.339000000000118,0.20715754871387398
5.340000000000118,0.2070459336266573
5.341000000000118,0.20693371959698176
5.342000000000119,0.20682090635914527
5.343000000000119,0.206707493653271
5.344000000000119,0.20659348122531862
5.34500000000012,0.20647886882709718
5.34600000000012,0.20636365621627623
5.34700000000012,0.20624784315639944
5.348000000000121,0.20613142941689552
5.349000000000121,0.2060144147730875
5.350000000000121,0.20589679900621155
5.351000000000122,0.2057785819034209
5.352000000000122,0.2056597632578033
5.353000000000122,0.20554034286838935
5.354000000000123,0.20542032054016718
5.355000000000123,0.2052996960840897
5.356000000000123,0.2051784693170915
5.357000000000124,0.20505664006209554
5.358000000000124,0.20493420814802846
5.359000000000124,0.20481117340983013
5.360000000000125,0.20468753568846382
5.361000000000125,0.2045632948309302
5.362000000000125,0.20443845069027708
5.363000000000126,0.20431300312561035
5.364000000000126,0.20418695200210568
5.365000000000126,0.20406029719102103
5.366000000000127,0.20393303856970474
5.367000000000127,0.2038051760216092
5.368000000000127,0.2036767094362987
5.369000000000128,0.20354763870946566
5.370000000000128,0.20341796374293633
5.371000000000128,0.20328768444468132
5.372000000000129,0.20315680072883313
5.373000000000129,0.2030253125156896
5.374000000000129,0.2028932197317259
5.37500000000013,0.20276052230960911
5.37600000000013,0.20262722018820425
5.37700000000013,0.2024933133125867
5.378000000000131,0.20235880163405356
5.379000000000131,0.202223685110132
5.380000000000131,0.20208796370458987
5.381000000000132,0.20195163738744898
5.382000000000132,0.20181470613499014
5.383000000000132,0.2016771699297679
5.384000000000133,0.2015390287606178
5.385000000000133,0.20140028262266882
5.386000000000133,0.20126093151735006
5.387000000000134,0.2011209754524052
5.388000000000134,0.20098041444189654
5.389000000000134,0.20083924850622076
5.390000000000135,0.20069747767211502
5.391000000000135,0.20055510197266752
5.392000000000135,0.20041212144732792
5.393000000000136,0.20026853614191512
5.394000000000136,0.2001243461086279
5.395000000000136,0.19997955140605617
5.396000000000137,0.19983415209918698
5.397000000000137,0.19968814825941636
5.398000000000137,0.19954153996455687
5.399000000000138,0.19939432729884843
5.400000000000138,0.19924651035296678
5.401000000000138,0.19909808922403283
5.402000000000139,0.19894906401562085
5.403000000000139,0.1987994348377682
5.404000000000139,0.1986492018069854
5.40500000000014,0.19849836504626103
5.40600000000014,0.1983469246850771
5.40700000000014,0.19819488085941173
5.408000000000141,0.19804223371174937
5.409000000000141,0.19788898339109237
5.410000000000141,0.1977351300529661
5.411000000000142,0.19758067385942907
5.412000000000142,0.19742561497908068
5.413000000000142,0.1972699535870713
5.414000000000143,0.1971136898651075
5.415000000000143,0.19695682400146344
5.416000000000143,0.19679935619098646
5.417000000000144,0.19664128663510816
5.418000000000144,0.1964826155418499
5.419000000000144,0.1963233431258315
5.420000000000145,0.19616346960828043
5.421000000000145,0.19600299521703696
5.422000000000145,0.19584192018656632
5.423000000000146,0.19568024475796073
5.424000000000146,0.19551796917895273
5.425000000000146,0.19535509370391999
5.426000000000147,0.1951916185938907
5.427000000000147,0.19502754411655746
5.428000000000147,0.19486287054627896
5.429000000000148,0.1946975981640881
5.430000000000148,0.1945317272577026
5.431000000000148,0.19436525812152786
5.432000000000149,0.19419819105666858
5.433000000000149,0.1940305263709318
5.434000000000149,0.1938622643788375
5.43500000000015,0.1936934054016225
5.43600000000015,0.19352394976724946
5.43700000000015,0.1933538978104129
5.438000000000151,0.19318324987254515
5.439000000000151,0.19301200630182638
5.440000000000151,0.19284016745318594
5.441000000000152,0.19266773368831486
5.442000000000152,0.1924947053756669
5.443000000000152,0.19232108289046898
5.444000000000153,0.19214686661472552
5.445000000000153,0.19197205693722566
5.446000000000153,0.19179665425354905
5.447000000000154,0.1916206589660719
5.448000000000154,0.19144407148397244
5.449000000000154,0.19126689222323998
5.450000000000155,0.1910891216066779
5.451000000000155,0.19091076006390906
5.452000000000155,0.1907318080313848
5.453000000000156,0.19055226595238728
5.454000000000156,0.19037213427703922
5.455000000000156,0.19019141346230325
5.456000000000157,0.19001010397199547
5.457000000000157,0.18982820627678312
5.458000000000157,0.18964572085419595
5.459000000000158,0.18946264818862807
5.460000000000158,0.18927898877134525
5.461000000000158,0.18909474310048932
5.462000000000159,0.18890991168108215
5.463000000000159,0.18872449502503225
5.464000000000159,0.18853849365113914
5.46500000000016,0.18835190808509983
5.46600000000016,0.18816473885951077
5.46700000000016,0.18797698651387443
5.468000000000161,0.1877886515946052
5.469000000000161,0.18759973465502952
5.470000000000161,0.1874102362553964
5.471000000000162,0.18722015696287747
5.472000000000162,0.18702949735157304
5.473000000000162,0.18683825800251674
5.474000000000163,0.18664643950367937
5.475000000000163,0.18645404244997255
5.476000000000163,0.18626106744325371
5.477000000000164,0.18606751509233035
5.478000000000164,0.18587338601296216
5.479000000000164,0.18567868082786815
5.480000000000165,0.18548340016672674
5.481000000000165,0.1852875446661825
5.482000000000165,0.1850911149698477
5.483000000000166,0.1848941117283092
5.484000000000166,0.18469653559912652
5.485000000000166,0.18449838724684067
5.486000000000167,0.18429966734297581
5.487000000000167,0.18410037656604014
5.488000000000167,0.18390051560153245
5.489000000000168,0.18370008514194305
5.490000000000168,0.1834990858867603
5.491000000000168,0.1832975185424673
5.492000000000169,0.18309538382255236
5.493000000000169,0.18289268244750506
5.494000000000169,0.18268941514482384
5.49500000000017,0.18248558264901688
5.49600000000017,0.18228118570160484
5.49700000000017,0.18207622505112228
5.498000000000171,0.18187070145312287
5.499000000000171,0.18166461567018047
5.500000000000171,0.18145796847188925
5.501000000000172,0.18125076063486914
5.502000000000172,0.18104299294276763
5.503000000000172,0.18083466618626035
5.504000000000173,0.18062578116305297
5.505000000000173,0.18041633867788429
5.506000000000173,0.18020633954252982
5.507000000000174,0.17999578457579782
5.508000000000174,0.1797846746035385
5.509000000000174,0.17957301045864046
5.510000000000175,0.17936079298103316
5.511000000000175,0.17914802301768976
5.512000000000175,0.17893470142262652
5.513000000000176,0.17872082905690706
5.514000000000176,0.1785064067886418
5.515000000000176,0.1782914354929878
5.516000000000177,0.17807591605215303
5.517000000000177,0.1778598493553933
5.518000000000177,0.17764323629901796
5.519000000000178,0.177426077786388
5.520000000000178,0.17720837472791603
5.521000000000178,0.1769901280410689
5.522000000000179,0.1767713386503679
5.523000000000179,0.1765520074873884
5.524000000000179,0.1763321354907612
5.52500000000018,0.17611172360617305
5.52600000000018,0.1758907727863658
5.52700000000018,0.17566928399113832
5.528000000000181,0.1754472581873441
5.529000000000181,0.17522469634889468
5.530000000000181,0.17500159945675728
5.531000000000182,0.17477796849895536
5.532000000000182,0.1745538044705676
5.533000000000182,0.17432910837373028
5.534000000000183,0.17410388121763334
5.535000000000183,0.17387812401852362
5.536000000000183,0.17365183779970061
5.537000000000184,0.1734250235915192
5.538000000000184,0.17319768243138653
5.539000000000184,0.172969815363764
5.540000000000185,0.172741423440163
5.541000000000185,0.1725125077191478
5.5420000000001854,0.17228306926633055
5.543000000000186,0.17205310915437386
5.544000000000186,0.17182262846298796
5.5450000000001864,0.17159162827892896
5.546000000000187,0.17136010969599877
5.547000000000187,0.17112807381504258
5.5480000000001874,0.17089552174394973
5.549000000000188,0.17066245459764845
5.550000000000188,0.17042887349810681
5.5510000000001885,0.1701947795743314
5.552000000000189,0.1699601739623638
5.553000000000189,0.16972505780527983
5.5540000000001895,0.16948943225318705
5.55500000000019,0.16925329846322337
5.55600000000019,0.16901665759955392
5.5570000000001905,0.1687795108333704
5.558000000000191,0.16854185934288668
5.559000000000191,0.16830370431333963
5.5600000000001915,0.16806504693698243
5.561000000000192,0.167825888413086
5.562000000000192,0.1675862299479338
5.5630000000001925,0.1673460727548207
5.564000000000193,0.16710541805404916
5.565000000000193,0.1668642670729276
5.5660000000001935,0.16662262104576508
5.567000000000194,0.16638048121387194
5.568000000000194,0.16613784882555266
5.5690000000001945,0.16589472513610642
5.570000000000195,0.16565111140782104
5.571000000000195,0.1654070089099706
5.5720000000001955,0.16516241891881261
5.573000000000196,0.1649173427175843
5.574000000000196,0.16467178159649673
5.5750000000001965,0.16442573685273704
5.576000000000197,0.16417920979045603
5.577000000000197,0.16393220172077128
5.5780000000001975,0.16368471396176262
5.579000000000198,0.1634367478384638
5.580000000000198,0.1631883046828611
5.5810000000001985,0.1629393858338915
5.582000000000199,0.1626899926374344
5.583000000000199,0.16244012644630793
5.5840000000001995,0.16218978862026787
5.5850000000002,0.16193898052599917
5.5860000000002,0.16168770353711232
5.5870000000002005,0.16143595903414173
5.588000000000201,0.16118374840453617
5.589000000000201,0.16093107304265744
5.5900000000002015,0.16067793434977423
5.591000000000202,0.16042433373405635
5.592000000000202,0.16017027261057196
5.5930000000002025,0.15991575240127992
5.594000000000203,0.15966077453502497
5.595000000000203,0.15940534044753357
5.5960000000002035,0.15914945158140767
5.597000000000204,0.1588931093861201
5.598000000000204,0.1586363153180073
5.5990000000002045,0.15837907084026392
5.600000000000205,0.1581213774229387
5.601000000000205,0.15786323654292733
5.6020000000002055,0.15760464968396695
5.603000000000206,0.157345618336629
5.604000000000206,0.15708614399831566
5.6050000000002065,0.15682622817324962
5.606000000000207,0.15656587237247344
5.607000000000207,0.15630507811383715
5.6080000000002075,0.15604384692199552
5.609000000000208,0.1557821803284013
5.610000000000208,0.15552007987129765
5.6110000000002085,0.15525754709571077
5.612000000000209,0.15499458355344645
5.613000000000209,0.1547311908030776
5.6140000000002095,0.1544673704099433
5.61500000000021,0.15420312394613822
5.61600000000021,0.15393845299050604
5.6170000000002105,0.15367335912863234
5.618000000000211,0.15340784395283819
5.619000000000211,0.15314190906217137
5.6200000000002115,0.15287555606240022
5.621000000000212,0.15260878656600563
5.622000000000212,0.15234160219217277
5.6230000000002125,0.1520740045667836
5.624000000000213,0.1518059953224108
5.625000000000213,0.1515375760983068
5.6260000000002135,0.1512687485403995
5.627000000000214,0.15099951430127995
5.628000000000214,0.15072987504019947
5.6290000000002145,0.1504598324230546
5.630000000000215,0.15018938812238633
5.631000000000215,0.14991854381736633
5.6320000000002155,0.1496473011937895
5.633000000000216,0.14937566194406898
5.634000000000216,0.14910362776722152
5.6350000000002165,0.1488312003688637
5.636000000000217,0.14855838146120157
5.637000000000217,0.1482851727630207
5.6380000000002175,0.148011575999678
5.639000000000218,0.14773759290309357
5.640000000000218,0.14746322521173988
5.6410000000002185,0.1471884746706348
5.642000000000219,0.14691334303132939
5.643000000000219,0.14663783205189973
5.6440000000002195,0.14636194349693996
5.64500000000022,0.1460856791375481
5.64600000000022,0.14580904075132037
5.6470000000002205,0.14553203012233967
5.648000000000221,0.14525464904116533
5.649000000000221,0.1449768993048244
5.6500000000002215,0.1446987827168014
5.651000000000222,0.14442030108702644
5.652000000000222,0.1441414562318691
5.6530000000002225,0.14386224997412428
5.654000000000223,0.14358268414300351
5.655000000000223,0.14330276057412547
5.6560000000002235,0.14302248110950197
5.657000000000224,0.14274184759753245
5.658000000000224,0.14246086189299015
5.6590000000002245,0.14217952585700994
5.660000000000225,0.141897841357083
5.661000000000225,0.14161581026704018
5.6620000000002255,0.141333434467044
5.663000000000226,0.14105071584357604
5.664000000000226,0.14076765628942783
5.6650000000002265,0.14048425770368825
5.666000000000227,0.1402005219917318
5.667000000000227,0.13991645106520875
5.6680000000002275,0.13963204684203104
5.669000000000228,0.13934731124636476
5.670000000000228,0.1390622462086148
5.6710000000002285,0.13877685366541448
5.672000000000229,0.13849113555961387
5.673000000000229,0.13820509384026672
5.6740000000002295,0.13791873046262285
5.67500000000023,0.1376320473881086
5.67600000000023,0.1373450465843221
5.6770000000002305,0.13705773002501614
5.678000000000231,0.1367700996900876
5.679000000000231,0.13648215756556542
5.6800000000002315,0.13619390564359737
5.681000000000232,0.13590534592243858
5.682000000000232,0.1356164804064376
5.6830000000002325,0.1353273111060242
5.684000000000233,0.13503784003769603
5.685000000000233,0.13474806922400867
5.6860000000002335,0.13445800069355726
5.687000000000234,0.13416763648096805
5.688000000000234,0.13387697862688372
5.6890000000002345,0.13358602917795034
5.690000000000235,0.13329479018680376
5.691000000000235,0.13300326371205556
5.6920000000002355,0.13271145181828195
5.693000000000236,0.13241935657600812
5.694000000000236,0.13212698006169474
5.6950000000002365,0.13183432435772413
5.696000000000237,0.13154139155239003
5.697000000000237,0.13124818373987818
5.6980000000002375,0.1309547030202551
5.699000000000238,0.13066095149945584
5.700000000000238,0.13036693128926546
5.7010000000002385,0.1300726445073101
5.702000000000239,0.12977809327703835
5.703000000000239,0.12948327972770873
5.7040000000002395,0.12918820599437628
5.70500000000024,0.1288928742178748
5.70600000000024,0.1285972865448073
5.7070000000002405,0.1283014451275254
5.708000000000241,0.1280053521241205
5.709000000000241,0.12770900969840263
5.7100000000002415,0.12741242001989295
5.711000000000242,0.1271155852638019
5.712000000000242,0.12681850761101787
5.7130000000002426,0.12652118924809114
5.714000000000243,0.1262236323672194
5.715000000000243,0.12592583916623107
5.7160000000002436,0.12562781184857114
5.717000000000244,0.12532955262328552
5.718000000000244,0.12503106370500322
5.7190000000002446,0.12473234731392532
5.720000000000245,0.12443340567580567
5.721000000000245,0.12413424102193497
5.722000000000246,0.12383485558912813
5.723000000000246,0.12353525161970538
5.724000000000246,0.12323543136147615
5.725000000000247,0.12293539706772594
5.726000000000247,0.1226351509971962
5.727000000000247,0.12233469541407141
5.728000000000248,0.12203403258796203
5.729000000000248,0.12173316479388593
5.730000000000248,0.12143209431225396
5.731000000000249,0.12113082342885441
5.732000000000249,0.12082935443483216
5.733000000000249,0.12052768962667794
5.73400000000025,0.1202258313062057
5.73500000000025,0.11992378178054018
5.73600000000025,0.11962154336209681
5.737000000000251,0.1193191183685673
5.738000000000251,0.11901650912290075
5.739000000000251,0.11871371795328668
5.740000000000252,0.11841074719313914
5.741000000000252,0.11810759918107713
5.742000000000252,0.11780427626091065
5.743000000000253,0.11750078078161819
5.744000000000253,0.11719711509733435
5.745000000000253,0.11689328156732946
5.746000000000254,0.11658928255599135
5.747000000000254,0.11628512043280984
5.748000000000254,0.11598079757235688
5.749000000000255,0.11567631635427018
5.750000000000255,0.11537167916323281
5.751000000000255,0.11506688838895916
5.752000000000256,0.11476194642617304
5.753000000000256,0.11445685567458978
5.754000000000256,0.11415161853890121
5.755000000000257,0.11384623742875341
5.756000000000257,0.11354071475873065
5.757000000000257,0.11323505294833541
5.758000000000258,0.11292925442197158
5.759000000000258,0.11262332160892426
5.760000000000258,0.11231725694334087
5.761000000000259,0.11201106286421386
5.762000000000259,0.11170474181536043
5.763000000000259,0.11139829624540434
5.76400000000026,0.11109172860775678
5.76500000000026,0.11078504136059694
5.76600000000026,0.1104782369668521
5.767000000000261,0.1101713178941813
5.768000000000261,0.10986428661495218
5.769000000000261,0.1095571456062249
5.770000000000262,0.10924989734972958
5.771000000000262,0.10894254433185019
5.772000000000262,0.10863508904360186
5.773000000000263,0.10832753398061315
5.774000000000263,0.1080198816431053
5.775000000000263,0.1077121345358733
5.776000000000264,0.10740429516826551
5.777000000000264,0.10709636605416295
5.778000000000264,0.10678834971196077
5.779000000000265,0.10648024866454738
5.780000000000265,0.10617206543928359
5.781000000000265,0.1058638025679838
5.782000000000266,0.10555546258689494
5.783000000000266,0.10524704803667531
5.784000000000266,0.10493856146237653
5.785000000000267,0.10463000541342024
5.786000000000267,0.10432138244357919
5.787000000000267,0.10401269511095662
5.788000000000268,0.10370394597796324
5.789000000000268,0.10339513761130101
5.790000000000268,0.10308627258193787
5.791000000000269,0.10277735346508812
5.792000000000269,0.10246838284019327
5.793000000000269,0.10215936329089853
5.79400000000027,0.10185029740503311
5.79500000000027,0.10154118777458784
5.79600000000027,0.10123203699569638
5.797000000000271,0.10092284766861043
5.798000000000271,0.10061362239768155
5.799000000000271,0.10030436379133638
5.800000000000272,0.09999507446205884
5.801000000000272,0.09968575702636658
5.802000000000272,0.09937641410478781
5.803000000000273,0.09906704832184332
5.804000000000273,0.09875766230602073
5.805000000000273,0.0984482586897565
5.806000000000274,0.09813884010940939
5.807000000000274,0.09782940920524383
5.808000000000274,0.09751996862140393
5.809000000000275,0.09721052100589177
5.810000000000275,0.09690106901054783
5.811000000000275,0.09659161529102551
5.812000000000276,0.09628216250677113
5.813000000000276,0.09597271332100038
5.814000000000276,0.0956632704006767
5.815000000000277,0.09535383641648751
5.816000000000277,0.09504441404282335
5.817000000000277,0.09473500595775397
5.818000000000278,0.09442561484300588
5.819000000000278,0.09411624338394076
5.820000000000278,0.09380689426953033
5.821000000000279,0.09349757019233666
5.822000000000279,0.09318827384848528
5.823000000000279,0.0928790079376464
5.82400000000028,0.09256977516300917
5.82500000000028,0.09226057823125809
5.82600000000028,0.09195141985255265
5.827000000000281,0.09164230274050236
5.828000000000281,0.09133322961214191
5.829000000000281,0.09102420318791163
5.830000000000282,0.09071522619163039
5.831000000000282,0.09040630135047427
5.832000000000282,0.09009743139495216
5.833000000000283,0.08978861905888359
5.834000000000283,0.08947986707937162
5.835000000000283,0.08917117819678341
5.836000000000284,0.08886255515472434
5.837000000000284,0.0885540007000135
5.838000000000284,0.08824551758266164
5.839000000000285,0.08793710855584544
5.840000000000285,0.08762877637588502
5.841000000000285,0.08732052380221937
5.842000000000286,0.08701235359738044
5.843000000000286,0.08670426852697323
5.844000000000286,0.08639627135964738
5.845000000000287,0.08608836486707427
5.846000000000287,0.08578055182392404
5.847000000000287,0.08547283500783968
5.848000000000288,0.08516521719941211
5.849000000000288,0.0848577011821585
5.850000000000288,0.0845502897424933
5.851000000000289,0.0842429856697092
5.852000000000289,0.08393579175594601
5.853000000000289,0.0836287107961725
5.85400000000029,0.08332174558815598
5.85500000000029,0.0830148989324415
5.85600000000029,0.08270817363232502
5.857000000000291,0.0824015724938288
5.858000000000291,0.08209509832567649
5.859000000000291,0.0817887539392694
5.860000000000292,0.08148254214865745
5.861000000000292,0.08117646577051986
5.862000000000292,0.08087052762413446
5.863000000000293,0.08056473053135597
5.864000000000293,0.08025907731658947
5.865000000000293,0.0799535708067656
5.866000000000294,0.07964821383131308
5.867000000000294,0.0793430092221369
5.868000000000294,0.07903795981358988
5.869000000000295,0.07873306844244786
5.870000000000295,0.07842833794788509
5.871000000000295,0.07812377117144748
5.872000000000296,0.07781937095702675
5.873000000000296,0.07751514015083656
5.874000000000296,0.0772110816013835
5.875000000000297,0.076907198159445
5.876000000000297,0.07660349267804012
5.877000000000297,0.07629996801240604
5.878000000000298,0.0759966270199696
5.879000000000298,0.07569347256032544
5.880000000000298,0.07539050749520401
5.881000000000299,0.0750877346884516
5.882000000000299,0.07478515700599954
5.883000000000299,0.07448277731584008
5.8840000000003,0.07418059848799975
5.8850000000003,0.07387862339451294
5.8860000000003,0.07357685490939628
5.887000000000301,0.07327529590862047
5.888000000000301,0.07297394927008663
5.889000000000301,0.07267281787359627
5.890000000000302,0.07237190460082824
5.891000000000302,0.07207121233530948
5.892000000000302,0.07177074396239039
5.893000000000303,0.07147050236921629
5.894000000000303,0.07117049044470243
5.895000000000303,0.07087071107950692
5.896000000000304,0.07057116716600138
5.897000000000304,0.07027186159824922
5.898000000000304,0.06997279727197372
5.899000000000305,0.06967397708453368
5.900000000000305,0.06937540393489643
5.901000000000305,0.06907708072360971
5.902000000000306,0.06877901035277582
5.903000000000306,0.06848119572602374
5.904000000000306,0.06818363974848171
5.905000000000307,0.06788634532675199
5.906000000000307,0.06758931536888134
5.907000000000307,0.06729255278433445
5.908000000000308,0.06699606048396743
5.909000000000308,0.06669984138000053
5.910000000000308,0.06640389838598948
5.911000000000309,0.06610823441679858
5.912000000000309,0.06581285238857465
5.913000000000309,0.06551775521871714
5.91400000000031,0.06522294582585346
5.91500000000031,0.06492842712980855
5.91600000000031,0.06463420205157917
5.917000000000311,0.06434027351330601
5.918000000000311,0.06404664443824562
5.919000000000311,0.06375331775074317
5.920000000000312,0.06346029637620376
5.921000000000312,0.06316758324106521
5.922000000000312,0.06287518127277208
5.923000000000313,0.06258309339974369
5.924000000000313,0.06229132255135125
5.925000000000313,0.0619998716578853
5.926000000000314,0.06170874365053111
5.927000000000314,0.061417941461339214
5.928000000000314,0.06112746802319774
5.929000000000315,0.06083732626980367
5.930000000000315,0.060547519135636954
5.931000000000315,0.060258049555929324
5.932000000000316,0.059968920466638063
5.933000000000316,0.05968013480441826
5.934000000000316,0.0593916955065935
5.935000000000317,0.059103605511127644
5.936000000000317,0.058815867756597494
5.937000000000317,0.05852848518216373
5.938000000000318,0.05824146072754211
5.939000000000318,0.057954797332976815
5.940000000000318,0.057668497939210785
5.941000000000319,0.05738256548745763
5.942000000000319,0.057097002919373016
5.943000000000319,0.05681181317702657
5.94400000000032,0.05652699920287261
5.94500000000032,0.05624256393972303
5.94600000000032,0.055958510330717554
5.947000000000321,0.05567484131929628
5.948000000000321,0.055391559849168395
5.949000000000321,0.05510866886428708
5.950000000000322,0.054826171308819
5.951000000000322,0.054544070127116207
5.952000000000322,0.05426236826368589
5.953000000000323,0.053981068663164544
5.954000000000323,0.053700174270286
5.955000000000323,0.053419688029855625
5.956000000000324,0.05313961288671888
5.957000000000324,0.052859951785734154
5.958000000000324,0.05258070767174339
5.959000000000325,0.05230188348954387
5.960000000000325,0.0520234821838579
5.961000000000325,0.051745506699305235
5.962000000000326,0.05146795998037345
5.963000000000326,0.05119084497138873
5.964000000000326,0.050914164616488275
5.965000000000327,0.050637921859589326
5.966000000000327,0.050362119644361714
5.967000000000327,0.05008676091419781
5.968000000000328,0.04981184861218471
5.969000000000328,0.04953738568107249
5.970000000000328,0.049263375063249536
5.971000000000329,0.04898981970070777
5.972000000000329,0.04871672253501899
5.973000000000329,0.048444086507301844
5.97400000000033,0.04817191455819474
5.97500000000033,0.04790020962782525
5.97600000000033,0.0476289746557824
5.977000000000331,0.0473582125810855
5.978000000000331,0.04708792634215694
5.979000000000331,0.04681811887679137
5.980000000000332,0.046548793122127015
5.981000000000332,0.046279952014616786
5.982000000000332,0.04601159848999759
5.983000000000333,0.045743735483263236
5.984000000000333,0.04547636592863262
5.985000000000333,0.0452094927595215
5.986000000000334,0.044943118908514434
5.987000000000334,0.04467724730733158
5.988000000000334,0.0444118808868043
5.989000000000335,0.04414702257684223
5.990000000000335,0.04388267530640381
5.991000000000335,0.04361884200346931
5.992000000000336,0.043355525595008805
5.993000000000336,0.04309272900695465
5.994000000000336,0.04283045516416988
5.995000000000337,0.04256870699042146
5.996000000000337,0.04230748740834796
5.997000000000337,0.04204679933943218
5.998000000000338,0.041786645703970116
5.999000000000338,0.041527029421042104
6.000000000000338,0.04126795340848403
6.001000000000339,0.041009420582855866
6.002000000000339,0.04075143385941387
6.003000000000339,0.040493996152080367
6.00400000000034,0.04023711037341382
6.00500000000034,0.039980779434579894
6.00600000000034,0.03972500624532057
6.007000000000341,0.03946979371392668
6.008000000000341,0.039215144747206145
6.009000000000341,0.03896106225045609
6.010000000000342,0.038707549127431795
6.011000000000342,0.038454608280317285
6.012000000000342,0.0382022426096972
6.013000000000343,0.037950455014525236
6.014000000000343,0.037699248392095194
6.015000000000343,0.03744862563801143
6.016000000000344,0.037198589646159214
6.017000000000344,0.03694914330867577
6.018000000000344,0.03670028951591817
6.019000000000345,0.0364520311564371
6.020000000000345,0.03620437111694425
6.021000000000345,0.035957312282283424
6.022000000000346,0.035710857535402825
6.023000000000346,0.03546500975732219
6.024000000000346,0.03521977182710518
6.025000000000347,0.03497514662182978
6.026000000000347,0.034731137016557286
6.027000000000347,0.03448774588430338
6.028000000000348,0.034244976096008906
6.029000000000348,0.034002830520508856
6.030000000000348,0.033761312024504685
6.031000000000349,0.033520423472532195
6.032000000000349,0.033280167726934
6.033000000000349,0.03304054764782842
6.03400000000035,0.03280156609308099
6.03500000000035,0.03256322591827278
6.03600000000035,0.03232552997667331
6.037000000000351,0.03208848111920928
6.038000000000351,0.031852082194435014
6.039000000000351,0.03161633604850283
6.040000000000352,0.0313812455251339
6.041000000000352,0.031146813465588303
6.042000000000352,0.03091304270863515
6.043000000000353,0.030679936090522754
6.044000000000353,0.030447496444949856
6.045000000000353,0.03021572660303507
6.046000000000354,0.029984629393287436
6.047000000000354,0.029754207641577664
6.048000000000354,0.029524464171107254
6.049000000000355,0.029295401802379564
6.050000000000355,0.02906702335317007
6.051000000000355,0.02883933163849683
6.052000000000356,0.028612329470591124
6.053000000000356,0.02838601965886702
6.054000000000356,0.02816040500989273
6.055000000000357,0.027935488327360657
6.056000000000357,0.027711272412057873
6.057000000000357,0.02748776006183642
6.058000000000358,0.027264954071583972
6.059000000000358,0.027042857233194276
6.060000000000358,0.02682147233553818
6.061000000000359,0.0266008021644325
6.062000000000359,0.026380849502612196
6.063000000000359,0.0261616171297006
6.06400000000036,0.025943107822179262
6.06500000000036,0.025725324353358753
6.06600000000036,0.02550826949334967
6.067000000000361,0.025291946009032937
6.068000000000361,0.025076356664029954
6.069000000000361,0.02486150421867379
6.070000000000362,0.024647391429979747
6.071000000000362,0.024434021051615833
6.072000000000362,0.024221395833872835
6.073000000000363,0.02400951852363663
6.074000000000363,0.023798391864356876
6.075000000000363,0.02358801859601876
6.076000000000364,0.023378401455114307
6.077000000000364,0.023169543174610927
6.0780000000003644,0.022961446483925244
6.079000000000365,0.022754114108890458
6.080000000000365,0.0225475487717305
6.0810000000003654,0.022341753191028445
6.082000000000366,0.022136730081697684
6.083000000000366,0.0219324821549538
6.0840000000003664,0.021729012118284666
6.085000000000367,0.021526322675421084
6.086000000000367,0.021324416526308364
6.0870000000003675,0.02112329636707645
6.088000000000368,0.020922964890011952
6.089000000000368,0.02072342478352744
6.0900000000003685,0.020524678732134278
6.091000000000369,0.020326729416412708
6.092000000000369,0.020129579512982484
6.0930000000003695,0.019933231694474664
6.09400000000037,0.019737688629501808
6.09500000000037,0.019542952982630632
6.0960000000003705,0.019349027414351214
6.097000000000371,0.019155914581049167
6.098000000000371,0.018963617134977098
6.0990000000003715,0.018772137724224616
6.100000000000372,0.018581478992691153
6.101000000000372,0.018391643580055596
6.1020000000003725,0.018202634121748298
6.103000000000373,0.01801445324892286
6.104000000000373,0.01782710358842619
6.1050000000003735,0.017640587762771078
6.106000000000374,0.017454908390106886
6.107000000000374,0.017270068084191195
6.1080000000003745,0.017086069454360708
6.109000000000375,0.01690291510550364
6.110000000000375,0.016720607638030148
6.1110000000003755,0.016539149647845048
6.112000000000376,0.016358543726317863
6.113000000000376,0.01617879246025573
6.1140000000003765,0.01599989843187406
6.115000000000377,0.01582186421876865
6.116000000000377,0.015644692393887546
6.1170000000003775,0.015468385525501996
6.118000000000378,0.015292946177178772
6.119000000000378,0.015118376907751562
6.1200000000003785,0.01494468027129308
6.121000000000379,0.014771858817086772
6.122000000000379,0.014599915089597982
6.1230000000003795,0.014428851628447127
6.12400000000038,0.014258670968380703
6.12500000000038,0.01408937563924343
6.1260000000003805,0.013920968165949895
6.127000000000381,0.013753451068457033
6.128000000000381,0.013586826861736612
6.1290000000003815,0.01342109805574614
6.130000000000382,0.01325626715540165
6.131000000000382,0.013092336660549944
6.1320000000003825,0.01292930906594028
6.133000000000383,0.012767186861197136
6.134000000000383,0.012605972530792412
6.1350000000003835,0.012445668554017408
6.136000000000384,0.012286277404955186
6.137000000000384,0.012127801552453167
6.1380000000003845,0.011970243460095597
6.139000000000385,0.011813605586175493
6.140000000000385,0.011657890383668053
6.1410000000003855,0.01150310030020159
6.142000000000386,0.011349237778032288
6.143000000000386,0.011196305254014742
6.1440000000003865,0.011044305159575673
6.145000000000387,0.010893239920686993
6.146000000000387,0.010743111957836924
6.1470000000003875,0.01059392368600475
6.148000000000388,0.010445677514631956
6.149000000000388,0.010298375847596356
6.1500000000003885,0.010152021083183752
6.151000000000389,0.010006615614062112
6.152000000000389,0.009862161827253656
6.1530000000003895,0.00971866210410811
6.15400000000039,0.00957611882027609
6.15500000000039,0.009434534345681627
6.1560000000003905,0.00929391104449588
6.157000000000391,0.009154251275109751
6.158000000000391,0.009015557390107974
6.1590000000003915,0.008877831736241298
6.160000000000392,0.008741076654400496
6.161000000000392,0.008605294479589902
6.1620000000003925,0.008470487540900481
6.163000000000393,0.00833665816148297
6.164000000000393,0.00820380865852244
6.1650000000003935,0.008071941343210282
6.166000000000394,0.007941058520719774
6.167000000000394,0.007811162490177885
6.1680000000003945,0.007682255544640016
6.169000000000395,0.00755433997106352
6.170000000000395,0.0074274180502815704
6.1710000000003955,0.007301492056976796
6.172000000000396,0.007176564259655369
6.173000000000396,0.0070526369206206935
6.1740000000003965,0.006929712295947912
6.175000000000397,0.006807792635457204
6.176000000000397,0.006686880182688778
6.1770000000003975,0.0065669771748761594
6.178000000000398,0.006448085842920993
6.179000000000398,0.006330208411366968
6.1800000000003985,0.006213347098373987
6.181000000000399,0.006097504115693285
6.182000000000399,0.005982681668640836
6.1830000000003995,0.005868881956072319
6.1840000000004,0.005756107170357738
6.1850000000004,0.005644359497355992
6.1860000000004005,0.005533641116388803
6.187000000000401,0.005423954200216393
6.188000000000401,0.005315300915011396
6.1890000000004015,0.0052076834203341246
6.190000000000402,0.005101103869107451
6.191000000000402,0.004995564407590965
6.1920000000004025,0.004891067175357032
6.193000000000403,0.004787614305264787
6.194000000000403,0.0046852079234358844
6.1950000000004035,0.004583850149229114
6.196000000000404,0.004483543095216127
6.197000000000404,0.00438428886715606
6.1980000000004045,0.004286089563971269
6.199000000000405,0.004188947277722243
6.200000000000405,0.004092864093583751
6.2010000000004055,0.003997842089819309
6.202000000000406,0.00390388333775769
6.203000000000406,0.003810989901767506
6.2040000000004065,0.0037191638392337994
6.205000000000407,0.0036284072005332126
6.206000000000407,0.0035387220290097085
6.2070000000004075,0.0034501103609505717
6.208000000000408,0.0033625742255621945
6.209000000000408,0.003276115644946263
6.2100000000004085,0.0031907366340751834
6.211000000000409,0.0031064392007688723
6.212000000000409,0.003023225345670137
6.2130000000004095,0.0029410970622217006
6.21400000000041,0.002860056336641482
6.21500000000041,0.0027801051478998245
6.2160000000004105,0.002701245467695122
6.217000000000411,0.002623479260430871
6.218000000000411,0.0025468084831915968
6.2190000000004115,0.00247123508572
6.220000000000412,0.0023967610103930444
6.221000000000412,0.0023233881921990236
6.2220000000004125,0.00225111855871411
6.223000000000413,0.0021799540300792347
6.224000000000413,0.002109896518977187
6.2250000000004135,0.002040947930609132
6.226000000000414,0.001973110162671836
6.227000000000414,0.001906385105335136
6.2280000000004145,0.0018407746412182958
6.229000000000415,0.0017762806453680282
6.230000000000415,0.001712904985235171
6.2310000000004155,0.0016506495206523285
6.232000000000416,0.0015895161038113306
6.233000000000416,0.0015295065792407404
6.2340000000004165,0.0014706227837830493
6.235000000000417,0.0014128665465725377
6.236000000000417,0.0013562396890133821
6.2370000000004175,0.0013007440247566444
6.238000000000418,0.0012463813596786401
6.239000000000418,0.0011931534918586115
6.2400000000004185,0.0011410622115568254
6.241000000000419,0.0010901093011927068
6.242000000000419,0.001040296535322397
6.2430000000004195,0.0009916256806178202
6.24400000000042,0.0009440984958441752
6.24500000000042,0.0008977167318385087
6.2460000000004205,0.0008524821314884554
6.247000000000421,0.0008083964297100836
6.248000000000421,0.0007654613534269461
6.2490000000004216,0.0007236786215483419
6.250000000000422,0.0006830499449483095
6.251000000000422,0.0006435770264441897
6.2520000000004226,0.0006052615607755464
6.253000000000423,0.0005681052345829422
6.254000000000423,0.0005321097263870524
6.2550000000004236,0.0004972767065677057
6.256000000000424,0.0004636078373429694
6.257000000000424,0.00043110477274828634
6.258000000000425,0.00039976915861597557
6.259000000000425,0.0003696026325543515
6.260000000000425,0.0003406068239272483
6.261000000000426,0.00031278335383350873
6.262000000000426,0.0002861338350866213
6.263000000000426,0.0002606598721942651
6.264000000000427,0.00023636306133813307
6.265000000000427,0.00021324499035371458
6.266000000000427,0.00019130723871016594
6.267000000000428,0.00017055137749034263
6.268000000000428,0.000150978969370695
6.269000000000428,0.0001325915686015305
6.270000000000429,0.00011539072098716069
6.271000000000429,9.9377963866168e-05
6.272000000000429,8.455482609175071e-05
6.27300000000043,7.092282801216782e-05
6.27400000000043,5.848348145126075e-05
6.27500000000043,4.723828968906208e-05
6.276000000000431,3.718874744239363e-05
6.277000000000431,2.8336340845673647e-05
6.278000000000431,2.0682547431766523e-05
6.279000000000432,1.422883611282837e-05
6.280000000000432,8.976667161360073e-06
6.281000000000432,4.927492191229053e-06
6.282000000000433,2.0827541388637255e-06
6.283000000000433,4.438872444599593e-07
6.284000000000433,1.231703331261987e-08
6.285000000000434,7.894602972070479e-07
6.286000000000434,2.7767250758999166e-06
6.287000000000434,5.9755106386871305e-06
6.288000000000435,1.0387207466030872e-05
6.289000000000435,1.6013197231320005e-05
6.290000000000435,2.2854852782641498e-05
6.291000000000436,3.091353812468509e-05
6.292000000000436,4.019060840078297e-05
6.293000000000436,5.068740987483854e-05
6.294000000000437,6.240527991361465e-05
6.295000000000437,7.534554696887433e-05
6.296000000000437,8.950953055970313e-05
6.297000000000438,0.00010489854125492482
6.298000000000438,0.00012151388065562935
6.299000000000438,0.00013935684137761944
6.300000000000439,0.00015842870703421393
6.301000000000439,0.0001787307522188631
6.302000000000439,0.000200264242488034
6.30300000000044,0.0002230304343441159
6.30400000000044,0.0002470305752184055
6.30500000000044,0.00027226590345423373
6.306000000000441,0.00029873764829004907
6.307000000000441,0.0003264470298427657
6.308000000000441,0.00035539525909105015
6.309000000000442,0.0003855835378587873
6.310000000000442,0.0004170130587985567
6.311000000000442,0.0004496850053753494
6.312000000000443,0.0004836005518500796
6.313000000000443,0.0005187608632635602
6.314000000000443,0.0005551670954202522
6.315000000000444,0.000592820394872226
6.316000000000444,0.0006317218989033733
6.317000000000444,0.0006718727355132684
6.318000000000445,0.0007132740234016951
6.319000000000445,0.0007559268719526908
6.320000000000445,0.0007998323812191416
6.321000000000446,0.0008449916419072675
6.322000000000446,0.0008914057353611406
6.323000000000446,0.0009390757335473657
6.324000000000447,0.0009880026990398327
6.325000000000447,0.0010381876850047253
6.326000000000447,0.0010896317351853557
6.327000000000448,0.0011423358838870824
6.328000000000448,0.001196301155962773
6.329000000000448,0.0012515285667976301
6.330000000000449,0.0013080191222948978
6.331000000000449,0.0013657738188609396
6.332000000000449,0.0014247936433910197
6.33300000000045,0.0014850795732546435
6.33400000000045,0.0015466325762814306
6.33500000000045,0.0016094536107468206
6.336000000000451,0.001673543625357981
6.337000000000451,0.0017389035592396424
6.338000000000451,0.0018055343419203919
6.339000000000452,0.0018734368933185624
6.340000000000452,0.0019426121237288005
6.341000000000452,0.0020130609338079018
6.342000000000453,0.0020847842145619647
6.343000000000453,0.002157782847332192
6.344000000000453,0.0022320577037818895
6.345000000000454,0.0023076096458832978
6.346000000000454,0.002384439525904106
6.347000000000454,0.0024625481863944196
6.348000000000455,0.0025419364601740133
6.349000000000455,0.0026226051703191248
6.350000000000455,0.0027045551301498947
6.351000000000456,0.0027877871432172275
6.352000000000456,0.002872302003290957
6.353000000000456,0.002958100494346551
6.354000000000457,0.0030451833905530126
6.355000000000457,0.003133551456260488
6.356000000000457,0.0032232054459883997
6.357000000000458,0.003314146104412631
6.358000000000458,0.003406374166354081
6.359000000000458,0.003499890356766455
6.360000000000459,0.0035946953907244027
6.361000000000459,0.003690789973411904
6.362000000000459,0.0037881748001107906
6.36300000000046,0.0038868505561885126
6.36400000000046,0.003986817917087514
6.36500000000046,0.0040880775483133815
6.366000000000461,0.0041906301054238475
6.367000000000461,0.0042944762340173795
6.368000000000461,0.004399616569722338
6.369000000000462,0.00450605173818579
6.370000000000462,0.004613782355063139
6.371000000000462,0.004722809026006748
6.372000000000463,0.004833132346655748
6.373000000000463,0.004944752902625041
6.374000000000463,0.005057671269495296
6.375000000000464,0.005171888012802356
6.376000000000464,0.005287403688026993
6.377000000000464,0.005404218840584693
6.378000000000465,0.00552233400581574
6.379000000000465,0.005641749708974947
6.380000000000465,0.005762466465222428
6.381000000000466,0.00588448477961325
6.382000000000466,0.00600780514708763
6.383000000000466,0.006132428052462283
6.384000000000467,0.006258353970419731
6.385000000000467,0.0063855833655002735
6.386000000000467,0.00651411669209147
6.387000000000468,0.006643954394419853
6.388000000000468,0.0067750969065416685
6.389000000000468,0.00690754465233354
6.390000000000469,0.007041298045484222
6.391000000000469,0.007176357489485509
6.392000000000469,0.007312723377623524
6.39300000000047,0.007450396092970165
6.39400000000047,0.007589376008375144
6.39500000000047,0.0077296634864572325
6.396000000000471,0.007871258879595682
6.397000000000471,0.008014162529922906
6.398000000000471,0.008158374769315935
6.399000000000472,0.008303895919388697
6.400000000000472,0.008450726291483683
6.401000000000472,0.008598866186665105
6.402000000000473,0.00874831589571047
6.403000000000473,0.008899075699103746
6.404000000000473,0.009051145867027082
6.405000000000474,0.009204526659354657
6.406000000000474,0.009359218325644429
6.407000000000474,0.009515221105131352
6.408000000000475,0.0096725352267208
6.409000000000475,0.00983116090898132
6.410000000000475,0.009991098360137667
6.411000000000476,0.010152347778064221
6.412000000000476,0.010314909350279138
6.413000000000476,0.010478783253936363
6.414000000000477,0.010643969655821121
6.415000000000477,0.01081046871234149
6.416000000000477,0.010978280569524662
6.417000000000478,0.011147405363008967
6.418000000000478,0.011317843218038534
6.419000000000478,0.011489594249458114
6.420000000000479,0.011662658561706058
6.421000000000479,0.01183703624880973
6.422000000000479,0.012012727394379493
6.42300000000048,0.012189732071603437
6.42400000000048,0.01236805034324211
6.42500000000048,0.012547682261623283
6.426000000000481,0.012728627868636225
6.427000000000481,0.01291088719572809
6.428000000000481,0.01309446026389773
6.429000000000482,0.013279347083691292
6.430000000000482,0.013465547655197632
6.431000000000482,0.013653061968044103
6.432000000000483,0.013841890001390923
6.433000000000483,0.014032031723928395
6.434000000000483,0.014223487093871631
6.435000000000484,0.014416256058955721
6.436000000000484,0.014610338556434075
6.437000000000484,0.014805734513071355
6.438000000000485,0.015002443845142622
6.439000000000485,0.015200466458427379
6.440000000000485,0.015399802248207252
6.441000000000486,0.015600451099261831
6.442000000000486,0.01580241288586555
6.443000000000486,0.016005687471784203
6.444000000000487,0.016210274710272195
6.445000000000487,0.01641617444406836
6.446000000000487,0.016623386505394504
6.447000000000488,0.01683191071595157
6.448000000000488,0.017041746886917127
6.449000000000488,0.017252894818942044
6.450000000000489,0.017465354302149395
6.451000000000489,0.01767912511613088
6.452000000000489,0.017894207029944726
6.45300000000049,0.018110599802113575
6.45400000000049,0.018328303180622126
6.45500000000049,0.018547316902915927
6.456000000000491,0.018767640695897796
6.457000000000491,0.01898927427592828
6.458000000000491,0.019212217348821843
6.459000000000492,0.019436469609846723
6.460000000000492,0.019662030743722917
6.461000000000492,0.019888900424620982
6.462000000000493,0.020117078316159998
6.463000000000493,0.020346564071407638
6.464000000000493,0.020577357332878767
6.465000000000494,0.020809457732533766
6.466000000000494,0.021042864891778396
6.467000000000494,0.02127757842146321
6.468000000000495,0.021513597921882514
6.469000000000495,0.021750922982773924
6.470000000000495,0.02198955318331806
6.471000000000496,0.022229488092138573
6.472000000000496,0.022470727267301437
6.473000000000496,0.022713270256314998
6.474000000000497,0.022957116596130422
6.475000000000497,0.02320226581314173
6.476000000000497,0.023448717423185307
6.477000000000498,0.023696470931541116
6.478000000000498,0.02394552583293317
6.479000000000498,0.024195881611529742
6.480000000000499,0.02444753774094395
6.481000000000499,0.024700493684234964
6.482000000000499,0.024954748893908554
6.4830000000005,0.025210302811918814
6.4840000000005,0.025467154869667667
6.4850000000005,0.025725304488008756
6.486000000000501,0.025984751077246095
6.487000000000501,0.02624549403713671
6.488000000000501,0.026507532756892573
6.489000000000502,0.026770866615181788
6.490000000000502,0.02703549498012979
6.491000000000502,0.027301417209323005
6.492000000000503,0.02756863264980858
6.493000000000503,0.02783714063809854
6.494000000000503,0.02810694050017015
6.495000000000504,0.028378031551469764
6.496000000000504,0.028650413096914937
6.497000000000504,0.028924084430895912
6.498000000000505,0.02919904483727959
6.499000000000505,0.029475293589411283
6.500000000000505,0.02975282995011856
6.501000000000506,0.030031653171713066
6.502000000000506,0.030311762495994973
6.503000000000506,0.030593157154254296
6.504000000000507,0.030875836367276432
6.505000000000507,0.031159799345344113
6.506000000000507,0.03144504528824111
6.507000000000508,0.03173157338525564
6.508000000000508,0.032019382815184946
6.509000000000508,0.03230847274633914
6.510000000000509,0.032598842336542935
6.511000000000509,0.03289049073314379
6.512000000000509,0.033183417073011194
6.51300000000051,0.033477620482545566
6.51400000000051,0.03377310007767951
6.51500000000051,0.03406985496388307
6.516000000000511,0.034367884236169446
6.517000000000511,0.034667186979098374
6.518000000000511,0.03496776226678085
6.519000000000512,0.035269609162885684
6.520000000000512,0.03557272672064243
6.521000000000512,0.035877113982848326
6.522000000000513,0.03618276998187189
6.523000000000513,0.03648969373966059
6.524000000000513,0.036797884267743365
6.525000000000514,0.037107340567237974
6.526000000000514,0.03741806162885699
6.527000000000514,0.03773004643291234
6.528000000000515,0.0380432939493227
6.529000000000515,0.03835780313761773
6.530000000000515,0.038673572946945435
6.531000000000516,0.03899060231607793
6.532000000000516,0.03930889017341815
6.533000000000516,0.03962843543700608
6.534000000000517,0.03994923701452401
6.535000000000517,0.04027129380330623
6.536000000000517,0.04059460469034297
6.537000000000518,0.04091916855228744
6.538000000000518,0.04124498425546562
6.539000000000518,0.04157205065587896
6.540000000000519,0.041900366599215616
6.541000000000519,0.0422299309208555
6.542000000000519,0.042560742445878534
6.54300000000052,0.04289279998907063
6.54400000000052,0.043226102354933835
6.54500000000052,0.04356064833769191
6.546000000000521,0.043896436721299364
6.547000000000521,0.044233466279449456
6.548000000000521,0.044571735775579956
6.549000000000522,0.044911243962885004
6.550000000000522,0.04525198958432021
6.551000000000522,0.04559397137261308
6.552000000000523,0.04593718805027039
6.553000000000523,0.0462816383295864
6.554000000000523,0.04662732091265278
6.555000000000524,0.046974234491366465
6.556000000000524,0.04732237774743885
6.557000000000524,0.04767174935240502
6.558000000000525,0.0480223479676319
6.559000000000525,0.04837417224432871
6.560000000000525,0.04872722082355548
6.561000000000526,0.049081492336233004
6.562000000000526,0.049436985403151196
6.563000000000526,0.04979369863498036
6.564000000000527,0.050151630632279946
6.565000000000527,0.05051077998550843
6.566000000000527,0.05087114527503308
6.567000000000528,0.05123272507114081
6.568000000000528,0.051595517934047555
6.569000000000528,0.051959522413909186
6.570000000000529,0.052324737050830815
6.571000000000529,0.052691160374878
6.572000000000529,0.05305879090608744
6.57300000000053,0.053427627154478144
6.57400000000053,0.053797667620060566
6.57500000000053,0.05416891079284777
6.576000000000531,0.05454135515286922
6.577000000000531,0.05491499917017775
6.578000000000531,0.05528984130486328
6.579000000000532,0.05566588000706442
6.580000000000532,0.05604311371697746
6.581000000000532,0.05642154086487077
6.582000000000533,0.05680115987109401
6.583000000000533,0.057181969146092186
6.584000000000533,0.05756396709041475
6.585000000000534,0.057947152094729684
6.586000000000534,0.05833152253983488
6.587000000000534,0.05871707679666964
6.588000000000535,0.05910381322632762
6.589000000000535,0.05949173018006923
6.590000000000535,0.05988082599933258
6.591000000000536,0.06027109901574951
6.592000000000536,0.060662547551153925
6.593000000000536,0.06105516991759685
6.594000000000537,0.06144896441735979
6.595000000000537,0.061843929342966175
6.596000000000537,0.06224006297719495
6.597000000000538,0.0626373635930935
6.598000000000538,0.06303582945399286
6.599000000000538,0.06343545881351713
6.600000000000539,0.06383624991560134
6.601000000000539,0.06423820099450075
6.602000000000539,0.0646413102748084
6.60300000000054,0.06504557597146608
6.60400000000054,0.06545099628977924
6.60500000000054,0.06585756942543174
6.606000000000541,0.06626529356449723
6.607000000000541,0.06667416688345681
6.608000000000541,0.06708418754921043
6.609000000000542,0.06749535371909325
6.610000000000542,0.06790766354088819
6.611000000000542,0.0683211151528425
6.612000000000543,0.06873570668368076
6.613000000000543,0.06915143625262007
6.6140000000005434,0.06956830196938556
6.615000000000544,0.06998630193422462
6.616000000000544,0.07040543423792249
6.6170000000005444,0.07082569696181686
6.618000000000545,0.07124708817781286
6.619000000000545,0.07166960594839951
6.6200000000005454,0.07209324832666404
6.621000000000546,0.07251801335630832
6.622000000000546,0.0729438990716638
6.6230000000005464,0.07337090349770732
6.624000000000547,0.07379902465007823
6.625000000000547,0.07422826053509136
6.6260000000005475,0.07465860914975622
6.627000000000548,0.07509006848179196
6.628000000000548,0.07552263650964182
6.6290000000005485,0.07595631120249251
6.630000000000549,0.07639109052028874
6.631000000000549,0.07682697241374982
6.6320000000005495,0.07726395482438608
6.63300000000055,0.07770203568451815
6.63400000000055,0.07814121291728887
6.6350000000005505,0.07858148443668464
6.636000000000551,0.07902284814754985
6.637000000000551,0.07946530194560575
6.6380000000005515,0.07990884371746562
6.639000000000552,0.08035347134065363
6.640000000000552,0.08079918268362184
6.6410000000005525,0.08124597560576668
6.642000000000553,0.08169384795744775
6.643000000000553,0.08214279758000509
6.6440000000005535,0.0825928223057764
6.645000000000554,0.08304391995811652
6.646000000000554,0.08349608835141194
6.6470000000005545,0.08394932529110255
6.648000000000555,0.0844036285736983
6.649000000000555,0.08485899598679629
6.6500000000005555,0.08531542530910068
6.651000000000556,0.08577291431044017
6.652000000000556,0.08623146075178713
6.6530000000005565,0.08669106238527555
6.654000000000557,0.08715171695421944
6.655000000000557,0.08761342219313327
6.6560000000005575,0.08807617582774935
6.657000000000558,0.08853997557503539
6.658000000000558,0.08900481914321734
6.6590000000005585,0.089470704231795
6.660000000000559,0.08993762853156385
6.661000000000559,0.09040558972463184
6.6620000000005595,0.09087458548444001
6.66300000000056,0.0913446134757834
6.66400000000056,0.09181567135482756
6.6650000000005605,0.09228775676913058
6.666000000000561,0.09276086735766179
6.667000000000561,0.09323500075082311
6.6680000000005615,0.09371015457046597
6.669000000000562,0.09418632642991374
6.670000000000562,0.09466351393398206
6.6710000000005625,0.0951417146789975
6.672000000000563,0.09562092625281814
6.673000000000563,0.09610114623485493
6.6740000000005635,0.09658237219609159
6.675000000000564,0.09706460169910437
6.676000000000564,0.09754783229808364
6.6770000000005645,0.09803206153885576
6.678000000000565,0.09851728695890051
6.679000000000565,0.09900350608737442
6.6800000000005655,0.09949071644513194
6.681000000000566,0.09997891554474538
6.682000000000566,0.10046810089052716
6.6830000000005665,0.10095826997854875
6.684000000000567,0.10144942029666555
6.685000000000567,0.10194154932453434
6.6860000000005675,0.10243465453363948
6.687000000000568,0.10292873338730903
6.688000000000568,0.10342378334074134
6.6890000000005685,0.10391980184102256
6.690000000000569,0.10441678632715239
6.691000000000569,0.10491473423006212
6.6920000000005695,0.10541364297264103
6.69300000000057,0.10591350996975447
6.69400000000057,0.10641433262826781
6.6950000000005705,0.10691610834706804
6.696000000000571,0.10741883451708746
6.697000000000571,0.1079225085213247
6.6980000000005715,0.108427127734866
6.699000000000572,0.10893268952491292
6.700000000000572,0.10943919125079815
6.7010000000005725,0.1099466302640133
6.702000000000573,0.1104550039082295
6.703000000000573,0.11096430951932086
6.7040000000005735,0.11147454442538642
6.705000000000574,0.11198570594677532
6.706000000000574,0.11249779139610917
6.7070000000005745,0.11301079807830232
6.708000000000575,0.1135247232905896
6.709000000000575,0.1140395643225488
6.7100000000005755,0.11455531845611815
6.711000000000576,0.11507198296563127
6.712000000000576,0.11558955511782935
6.7130000000005765,0.11610803217189203
6.714000000000577,0.11662741137945742
6.715000000000577,0.11714768998464896
6.7160000000005775,0.11766886522409666
6.717000000000578,0.11819093432696066
6.718000000000578,0.11871389451496112
6.7190000000005785,0.11923774300239359
6.720000000000579,0.1197624769961597
6.721000000000579,0.12028809369578933
6.7220000000005795,0.12081459029346492
6.72300000000058,0.12134196397404463
6.72400000000058,0.12187021191509233
6.7250000000005805,0.12239933128689254
6.726000000000581,0.12292931925248544
6.727000000000581,0.12346017296768458
6.7280000000005815,0.12399188958110491
6.729000000000582,0.12452446623418571
6.730000000000582,0.1250579000612177
6.7310000000005825,0.12559218818936588
6.732000000000583,0.12612732773869773
6.733000000000583,0.12666331582220342
6.7340000000005835,0.12720014954582684
6.735000000000584,0.12773782600848685
6.736000000000584,0.12827634230210408
6.7370000000005845,0.12881569551162658
6.738000000000585,0.12935588271505516
6.739000000000585,0.12989690098346765
6.7400000000005855,0.13043874738104702
6.741000000000586,0.13098141896510668
6.742000000000586,0.13152491278611372
6.7430000000005865,0.13206922588771777
6.744000000000587,0.13261435530677682
6.745000000000587,0.13316029807337995
6.7460000000005875,0.1337070512108768
6.747000000000588,0.13425461173590356
6.748000000000588,0.13480297665840818
6.7490000000005885,0.13535214298167608
6.750000000000589,0.1359021077023571
6.751000000000589,0.13645286781049265
6.7520000000005895,0.1370044202895426
6.75300000000059,0.13755676211640913
6.75400000000059,0.1381098902614664
6.7550000000005905,0.13866380168858597
6.756000000000591,0.13921849335516395
6.757000000000591,0.1397739622121458
6.7580000000005915,0.14033020520405678
6.759000000000592,0.14088721926902667
6.760000000000592,0.1414450013388173
6.7610000000005925,0.14200354833884915
6.762000000000593,0.1425628571882289
6.763000000000593,0.14312292479977756
6.7640000000005935,0.14368374808005654
6.765000000000594,0.1442453239293943
6.766000000000594,0.1448076492419167
6.7670000000005945,0.14537072090557077
6.768000000000595,0.14593453580215587
6.769000000000595,0.14649909080734705
6.7700000000005955,0.14706438279072856
6.771000000000596,0.1476304086158149
6.772000000000596,0.14819716514008388
6.7730000000005965,0.14876464921500165
6.774000000000597,0.14933285768605228
6.775000000000597,0.14990178739276278
6.7760000000005975,0.15047143516873615
6.777000000000598,0.15104179784167399
6.778000000000598,0.15161287223340897
6.7790000000005985,0.15218465515992988
6.780000000000599,0.15275714343141183
6.781000000000599,0.15333033385224504
6.7820000000005995,0.15390422322106065
6.7830000000006,0.1544788083307603
6.7840000000006,0.1550540859685467
6.7850000000006006,0.15563005291594953
6.786000000000601,0.15620670594885405
6.787000000000601,0.1567840418375337
6.7880000000006016,0.1573620573466713
6.789000000000602,0.1579407492353977
6.790000000000602,0.15852011425731025
6.7910000000006026,0.1591001491605094
6.792000000000603,0.15968085068762394
6.793000000000603,0.1602622155758422
6.794000000000604,0.16084424055693888
6.795000000000604,0.16142692235730405
6.796000000000604,0.1620102576979757
6.797000000000605,0.16259424329466463
6.798000000000605,0.16317887585778754
6.799000000000605,0.16376415209249268
6.800000000000606,0.16435006869869168
6.801000000000606,0.164936622371089
6.802000000000606,0.16552380979920928
6.803000000000607,0.16611162766742982
6.804000000000607,0.16670007265500783
6.805000000000607,0.16728914143611054
6.806000000000608,0.1678788306798448
6.807000000000608,0.16846913705028926
6.808000000000608,0.16906005720652045
6.809000000000609,0.1696515878026423
6.810000000000609,0.17024372548782218
6.811000000000609,0.17083646690631288
6.81200000000061,0.17142980869748625
6.81300000000061,0.17202374749586755
6.81400000000061,0.17261827993115506
6.815000000000611,0.17321340262826024
6.816000000000611,0.17380911220733183
6.817000000000611,0.17440540528378956
6.818000000000612,0.17500227846835067
6.819000000000612,0.17559972836706492
6.820000000000612,0.17619775158134146
6.821000000000613,0.1767963447079796
6.822000000000613,0.1773955043392003
6.823000000000613,0.1779952270626755
6.824000000000614,0.178595509461561
6.825000000000614,0.17919634811452326
6.826000000000614,0.1797977395957723
6.827000000000615,0.18039968047509228
6.828000000000615,0.18100216731787416
6.829000000000615,0.18160519668513936
6.830000000000616,0.18220876513357934
6.831000000000616,0.18281286921558146
6.832000000000616,0.1834175054792594
6.833000000000617,0.18402267046848805
6.834000000000617,0.18462836072292915
6.835000000000617,0.18523457277806535
6.836000000000618,0.18584130316523262
6.837000000000618,0.18644854841164696
6.838000000000618,0.18705630504044185
6.839000000000619,0.1876645695706895
6.840000000000619,0.18827333851744427
6.841000000000619,0.18888260839176307
6.84200000000062,0.18949237570074273
6.84300000000062,0.19010263694755133
6.84400000000062,0.1907133886314548
6.845000000000621,0.191324627247854
6.846000000000621,0.19193634928831033
6.847000000000621,0.19254855124058484
6.848000000000622,0.1931612295886605
6.849000000000622,0.19377438081278042
6.850000000000622,0.194388001389478
6.851000000000623,0.19500208779160674
6.852000000000623,0.19561663648837255
6.853000000000623,0.19623164394536463
6.854000000000624,0.1968471066245919
6.855000000000624,0.19746302098450658
6.856000000000624,0.19807938348004314
6.857000000000625,0.19869619056264676
6.858000000000625,0.19931343868030463
6.859000000000625,0.1999311242775789
6.860000000000626,0.2005492437956381
6.861000000000626,0.20116779367229096
6.862000000000626,0.20178677034201437
6.863000000000627,0.20240617023598956
6.864000000000627,0.20302598978213074
6.865000000000627,0.20364622540511937
6.866000000000628,0.20426687352643316
6.867000000000628,0.2048879305643834
6.868000000000628,0.2055093929341418
6.869000000000629,0.2061312570477758
6.870000000000629,0.2067535193142779
6.871000000000629,0.2073761761396013
6.87200000000063,0.20799922392669007
6.87300000000063,0.20862265907551145
6.87400000000063,0.20924647798308665
6.875000000000631,0.20987067704352794
6.876000000000631,0.21049525264806532
6.877000000000631,0.21112020118508248
6.878000000000632,0.21174551904014843
6.879000000000632,0.21237120259604672
6.880000000000632,0.212997248232814
6.881000000000633,0.21362365232776678
6.882000000000633,0.214250411255538
6.883000000000633,0.2148775213881051
6.884000000000634,0.21550497909482688
6.885000000000634,0.21613278074247316
6.886000000000634,0.21676092269525962
6.887000000000635,0.21738940131487713
6.888000000000635,0.21801821296052834
6.889000000000635,0.2186473539889555
6.890000000000636,0.2192768207544792
6.891000000000636,0.219906609609025
6.892000000000636,0.22053671690215923
6.893000000000637,0.22116713898112236
6.894000000000637,0.22179787219085711
6.895000000000637,0.22242891287404826
6.896000000000638,0.22306025737114998
6.897000000000638,0.22369190202041989
6.898000000000638,0.22432384315795278
6.899000000000639,0.2249560771177126
6.900000000000639,0.22558860023156535
6.901000000000639,0.22622140882931252
6.90200000000064,0.22685449923872159
6.90300000000064,0.22748786778556393
6.90400000000064,0.22812151079363996
6.905000000000641,0.2287554245848216
6.906000000000641,0.22938960547907605
6.907000000000641,0.23002404979450364
6.908000000000642,0.23065875384737122
6.909000000000642,0.23129371395214252
6.910000000000642,0.23192892642151197
6.911000000000643,0.23256438756643877
6.912000000000643,0.23320009369617944
6.913000000000643,0.23383604111831716
6.914000000000644,0.23447222613880328
6.915000000000644,0.23510864506198173
6.916000000000644,0.23574529419062554
6.917000000000645,0.23638216982597007
6.918000000000645,0.2370192682677457
6.919000000000645,0.23765658581421145
6.920000000000646,0.23829411876218723
6.921000000000646,0.2389318634070847
6.922000000000646,0.239569816042948
6.923000000000647,0.24020797296247598
6.924000000000647,0.24084633045706444
6.925000000000647,0.24148488481683433
6.926000000000648,0.2421236323306671
6.927000000000648,0.24276256928623668
6.928000000000648,0.24340169197004194
6.929000000000649,0.24404099666744075
6.930000000000649,0.2446804796626857
6.931000000000649,0.2453201372389502
6.93200000000065,0.2459599656783696
6.93300000000065,0.24659996126207243
6.93400000000065,0.24724012027020473
6.935000000000651,0.2478804389819764
6.936000000000651,0.2485209136756872
6.937000000000651,0.24916154062876159
6.938000000000652,0.2498023161177784
6.939000000000652,0.25044323641850996
6.940000000000652,0.25108429780594954
6.941000000000653,0.25172549655435134
6.942000000000653,0.2523668289372548
6.943000000000653,0.2530082912275259
6.944000000000654,0.25364987969738517
6.945000000000654,0.2542915906184434
6.946000000000654,0.2549334202617331
6.947000000000655,0.25557536489774424
6.948000000000655,0.25621742079645443
6.949000000000655,0.2568595842273626
6.950000000000656,0.2575018514595256
6.951000000000656,0.2581442187615867
6.952000000000656,0.2587866824018119
6.953000000000657,0.25942923864812095
6.954000000000657,0.26007188376812135
6.955000000000657,0.26071461402914425
6.956000000000658,0.2613574256982707
6.957000000000658,0.26200031504237203
6.958000000000658,0.2626432783281413
6.959000000000659,0.26328631182212237
6.960000000000659,0.2639294117907468
6.961000000000659,0.26457257450036537
6.96200000000066,0.2652157962172838
6.96300000000066,0.2658590732077933
6.96400000000066,0.266502401738202
6.965000000000661,0.26714577807487133
6.966000000000661,0.267789198484251
6.967000000000661,0.26843265923290577
6.968000000000662,0.26907615658755374
6.969000000000662,0.26971968681509473
6.970000000000662,0.27036324618265056
6.971000000000663,0.2710068309575902
6.972000000000663,0.27165043740756684
6.973000000000663,0.2722940618005521
6.974000000000664,0.2729377004048664
6.975000000000664,0.2735813494892115
6.976000000000664,0.2742250053227056
6.977000000000665,0.2748686641749182
6.978000000000665,0.27551232231589506
6.979000000000665,0.2761559760162016
6.980000000000666,0.27679962154694876
6.981000000000666,0.2774432551798272
6.982000000000666,0.27808687318714154
6.983000000000667,0.2787304718418419
6.984000000000667,0.27937404741756006
6.985000000000667,0.2800175961886359
6.986000000000668,0.28066111443015873
6.987000000000668,0.28130459841799044
6.988000000000668,0.28194804442880805
6.989000000000669,0.2825914487401281
6.990000000000669,0.2832348076303462
6.991000000000669,0.28387811737876334
6.99200000000067,0.2845213742656263
6.99300000000067,0.28516457457215505
6.99400000000067,0.2858077145805723
6.995000000000671,0.2864507905741478
6.996000000000671,0.2870937988372167
6.997000000000671,0.287736735655223
6.998000000000672,0.2883795973147494
6.999000000000672,0.28902238010354664
7.000000000000672,0.28966508031056826
7.001000000000673,0.2903076942260065
7.002000000000673,0.29095021814131683
7.003000000000673,0.2915926483492599
7.004000000000674,0.2922349811439268
7.005000000000674,0.29287721282077556
7.006000000000674,0.29351933967666216
7.007000000000675,0.2941613580098725
7.008000000000675,0.294803264120156
7.009000000000675,0.29544505430875734
7.010000000000676,0.29608672487844995
7.011000000000676,0.2967282721335668
7.012000000000676,0.29736969238003264
7.013000000000677,0.2980109819253958
7.014000000000677,0.29865213707886645
7.015000000000677,0.29929315415134067
7.016000000000678,0.29993402945543557
7.017000000000678,0.3005747593055238
7.018000000000678,0.30121534001776284
7.019000000000679,0.3018557679101298
7.020000000000679,0.3024960393024504
7.021000000000679,0.30313615051643306
7.02200000000068,0.30377609787570115
7.02300000000068,0.3044158777058243
7.02400000000068,0.3050554863343523
7.025000000000681,0.30569492009084126
7.026000000000681,0.30633417530689266
7.027000000000681,0.306973248316184
7.028000000000682,0.30761213545449595
7.029000000000682,0.308250833059747
7.030000000000682,0.3088893374720275
7.031000000000683,0.30952764503362934
7.032000000000683,0.3101657520890776
7.033000000000683,0.31080365498516266
7.034000000000684,0.3114413500709715
7.035000000000684,0.31207883369792083
7.036000000000684,0.312716102219786
7.037000000000685,0.31335315199273606
7.038000000000685,0.3139899793753618
7.039000000000685,0.3146265807287101
7.040000000000686,0.315262952416315
7.041000000000686,0.3158990908042268
7.042000000000686,0.3165349922610479
7.043000000000687,0.31717065315795856
7.044000000000687,0.3178060698687535
7.045000000000687,0.31844123876987
7.046000000000688,0.31907615624041963
7.047000000000688,0.3197108186622219
7.048000000000688,0.3203452224198317
7.049000000000689,0.3209793639005749
7.050000000000689,0.3216132394945748
7.051000000000689,0.3222468455947862
7.05200000000069,0.3228801785970274
7.05300000000069,0.3235132349000061
7.05400000000069,0.32414601090535683
7.055000000000691,0.32477850301766786
7.056000000000691,0.3254107076445142
7.057000000000691,0.3260426211964869
7.058000000000692,0.326674240087224
7.059000000000692,0.32730556073344313
7.060000000000692,0.32793657955497035
7.061000000000693,0.32856729297476933
7.062000000000693,0.3291976974189786
7.063000000000693,0.32982778931693457
7.064000000000694,0.33045756510120816
7.065000000000694,0.3310870212076273
7.066000000000694,0.33171615407531857
7.067000000000695,0.3323449601467282
7.068000000000695,0.3329734358676559
7.069000000000695,0.3336015776872883
7.070000000000696,0.33422938205822333
7.071000000000696,0.3348568454365065
7.072000000000696,0.3354839642816536
7.073000000000697,0.33611073505669126
7.074000000000697,0.3367371542281764
7.075000000000697,0.33736321826623467
7.076000000000698,0.33798892364458355
7.077000000000698,0.3386142668405696
7.078000000000698,0.33923924433519265
7.079000000000699,0.3398638526131403
7.080000000000699,0.3404880881628085
7.081000000000699,0.34111194747634715
7.0820000000007,0.341735427049675
7.0830000000007,0.34235852338251765
7.0840000000007,0.3429812329784334
7.085000000000701,0.3436035523448449
7.086000000000701,0.34422547799306913
7.087000000000701,0.34484700643834537
7.088000000000702,0.3454681341998645
7.089000000000702,0.34608885780079973
7.090000000000702,0.34670917376833654
7.091000000000703,0.34732907863369816
7.092000000000703,0.347948568932181
7.093000000000703,0.3485676412031784
7.094000000000704,0.34918629199021145
7.095000000000704,0.34980451784096184
7.096000000000704,0.3504223153072924
7.097000000000705,0.35103968094528754
7.098000000000705,0.35165661131527154
7.099000000000705,0.3522731029818433
7.100000000000706,0.3528891525139018
7.101000000000706,0.3535047564846837
7.102000000000706,0.35411991147177696
7.103000000000707,0.35473461405716417
7.104000000000707,0.35534886082724254
7.105000000000707,0.3559626483728532
7.106000000000708,0.3565759732893154
7.107000000000708,0.35718883217644815
7.108000000000708,0.3578012216386028
7.109000000000709,0.35841313828469
7.110000000000709,0.35902457872820626
7.111000000000709,0.35963553958726724
7.11200000000071,0.36024601748463353
7.11300000000071,0.3608560090477323
7.11400000000071,0.36146551090869605
7.115000000000711,0.36207451970438476
7.116000000000711,0.36268303207641606
7.117000000000711,0.3632910446711875
7.118000000000712,0.3638985541399149
7.119000000000712,0.3645055571386479
7.120000000000712,0.36511205032831
7.121000000000713,0.3657180303747133
7.122000000000713,0.36632349394859887
7.123000000000713,0.36692843772565525
7.124000000000714,0.36753285838654964
7.125000000000714,0.3681367526169551
7.126000000000714,0.3687401171075753
7.127000000000715,0.369342948554178
7.128000000000715,0.36994524365761455
7.129000000000715,0.3705469991238527
7.130000000000716,0.37114821166400114
7.131000000000716,0.3717488779943388
7.132000000000716,0.3723489948363376
7.133000000000717,0.37294855891669293
7.134000000000717,0.3735475669673524
7.135000000000717,0.37414601572553646
7.136000000000718,0.3747439019337706
7.137000000000718,0.37534122233990846
7.138000000000718,0.3759379736971605
7.139000000000719,0.37653415276412117
7.140000000000719,0.3771297563047945
7.141000000000719,0.37772478108861746
7.14200000000072,0.37831922389049055
7.14300000000072,0.37891308149080366
7.14400000000072,0.37950635067546146
7.145000000000721,0.3800990282359072
7.146000000000721,0.38069111096915426
7.147000000000721,0.38128259567780426
7.148000000000722,0.3818734791700813
7.149000000000722,0.38246375825985396
7.1500000000007224,0.38305342976665946
7.151000000000723,0.3836424905157329
7.152000000000723,0.3842309373380282
7.1530000000007234,0.3848187670702546
7.154000000000724,0.3854059765548839
7.155000000000724,0.38599256264019516
7.1560000000007244,0.386578522180285
7.157000000000725,0.38716385203510556
7.158000000000725,0.38774854907047845
7.1590000000007254,0.3883326101581261
7.160000000000726,0.38891603217569787
7.161000000000726,0.38949881200679126
7.1620000000007265,0.3900809465409788
7.163000000000727,0.390662432673834
7.164000000000727,0.3912432673069545
7.1650000000007275,0.39182344734798774
7.166000000000728,0.39240296971065136
7.167000000000728,0.39298183131476844
7.1680000000007285,0.3935600290862802
7.169000000000729,0.39413755995727984
7.170000000000729,0.3947144208660286
7.1710000000007295,0.3952906087569859
7.17200000000073,0.3958661205808339
7.17300000000073,0.3964409532944969
7.1740000000007305,0.39701510386116967
7.175000000000731,0.3975885692503393
7.176000000000731,0.39816134643781265
7.1770000000007315,0.39873343240573283
7.178000000000732,0.3993048241426129
7.179000000000732,0.3998755186433516
7.1800000000007325,0.40044551290926034
7.181000000000733,0.40101480394808575
7.182000000000733,0.40158338877403615
7.1830000000007335,0.4021512644078005
7.184000000000734,0.40271842787657364
7.185000000000734,0.4032848762140829
7.1860000000007345,0.403850606460605
7.187000000000735,0.4044156156629923
7.188000000000735,0.4049799008746992
7.1890000000007355,0.40554345915580065
7.190000000000736,0.40610628757301376
7.191000000000736,0.40666838319972726
7.1920000000007365,0.4072297431160176
7.193000000000737,0.40779036440867505
7.194000000000737,0.40835024417122673
7.1950000000007375,0.40890937950395284
7.196000000000738,0.40946776751392094
7.197000000000738,0.41002540531499726
7.1980000000007385,0.41058229002787594
7.199000000000739,0.4111384187800951
7.200000000000739,0.41169378870606416
7.2010000000007395,0.4122483969470864
7.20200000000074,0.412802240651375
7.20300000000074,0.41335531697407923
7.2040000000007405,0.4139076230773084
7.205000000000741,0.41445915613014606
7.206000000000741,0.41500991330868015
7.2070000000007415,0.4155598917960214
7.208000000000742,0.41610908878231784
7.209000000000742,0.41665750146479186
7.2100000000007425,0.41720512704774226
7.211000000000743,0.4177519627425843
7.212000000000743,0.418298005767857
7.2130000000007435,0.4188432533492478
7.214000000000744,0.41938770271962017
7.215000000000744,0.4199313511190243
7.2160000000007445,0.4204741957947249
7.217000000000745,0.4210162340012211
7.218000000000745,0.42155746300026403
7.2190000000007455,0.42209788006087745
7.220000000000746,0.4226374824593851
7.221000000000746,0.42317626747942266
7.2220000000007465,0.42371423241196154
7.223000000000747,0.4242513745553296
7.224000000000747,0.424787691215231
7.2250000000007475,0.4253231797047659
7.226000000000748,0.4258578373444507
7.227000000000748,0.426391661462237
7.2280000000007485,0.4269246493935312
7.229000000000749,0.42745679848121926
7.230000000000749,0.4279881060756778
7.2310000000007495,0.42851856953480094
7.23200000000075,0.4290481862240157
7.23300000000075,0.42957695351630243
7.2340000000007505,0.43010486879221727
7.235000000000751,0.4306319294399036
7.236000000000751,0.4311581328551203
7.2370000000007515,0.43168347644125404
7.238000000000752,0.4322079576093416
7.239000000000752,0.4327315737780879
7.2400000000007525,0.43325432237388506
7.241000000000753,0.4337762008308288
7.242000000000753,0.4342972065907422
7.2430000000007535,0.43481733710318743
7.244000000000754,0.4353365898254922
7.245000000000754,0.43585496222275766
7.2460000000007545,0.43637245176788847
7.247000000000755,0.43688905594160105
7.248000000000755,0.4374047722324495
7.2490000000007555,0.4379195981368362
7.250000000000756,0.4384335311590359
7.251000000000756,0.43894656881120975
7.2520000000007565,0.4394587086134234
7.253000000000757,0.4399699480936673
7.254000000000757,0.4404802847878723
7.2550000000007575,0.4409897162399268
7.256000000000758,0.44149824000169346
7.257000000000758,0.4420058536330305
7.2580000000007585,0.4425125547018028
7.259000000000759,0.4430183407839031
7.260000000000759,0.4435232094632688
7.2610000000007595,0.44402715833189793
7.26200000000076,0.4445301849898652
7.26300000000076,0.44503228704534153
7.2640000000007605,0.4455334621146073
7.265000000000761,0.44603370782207014
7.266000000000761,0.4465330218002836
7.2670000000007615,0.4470314016899609
7.268000000000762,0.44752884513999186
7.269000000000762,0.4480253498074568
7.2700000000007625,0.4485209133576503
7.271000000000763,0.44901553346408607
7.272000000000763,0.4495092078085238
7.2730000000007635,0.4500019340809761
7.274000000000764,0.4504937099797292
7.275000000000764,0.4509845332113602
7.2760000000007645,0.4514744014907435
7.277000000000765,0.4519633125410805
7.278000000000765,0.45245126409389863
7.2790000000007655,0.45293825388908276
7.280000000000766,0.4534242796748788
7.281000000000766,0.45390933920791204
7.2820000000007665,0.45439343025320295
7.283000000000767,0.454876550584185
7.284000000000767,0.45535869798271195
7.2850000000007675,0.4558398702390795
7.286000000000768,0.4563200651520356
7.287000000000768,0.4567992805287986
7.2880000000007685,0.4572775141850692
7.289000000000769,0.4577547639450444
7.290000000000769,0.45823102764143414
7.2910000000007695,0.45870630311547167
7.29200000000077,0.4591805882169308
7.29300000000077,0.45965388080414404
7.2940000000007705,0.46012617874399964
7.295000000000771,0.46059747991198086
7.296000000000771,0.4610677821921551
7.2970000000007715,0.46153708347720457
7.298000000000772,0.4620053816684313
7.299000000000772,0.46247267467577247
7.3000000000007725,0.4629389604178133
7.301000000000773,0.4634042368218039
7.302000000000773,0.46386850182366496
7.3030000000007735,0.46433175336801
7.304000000000774,0.46479398940814876
7.305000000000774,0.4652552079061084
7.3060000000007745,0.4657154068326391
7.307000000000775,0.4661745841672349
7.308000000000775,0.466632737898135
7.3090000000007755,0.4670898660223491
7.310000000000776,0.4675459665456592
7.311000000000776,0.46800103748263727
7.3120000000007765,0.46845507685665483
7.313000000000777,0.46890808269989837
7.314000000000777,0.46936005305337736
7.3150000000007775,0.46981098596693954
7.316000000000778,0.47026087949927764
7.317000000000778,0.4707097317179498
7.3180000000007785,0.47115754069938004
7.319000000000779,0.4716043045288797
7.320000000000779,0.47205002130065393
7.3210000000007796,0.4724946891178113
7.32200000000078,0.4729383060923796
7.32300000000078,0.4733808703453129
7.3240000000007806,0.4738223800065059
7.325000000000781,0.4742628332148032
7.326000000000781,0.47470222811800944
7.3270000000007816,0.4751405628728993
7.328000000000782,0.4755778356452325
7.329000000000782,0.47601404460975844
7.330000000000783,0.4764491879502312
7.331000000000783,0.4768832638594173
7.332000000000783,0.4773162705391071
7.333000000000784,0.4777482062001254
7.334000000000784,0.478179069062337
7.335000000000784,0.47860885735466474
7.336000000000785,0.4790375693150921
7.337000000000785,0.4794652031906757
7.338000000000785,0.4798917572375557
7.339000000000786,0.4803172297209641
7.340000000000786,0.480741618915234
7.341000000000786,0.4811649231038118
7.342000000000787,0.4815871405792606
7.343000000000787,0.48200826964327453
7.344000000000787,0.4824283086066868
7.345000000000788,0.4828472557894769
7.346000000000788,0.48326510952078044
7.347000000000788,0.48368186813889785
7.348000000000789,0.48409752999130434
7.349000000000789,0.4845120934346575
7.350000000000789,0.4849255568348022
7.35100000000079,0.4853379185667852
7.35200000000079,0.48574917701486076
7.35300000000079,0.4861593305724956
7.354000000000791,0.48656837764238275
7.355000000000791,0.48697631663644336
7.356000000000791,0.4873831459758438
7.357000000000792,0.4877888640909898
7.358000000000792,0.48819346942154684
7.359000000000792,0.48859696041644113
7.360000000000793,0.4889993355338677
7.361000000000793,0.4894005932413011
7.362000000000793,0.48980073201549684
7.363000000000794,0.4901997503425045
7.364000000000794,0.4905976467176702
7.365000000000794,0.49099441964564877
7.366000000000795,0.49139006764040266
7.367000000000795,0.49178458922521956
7.368000000000795,0.49217798293270776
7.369000000000796,0.492570247304811
7.370000000000796,0.49296138089280833
7.371000000000796,0.49335138225732866
7.372000000000797,0.4937402499683523
7.373000000000797,0.4941279826052116
7.374000000000797,0.494514578756611
7.375000000000798,0.4949000370206179
7.376000000000798,0.4952843560046786
7.377000000000798,0.49566753432562227
7.378000000000799,0.4960495706096618
7.379000000000799,0.49643046349240494
7.380000000000799,0.49681021161886035
7.3810000000008,0.4971888136434338
7.3820000000008,0.4975662682299456
7.3830000000008,0.49794257405162956
7.384000000000801,0.4983177297911381
7.385000000000801,0.49869173414054524
7.386000000000801,0.4990645858013625
7.387000000000802,0.49943628348452396
7.388000000000802,0.49980682591041103
7.389000000000802,0.5001762118088482
7.390000000000803,0.500544439919103
7.391000000000803,0.5009115089898974
7.392000000000803,0.5012774177794118
7.393000000000804,0.5016421650552857
7.394000000000804,0.5020057495946247
7.395000000000804,0.5023681701840013
7.396000000000805,0.5027294256194657
7.397000000000805,0.503089514706537
7.398000000000805,0.5034484362602236
7.399000000000806,0.5038061891050097
7.400000000000806,0.5041627720748746
7.401000000000806,0.5045181840132814
7.402000000000807,0.5048724237731963
7.403000000000807,0.505225490217074
7.404000000000807,0.505577382216874
7.405000000000808,0.505928098654063
7.406000000000808,0.5062776384196084
7.407000000000808,0.506626000413991
7.408000000000809,0.506973183547202
7.409000000000809,0.5073191867387487
7.410000000000809,0.5076640089176548
7.41100000000081,0.5080076490224673
7.41200000000081,0.5083501060012506
7.41300000000081,0.5086913788115965
7.414000000000811,0.5090314664206219
7.415000000000811,0.5093703678049764
7.416000000000811,0.5097080819508345
7.417000000000812,0.5100446078539075
7.418000000000812,0.510379944519442
7.419000000000812,0.5107140909622151
7.420000000000813,0.5110470462065474
7.421000000000813,0.5113788092862945
7.422000000000813,0.5117093792448552
7.423000000000814,0.5120387551351683
7.424000000000814,0.5123669360197168
7.425000000000814,0.5126939209705279
7.426000000000815,0.5130197090691689
7.427000000000815,0.5133442994067613
7.428000000000815,0.5136676910839685
7.429000000000816,0.5139898832109997
7.430000000000816,0.5143108749076157
7.431000000000816,0.5146306653031238
7.432000000000817,0.5149492535363825
7.433000000000817,0.515266638755794
7.434000000000817,0.5155828201193152
7.435000000000818,0.515897796794452
7.436000000000818,0.5162115679582565
7.437000000000818,0.5165241327973356
7.438000000000819,0.516835490507839
7.439000000000819,0.5171456402954715
7.440000000000819,0.5174545813754826
7.44100000000082,0.5177623129726705
7.44200000000082,0.5180688343213825
7.44300000000082,0.5183741446655136
7.444000000000821,0.5186782432585004
7.445000000000821,0.5189811293633315
7.446000000000821,0.5192828022525355
7.447000000000822,0.5195832612081849
7.448000000000822,0.5198825055218935
7.449000000000822,0.5201805344948208
7.450000000000823,0.5204773474376626
7.451000000000823,0.5207729436706524
7.452000000000823,0.5210673225235617
7.453000000000824,0.5213604833356973
7.454000000000824,0.5216524254558988
7.455000000000824,0.5219431482425383
7.456000000000825,0.5222326510635175
7.457000000000825,0.5225209332962644
7.458000000000825,0.5228079943277358
7.459000000000826,0.5230938335544115
7.460000000000826,0.5233784503822891
7.461000000000826,0.523661844226888
7.462000000000827,0.523944014513244
7.463000000000827,0.5242249606759076
7.464000000000827,0.5245046821589375
7.465000000000828,0.5247831784159034
7.466000000000828,0.5250604489098827
7.467000000000828,0.525336493113448
7.468000000000829,0.5256113105086804
7.469000000000829,0.5258849005871543
7.470000000000829,0.5261572628499346
7.47100000000083,0.5264283968075808
7.47200000000083,0.5266983019801373
7.47300000000083,0.52696697789713
7.474000000000831,0.5272344240975676
7.475000000000831,0.5275006401299329
7.476000000000831,0.5277656255521823
7.477000000000832,0.5280293799317385
7.478000000000832,0.5282919028454902
7.479000000000832,0.5285531938797853
7.480000000000833,0.5288132526304304
7.481000000000833,0.5290720787026805
7.482000000000833,0.5293296717112406
7.483000000000834,0.5295860312802592
7.484000000000834,0.5298411570433235
7.485000000000834,0.530095048643453
7.486000000000835,0.5303477057330984
7.487000000000835,0.5305991279741354
7.488000000000835,0.5308493150378588
7.489000000000836,0.531098266604977
7.490000000000836,0.5313459823656116
7.491000000000836,0.5315924620192854
7.492000000000837,0.5318377052749239
7.493000000000837,0.532081711850844
7.494000000000837,0.5323244814747522
7.495000000000838,0.5325660138837396
7.496000000000838,0.5328063088242717
7.497000000000838,0.5330453660521914
7.498000000000839,0.5332831853327025
7.499000000000839,0.5335197664403696
7.500000000000839,0.5337551091591162
7.50100000000084,0.5339892132822086
7.50200000000084,0.5342220786122591
7.50300000000084,0.5344537049612147
7.504000000000841,0.534684092150353
7.505000000000841,0.5349132400102715
7.506000000000841,0.5351411483808892
7.507000000000842,0.5353678171114316
7.508000000000842,0.535593246060429
7.509000000000842,0.5358174350957104
7.510000000000843,0.5360403840943941
7.511000000000843,0.5362620929428766
7.512000000000843,0.5364825615368375
7.513000000000844,0.5367017897812214
7.514000000000844,0.5369197775902345
7.515000000000844,0.5371365248873395
7.516000000000845,0.5373520316052447
7.517000000000845,0.5375662976858967
7.518000000000845,0.5377793230804795
7.519000000000846,0.5379911077493961
7.520000000000846,0.5382016516622659
7.521000000000846,0.5384109547979224
7.522000000000847,0.5386190171443972
7.523000000000847,0.5388258386989153
7.524000000000847,0.5390314194678838
7.525000000000848,0.5392357594668946
7.526000000000848,0.5394388587206985
7.527000000000848,0.5396407172632145
7.528000000000849,0.5398413351375099
7.529000000000849,0.540040712395796
7.530000000000849,0.5402388490994189
7.53100000000085,0.5404357453188527
7.53200000000085,0.5406314011336861
7.53300000000085,0.5408258166326212
7.534000000000851,0.5410189919134537
7.535000000000851,0.5412109270830742
7.536000000000851,0.5414016222574554
7.537000000000852,0.5415910775616408
7.538000000000852,0.541779293129741
7.539000000000852,0.5419662691049126
7.540000000000853,0.5421520056393665
7.541000000000853,0.5423365028943424
7.542000000000853,0.5425197610401081
7.543000000000854,0.5427017802559463
7.544000000000854,0.542882560730147
7.545000000000854,0.5430621026599972
7.546000000000855,0.5432404062517686
7.547000000000855,0.5434174717207083
7.548000000000855,0.5435932992910358
7.549000000000856,0.5437678891959206
7.550000000000856,0.5439412416774801
7.551000000000856,0.5441133569867688
7.552000000000857,0.5442842353837678
7.553000000000857,0.5444538771373697
7.554000000000857,0.5446222825253731
7.555000000000858,0.5447894518344691
7.556000000000858,0.5449553853602368
7.557000000000858,0.5451200834071219
7.558000000000859,0.5452835462884338
7.559000000000859,0.545445774326333
7.560000000000859,0.5456067678518195
7.56100000000086,0.54576652720472
7.56200000000086,0.5459250527336802
7.56300000000086,0.54608234479615
7.564000000000861,0.5462384037583718
7.565000000000861,0.5463932299953821
7.566000000000861,0.5465468238909752
7.567000000000862,0.5466991858377133
7.568000000000862,0.5468503162369056
7.569000000000862,0.5470002154985979
7.570000000000863,0.5471488840415606
7.571000000000863,0.5472963222932753
7.572000000000863,0.547442530689931
7.573000000000864,0.5475875096763977
7.574000000000864,0.5477312597062305
7.575000000000864,0.5478737812416412
7.576000000000865,0.5480150747535006
7.577000000000865,0.5481551407213135
7.578000000000865,0.54829397963322
7.579000000000866,0.5484315919859709
7.580000000000866,0.548567978284918
7.581000000000866,0.548703139044008
7.582000000000867,0.5488370747857588
7.583000000000867,0.5489697860412608
7.584000000000867,0.5491012733501505
7.585000000000868,0.5492315372606037
7.586000000000868,0.5493605783293251
7.587000000000868,0.5494883971215256
7.588000000000869,0.5496149942109246
7.589000000000869,0.5497403701797203
7.590000000000869,0.549864525618588
7.59100000000087,0.5499874611266611
7.59200000000087,0.5501091773115196
7.59300000000087,0.5502296747891763
7.594000000000871,0.5503489541840632
7.595000000000871,0.550467016129017
7.596000000000871,0.550583861265266
7.597000000000872,0.5506994902424189
7.598000000000872,0.5508139037184454
7.599000000000872,0.5509271023596665
7.600000000000873,0.5510390868407397
7.601000000000873,0.5511498578446432
7.602000000000873,0.551259416062664
7.603000000000874,0.5513677621943824
7.604000000000874,0.5514748969476609
7.605000000000874,0.5515808210386215
7.606000000000875,0.5516855351916403
7.607000000000875,0.5517890401393274
7.608000000000875,0.5518913366225184
7.609000000000876,0.5519924253902531
7.610000000000876,0.5520923071997582
7.611000000000876,0.5521909828164485
7.612000000000877,0.5522884530138912
7.613000000000877,0.5523847185738098
7.614000000000877,0.5524797802860538
7.615000000000878,0.5525736389485918
7.616000000000878,0.5526662953674973
7.617000000000878,0.5527577503569299
7.618000000000879,0.5528480047391193
7.619000000000879,0.552937059344354
7.620000000000879,0.5530249150109642
7.62100000000088,0.5531115725853042
7.62200000000088,0.553197032921739
7.62300000000088,0.5532812968826325
7.624000000000881,0.5533643653383215
7.625000000000881,0.5534462391671093
7.626000000000881,0.5535269192552487
7.627000000000882,0.5536064064969217
7.628000000000882,0.5536847017942282
7.629000000000882,0.5537618060571672
7.630000000000883,0.5538377202036228
7.631000000000883,0.5539124451593435
7.632000000000883,0.5539859818579372
7.633000000000884,0.5540583312408397
7.634000000000884,0.5541294942573095
7.635000000000884,0.554199471864408
7.636000000000885,0.5542682650269857
7.637000000000885,0.5543358747176574
7.638000000000885,0.5544023019167991
7.639000000000886,0.5544675476125155
7.640000000000886,0.5545316128006412
7.641000000000886,0.5545944984847064
7.642000000000887,0.5546562056759325
7.643000000000887,0.5547167353932115
7.644000000000887,0.5547760886630859
7.645000000000888,0.5548342665197394
7.646000000000888,0.5548912700049711
7.647000000000888,0.5549471001681834
7.648000000000889,0.5550017580663641
7.649000000000889,0.55505524476407
7.650000000000889,0.5551075613334073
7.65100000000089,0.5551587088540196
7.65200000000089,0.5552086884130609
7.65300000000089,0.5552575011051885
7.654000000000891,0.5553051480325407
7.655000000000891,0.5553516303047182
7.656000000000891,0.5553969490387693
7.657000000000892,0.5554411053591696
7.658000000000892,0.5554841003978077
7.659000000000892,0.5555259352939647
7.660000000000893,0.5555666111942974
7.661000000000893,0.5556061292528212
7.662000000000893,0.5556444906308886
7.663000000000894,0.5556816964971764
7.664000000000894,0.5557177480276655
7.665000000000894,0.5557526464056206
7.666000000000895,0.5557863928215759
7.667000000000895,0.555818988473315
7.668000000000895,0.5558504345658519
7.669000000000896,0.5558807323114133
7.670000000000896,0.5559098829294228
7.671000000000896,0.5559378876464777
7.672000000000897,0.5559647476963349
7.673000000000897,0.5559904643198896
7.674000000000897,0.5560150387651596
7.675000000000898,0.5560384722872631
7.676000000000898,0.556060766148405
7.677000000000898,0.5560819216178489
7.678000000000899,0.5561019399719143
7.679000000000899,0.556120822493939
7.680000000000899,0.5561385704742724
7.6810000000009,0.5561551852102584
7.6820000000009,0.5561706680062054
7.6830000000009,0.5561850201733739
7.684000000000901,0.5561982430299637
7.685000000000901,0.5562103379010805
7.6860000000009014,0.5562213061187287
7.687000000000902,0.5562311490217873
7.688000000000902,0.5562398679559937
7.6890000000009024,0.5562474642739177
7.690000000000903,0.5562539393349513
7.691000000000903,0.556259294505281
7.6920000000009034,0.5562635311578743
7.693000000000904,0.5562666506724581
7.694000000000904,0.5562686544354964
7.6950000000009044,0.5562695438401795
7.696000000000905,0.5562693202863924
7.697000000000905,0.5562679851807034
7.6980000000009055,0.5562655399363434
7.699000000000906,0.5562619859731831
7.700000000000906,0.5562573247177163
7.7010000000009065,0.5562515576030405
7.702000000000907,0.55624468606883
7.703000000000907,0.5562367115613265
7.7040000000009075,0.556227635533315
7.705000000000908,0.5562174594440984
7.706000000000908,0.556206184759483
7.7070000000009085,0.5561938129517604
7.708000000000909,0.5561803454996824
7.709000000000909,0.5561657838884422
7.7100000000009095,0.556150129609658
7.71100000000091,0.5561333841613453
7.71200000000091,0.556115549047902
7.7130000000009105,0.5560966257800916
7.714000000000911,0.5560766158750112
7.715000000000911,0.5560555208560835
7.7160000000009115,0.556033342253028
7.717000000000912,0.5560100816018454
7.718000000000912,0.5559857404447968
7.7190000000009125,0.555960320330377
7.720000000000913,0.5559338228133016
7.721000000000913,0.5559062494544816
7.7220000000009135,0.5558776018210068
7.723000000000914,0.5558478814861207
7.724000000000914,0.5558170900292023
7.7250000000009145,0.5557852290357468
7.726000000000915,0.5557523000973376
7.727000000000915,0.5557183048116378
7.7280000000009155,0.555683244782355
7.729000000000916,0.5556471216192329
7.730000000000916,0.5556099369380211
7.7310000000009165,0.5555716923604602
7.732000000000917,0.5555323895142599
7.733000000000917,0.5554920300330738
7.7340000000009175,0.5554506155564808
7.735000000000918,0.5554081477299657
7.736000000000918,0.555364628204897
7.7370000000009185,0.5553200586385033
7.738000000000919,0.5552744406938581
7.739000000000919,0.5552277760398505
7.7400000000009195,0.5551800663511682
7.74100000000092,0.5551313133082773
7.74200000000092,0.5550815185974006
7.7430000000009205,0.5550306839104929
7.744000000000921,0.5549788109452213
7.745000000000921,0.5549259014049471
7.7460000000009215,0.5548719569986991
7.747000000000922,0.5548169794411552
7.748000000000922,0.5547609704526212
7.7490000000009225,0.5547039317590059
7.750000000000923,0.554645865091804
7.751000000000923,0.5545867721880702
7.7520000000009235,0.5545266547904011
7.753000000000924,0.554465514646912
7.754000000000924,0.554403353511215
7.7550000000009245,0.5543401731423939
7.756000000000925,0.5542759753049931
7.757000000000925,0.5542107617689832
7.7580000000009255,0.5541445343097429
7.759000000000926,0.554077294708047
7.760000000000926,0.5540090447500284
7.7610000000009265,0.5539397862271673
7.762000000000927,0.5538695209362672
7.763000000000927,0.5537982506794291
7.7640000000009275,0.5537259772640364
7.765000000000928,0.553652702502723
7.766000000000928,0.5535784282133637
7.7670000000009285,0.553503156219039
7.768000000000929,0.5534268883480242
7.769000000000929,0.5533496264337617
7.7700000000009295,0.5532713723148389
7.77100000000093,0.5531921278349677
7.77200000000093,0.5531118948429599
7.7730000000009305,0.5530306751927097
7.774000000000931,0.5529484707431663
7.775000000000931,0.5528652833583132
7.7760000000009315,0.5527811149071491
7.777000000000932,0.5526959672636619
7.778000000000932,0.5526098423068064
7.7790000000009325,0.552522741920484
7.780000000000933,0.5524346679935205
7.781000000000933,0.5523456224196412
7.7820000000009335,0.5522556070974528
7.783000000000934,0.5521646239304138
7.784000000000934,0.5520726748268209
7.7850000000009345,0.5519797616997805
7.786000000000935,0.5518858864671854
7.787000000000935,0.5517910510517001
7.7880000000009355,0.55169525738073
7.789000000000936,0.5515985073864016
7.790000000000936,0.5515008030055409
7.7910000000009365,0.5514021461796509
7.792000000000937,0.5513025388548878
7.793000000000937,0.5512019829820389
7.7940000000009375,0.5511004805165006
7.795000000000938,0.5509980334182555
7.796000000000938,0.55089464365185
7.7970000000009385,0.5507903131863684
7.798000000000939,0.5506850439954172
7.799000000000939,0.5505788380570966
7.8000000000009395,0.5504716973539777
7.80100000000094,0.5503636238730832
7.80200000000094,0.5502546196058651
7.8030000000009405,0.5501446865481767
7.804000000000941,0.550033826700254
7.805000000000941,0.5499220420666953
7.8060000000009415,0.5498093346564299
7.807000000000942,0.5496957064827035
7.808000000000942,0.5495811595630523
7.8090000000009425,0.549465695919282
7.810000000000943,0.5493493175774409
7.811000000000943,0.5492320265677997
7.8120000000009435,0.549113824924833
7.813000000000944,0.5489947146871834
7.814000000000944,0.5488746978976569
7.8150000000009445,0.5487537766031825
7.816000000000945,0.5486319528548025
7.817000000000945,0.5485092287076409
7.8180000000009455,0.5483856062208872
7.819000000000946,0.5482610874577687
7.820000000000946,0.5481356744855271
7.8210000000009465,0.5480093693754005
7.822000000000947,0.5478821742025947
7.823000000000947,0.5477540910462665
7.8240000000009475,0.547625121989496
7.825000000000948,0.5474952691192638
7.826000000000948,0.5473645345264296
7.8270000000009485,0.547232920305712
7.828000000000949,0.5471004285556578
7.829000000000949,0.546967061378625
7.8300000000009495,0.5468328208807635
7.83100000000095,0.5466977091719782
7.83200000000095,0.5465617283659211
7.8330000000009505,0.5464248805799625
7.834000000000951,0.5462871679351627
7.835000000000951,0.54614859255626
7.8360000000009515,0.5460091565716362
7.837000000000952,0.5458688621133017
7.838000000000952,0.5457277113168701
7.8390000000009525,0.545585706321533
7.840000000000953,0.5454428492700415
7.841000000000953,0.5452991423086787
7.8420000000009535,0.5451545875872366
7.843000000000954,0.5450091872589978
7.844000000000954,0.5448629434807106
7.8450000000009545,0.5447158584125628
7.846000000000955,0.5445679342181592
7.847000000000955,0.5444191730645057
7.8480000000009555,0.5442695771219743
7.849000000000956,0.5441191485642907
7.850000000000956,0.5439678895685084
7.8510000000009565,0.5438158023149802
7.852000000000957,0.5436628889873427
7.853000000000957,0.5435091517724855
7.8540000000009575,0.5433545928605403
7.855000000000958,0.5431992144448426
7.856000000000958,0.5430430187219201
7.8570000000009586,0.5428860078914675
7.858000000000959,0.5427281841563173
7.859000000000959,0.5425695497224218
7.8600000000009596,0.5424101067988365
7.86100000000096,0.5422498575976809
7.86200000000096,0.5420888043341319
7.8630000000009606,0.5419269492263895
7.864000000000961,0.5417642944956597
7.865000000000961,0.5416008423661295
7.866000000000962,0.541436595064945
7.867000000000962,0.5412715548221854
7.868000000000962,0.5411057238708465
7.869000000000963,0.5409391044468089
7.870000000000963,0.5407716987888237
7.871000000000963,0.5406035091384823
7.872000000000964,0.5404345377401986
7.873000000000964,0.5402647868411817
7.874000000000964,0.5400942586914196
7.875000000000965,0.539922955543649
7.876000000000965,0.5397508796533341
7.877000000000965,0.5395780332786497
7.878000000000966,0.5394044186804506
7.879000000000966,0.5392300381222502
7.880000000000966,0.5390548938702026
7.881000000000967,0.5388789881930756
7.882000000000967,0.5387023233622233
7.883000000000967,0.5385249016515777
7.884000000000968,0.5383467253376086
7.885000000000968,0.538167796699314
7.886000000000968,0.5379881180181876
7.887000000000969,0.537807691578203
7.888000000000969,0.5376265196657904
7.889000000000969,0.5374446045698059
7.89000000000097,0.5372619485815204
7.89100000000097,0.5370785539945866
7.89200000000097,0.5368944231050241
7.893000000000971,0.5367095582111882
7.894000000000971,0.5365239616137591
7.895000000000971,0.5363376356157076
7.896000000000972,0.5361505825222765
7.897000000000972,0.5359628046409616
7.898000000000972,0.5357743042814836
7.899000000000973,0.5355850837557686
7.900000000000973,0.5353951453779213
7.901000000000973,0.5352044914642107
7.902000000000974,0.5350131243330382
7.903000000000974,0.5348210463049242
7.904000000000974,0.5346282597024741
7.905000000000975,0.5344347668503652
7.906000000000975,0.5342405700753228
7.907000000000975,0.5340456717060925
7.908000000000976,0.5338500740734209
7.909000000000976,0.5336537795100379
7.910000000000976,0.5334567903506264
7.911000000000977,0.5332591089318008
7.912000000000977,0.5330607375920916
7.913000000000977,0.5328616786719124
7.914000000000978,0.5326619345135486
7.915000000000978,0.532461507461126
7.916000000000978,0.5322603998605931
7.917000000000979,0.5320586140596982
7.918000000000979,0.5318561524079667
7.919000000000979,0.5316530172566736
7.92000000000098,0.531449210958835
7.92100000000098,0.5312447358691691
7.92200000000098,0.5310395943440874
7.923000000000981,0.5308337887416621
7.924000000000981,0.5306273214216087
7.925000000000981,0.5304201947452696
7.926000000000982,0.5302124110755786
7.927000000000982,0.5300039727770507
7.928000000000982,0.5297948822157545
7.929000000000983,0.5295851417592925
7.930000000000983,0.5293747537767713
7.931000000000983,0.5291637206387902
7.932000000000984,0.5289520447174167
7.933000000000984,0.5287397283861605
7.934000000000984,0.528526774019953
7.935000000000985,0.5283131839951206
7.936000000000985,0.5280989606893782
7.937000000000985,0.5278841064817905
7.938000000000986,0.5276686237527547
7.939000000000986,0.5274525148839877
7.940000000000986,0.5272357822584907
7.941000000000987,0.5270184282605328
7.942000000000987,0.5268004552756352
7.943000000000987,0.5265818656905411
7.944000000000988,0.5263626618931975
7.945000000000988,0.5261428462727334
7.946000000000988,0.5259224212194377
7.947000000000989,0.5257013891247357
7.948000000000989,0.5254797523811722
7.949000000000989,0.525257513382383
7.95000000000099,0.5250346745230839
7.95100000000099,0.5248112381990349
7.95200000000099,0.5245872068070303
7.953000000000991,0.5243625827448724
7.954000000000991,0.5241373684113503
7.955000000000991,0.5239115662062199
7.956000000000992,0.5236851785301799
7.957000000000992,0.5234582077848531
7.958000000000992,0.5232306563727639
7.959000000000993,0.523002526697314
7.960000000000993,0.522773821162768
7.961000000000993,0.5225445421742263
7.962000000000994,0.5223146921376065
7.963000000000994,0.5220842734596158
7.964000000000994,0.5218532885477446
7.965000000000995,0.5216217398102291
7.966000000000995,0.5213896296560386
7.967000000000995,0.5211569604948557
7.968000000000996,0.5209237347370496
7.969000000000996,0.5206899547936559
7.970000000000996,0.520455623076361
7.971000000000997,0.5202207419974767
7.972000000000997,0.5199853139699218
7.973000000000997,0.5197493414071938
7.974000000000998,0.5195128267233604
7.975000000000998,0.51927577233303
7.976000000000998,0.5190381806513303
7.977000000000999,0.5188000540938954
7.978000000000999,0.5185613950768306
7.979000000000999,0.518322206016715
7.980000000001,0.5180824893305522
7.981000000001,0.5178422474357738
7.982000000001,0.5176014827502043
7.983000000001001,0.5173601976920476
7.984000000001001,0.5171183946798644
7.985000000001001,0.5168760761325493
7.986000000001002,0.5166332444693128
7.987000000001002,0.5163899021096653
7.988000000001002,0.5161460514733834
7.989000000001003,0.5159016949805076
7.990000000001003,0.5156568350513078
7.991000000001003,0.5154114741062638
7.992000000001004,0.5151656145660573
7.993000000001004,0.5149192588515363
7.994000000001004,0.5146724093837074
7.995000000001005,0.514425068583704
7.996000000001005,0.5141772388727776
7.997000000001005,0.5139289226722707
7.998000000001006,0.513680122403601
7.999000000001006,0.5134308404882331
8.000000000001005,0.5131810793476692
8.001000000001005,0.5129308414034242
8.002000000001004,0.512680129077003
8.003000000001004,0.5124289447898873
8.004000000001003,0.5121772909635093
8.005000000001003,0.5119251700192378
8.006000000001002,0.511672584378351
8.007000000001002,0.5114195364620282
8.008000000001001,0.5111660286913149
8.009000000001,0.5109120634871188
8.010000000001,0.5106576432701769
8.011000000001,0.5104027704610482
8.012000000000999,0.510147447480085
8.013000000000998,0.5098916767474126
8.014000000000998,0.5096354606829222
8.015000000000997,0.509378801706237
8.016000000000997,0.5091217022367001
8.017000000000996,0.5088641646933552
8.018000000000995,0.5086061914949275
8.019000000000995,0.5083477850598007
8.020000000000994,0.5080889478060021
8.021000000000994,0.5078296821511809
8.022000000000993,0.5075699905125903
8.023000000000993,0.5073098753070698
8.024000000000992,0.5070493389510237
8.025000000000992,0.5067883838604015
8.026000000000991,0.5065270124506843
8.02700000000099,0.506265227136858
8.02800000000099,0.5060030303334042
8.02900000000099,0.5057404244542693
8.030000000000989,0.5054774119128589
8.031000000000988,0.5052139951220074
8.032000000000988,0.5049501764939701
8.033000000000987,0.5046859584403925
8.034000000000987,0.5044213433723073
8.035000000000986,0.5041563337000984
8.036000000000985,0.5038909318334975
8.037000000000985,0.5036251401815548
8.038000000000984,0.5033589611526255
8.039000000000984,0.503092397154358
8.040000000000983,0.5028254505936599
8.041000000000983,0.5025581238766911
8.042000000000982,0.5022904194088463
8.043000000000982,0.5020223395947323
8.044000000000981,0.5017538868381475
8.04500000000098,0.5014850635420736
8.04600000000098,0.5012158721086485
8.04700000000098,0.5009463149391505
8.048000000000979,0.500676394433986
8.049000000000978,0.5004061129926604
8.050000000000978,0.5001354730137728
8.051000000000977,0.49986447689498925
8.052000000000977,0.4995931270330321
8.053000000000976,0.4993214258236492
8.054000000000975,0.4990493756616196
8.055000000000975,0.4987769789407088
8.056000000000974,0.4985042380536704
8.057000000000974,0.49823115539222285
8.058000000000973,0.49795773334703025
8.059000000000973,0.497683974307687
8.060000000000972,0.4974098806627
8.061000000000972,0.49713545479947036
8.062000000000971,0.49686069910427905
8.06300000000097,0.49658561596226725
8.06400000000097,0.4963102077574182
8.06500000000097,0.49603447687254254
8.066000000000969,0.4957584256892598
8.067000000000968,0.4954820565879825
8.068000000000968,0.49520537194790243
8.069000000000967,0.49492837414696583
8.070000000000967,0.49465106556185695
8.071000000000966,0.4943734485679959
8.072000000000966,0.4940955255395023
8.073000000000965,0.4938172988491897
8.074000000000964,0.4935387708685485
8.075000000000964,0.49325994396772815
8.076000000000963,0.4929808205155166
8.077000000000963,0.49270140287932906
8.078000000000962,0.49242169342519004
8.079000000000962,0.4921416945177186
8.080000000000961,0.49186140852010457
8.08100000000096,0.4915808377941043
8.08200000000096,0.49129998470001357
8.08300000000096,0.49101885159665964
8.084000000000959,0.490737440841379
8.085000000000958,0.49045575479000286
8.086000000000958,0.490173795796844
8.087000000000957,0.4898915662146791
8.088000000000957,0.4896090683947287
8.089000000000956,0.4893263046866514
8.090000000000956,0.4890432774385152
8.091000000000955,0.4887599889967952
8.092000000000954,0.48847644170634685
8.093000000000954,0.48819263791039347
8.094000000000953,0.4879085799505143
8.095000000000953,0.48762427016662746
8.096000000000952,0.487339710896971
8.097000000000952,0.48705490447808997
8.098000000000951,0.4867698532448239
8.09900000000095,0.48648455953028646
8.10000000000095,0.48619902566585177
8.10100000000095,0.4859132539811402
8.102000000000949,0.4856272468040042
8.103000000000948,0.4853410064605096
8.104000000000948,0.4850545352749282
8.105000000000947,0.4847678355697097
8.106000000000947,0.4844809096654775
8.107000000000946,0.4841937598810117
8.108000000000946,0.48390638853323464
8.109000000000945,0.48361879793719226
8.110000000000944,0.48333099040604155
8.111000000000944,0.48304296825103904
8.112000000000943,0.4827547337815212
8.113000000000943,0.48246628930489216
8.114000000000942,0.4821776371266102
8.115000000000942,0.48188877955017634
8.116000000000941,0.4815997188771048
8.11700000000094,0.4813104574069308
8.11800000000094,0.4810209974371802
8.11900000000094,0.4807313412633604
8.120000000000939,0.48044149117894874
8.121000000000938,0.48015144947537425
8.122000000000938,0.47986121844200325
8.123000000000937,0.4795708003661318
8.124000000000937,0.4792801975329638
8.125000000000936,0.4789894122256
8.126000000000936,0.47869844672502837
8.127000000000935,0.47840730331010534
8.128000000000934,0.47811598425753976
8.129000000000934,0.47782449184188813
8.130000000000933,0.4775328283355355
8.131000000000933,0.47724099600867526
8.132000000000932,0.4769489971293153
8.133000000000932,0.4766568339632405
8.134000000000931,0.4763645087740171
8.13500000000093,0.476072023822969
8.13600000000093,0.47577938136917386
8.13700000000093,0.4754865836694423
8.138000000000929,0.475193632978303
8.139000000000928,0.4749005315480009
8.140000000000928,0.4746072816284741
8.141000000000927,0.47431388546734204
8.142000000000927,0.47402034530989884
8.143000000000926,0.47372666339909125
8.144000000000926,0.4734328419755149
8.145000000000925,0.4731388832773948
8.146000000000925,0.47284478954057524
8.147000000000924,0.4725505629985093
8.148000000000923,0.47225620588224254
8.149000000000923,0.47196172042040263
8.150000000000922,0.471667108839187
8.151000000000922,0.4713723733623477
8.152000000000921,0.47107751621118654
8.15300000000092,0.470782539604533
8.15400000000092,0.4704874457587345
8.15500000000092,0.47019223688765416
8.156000000000919,0.4698969152026457
8.157000000000918,0.4696014829125451
8.158000000000918,0.46930594222366656
8.159000000000917,0.4690102953397772
8.160000000000917,0.46871454446209776
8.161000000000916,0.4684186917892822
8.162000000000916,0.46812273951741107
8.163000000000915,0.4678266898399735
8.164000000000915,0.46753054494786866
8.165000000000914,0.46723430702937707
8.166000000000913,0.46693797827016104
8.167000000000913,0.4666415608532498
8.168000000000912,0.4663450569590291
8.169000000000912,0.4660484687652254
8.170000000000911,0.4657517984469014
8.17100000000091,0.4654550481764412
8.17200000000091,0.4651582201235386
8.17300000000091,0.464861316455186
8.174000000000909,0.46456433933566704
8.175000000000908,0.46426729092653996
8.176000000000908,0.46397017338663243
8.177000000000907,0.463672988872028
8.178000000000907,0.46337573953605193
8.179000000000906,0.4630784275292671
8.180000000000906,0.4627810549994586
8.181000000000905,0.4624836240916276
8.182000000000905,0.46218613694797134
8.183000000000904,0.46188859570788554
8.184000000000903,0.46159100250794677
8.185000000000903,0.4612933594818991
8.186000000000902,0.46099566876065157
8.187000000000902,0.4606979324722609
8.188000000000901,0.46040015274192936
8.1890000000009,0.46010233169198467
8.1900000000009,0.45980447144187603
8.1910000000009,0.4595065741081651
8.192000000000899,0.4592086418045144
8.193000000000898,0.45891067664167423
8.194000000000898,0.4586126807274778
8.195000000000897,0.4583146561668289
8.196000000000897,0.45801660506169456
8.197000000000896,0.4577185295110881
8.198000000000896,0.4574204316110725
8.199000000000895,0.4571223134547391
8.200000000000895,0.456824177132203
8.201000000000894,0.45652602473059234
8.202000000000893,0.4562278583340433
8.203000000000893,0.45592968002368467
8.204000000000892,0.45563149187762725
8.205000000000892,0.4553332959709697
8.206000000000891,0.4550350943757686
8.20700000000089,0.4547368891610438
8.20800000000089,0.4544386823927611
8.20900000000089,0.45414047613383285
8.210000000000889,0.45384227244410097
8.211000000000888,0.4535440733803296
8.212000000000888,0.4532458809961969
8.213000000000887,0.4529476973422887
8.214000000000887,0.4526495244660916
8.215000000000886,0.4523513644119712
8.216000000000886,0.4520532192211832
8.217000000000885,0.45175509093184874
8.218000000000885,0.4514569815789567
8.219000000000884,0.451158893194349
8.220000000000883,0.45086082780671377
8.221000000000883,0.4505627874415799
8.222000000000882,0.45026477412130583
8.223000000000882,0.4499667898650739
8.224000000000881,0.44966883668887714
8.22500000000088,0.4493709166055193
8.22600000000088,0.4490730316246019
8.22700000000088,0.4487751837525176
8.228000000000879,0.4484773749924401
8.229000000000879,0.4481796073443203
8.230000000000878,0.4478818828048771
8.231000000000877,0.4475842033675897
8.232000000000877,0.447286571022689
8.233000000000876,0.44698898775714985
8.234000000000876,0.4466914555546901
8.235000000000875,0.446393976395754
8.236000000000875,0.4460965522575076
8.237000000000874,0.4457991851138389
8.238000000000874,0.4455018769353384
8.239000000000873,0.4452046296893039
8.240000000000872,0.44490744533972293
8.241000000000872,0.4446103258472725
8.242000000000871,0.4443132731693142
8.24300000000087,0.44401628925987696
8.24400000000087,0.44371937606966255
8.24500000000087,0.44342253554603
8.246000000000869,0.44312576963299344
8.247000000000869,0.44282908027121354
8.248000000000868,0.442532469397993
8.249000000000867,0.442235938947266
8.250000000000867,0.44193949084959633
8.251000000000866,0.4416431270321698
8.252000000000866,0.4413468494187835
8.253000000000865,0.4410506599298461
8.254000000000865,0.4407545604823714
8.255000000000864,0.44045855298996134
8.256000000000864,0.4401626393628166
8.257000000000863,0.43986682150771844
8.258000000000862,0.4395711013280254
8.259000000000862,0.43927548072367173
8.260000000000861,0.43897996159115343
8.26100000000086,0.43868454582353156
8.26200000000086,0.4383892353104201
8.26300000000086,0.43809403193798224
8.264000000000859,0.4377989375889268
8.265000000000859,0.43750395414249926
8.266000000000858,0.43720908347447784
8.267000000000857,0.4369143274571665
8.268000000000857,0.4366196879593949
8.269000000000856,0.4363251668465057
8.270000000000856,0.4360307659803557
8.271000000000855,0.43573648721930575
8.272000000000855,0.4354423324182194
8.273000000000854,0.43514830342845195
8.274000000000854,0.4348544020978561
8.275000000000853,0.43456063027076663
8.276000000000852,0.43426698978799877
8.277000000000852,0.4339734824868457
8.278000000000851,0.43368011020107045
8.27900000000085,0.433386874760904
8.28000000000085,0.4330937779930392
8.28100000000085,0.43280082172062495
8.28200000000085,0.43250800776326626
8.283000000000849,0.43221533793701244
8.284000000000848,0.4319228140543577
8.285000000000847,0.4316304379242372
8.286000000000847,0.43133821135202255
8.287000000000846,0.43104613613951154
8.288000000000846,0.4307542140849318
8.289000000000845,0.43046244698293357
8.290000000000845,0.43017083662458644
8.291000000000844,0.42987938479737114
8.292000000000844,0.4295880932851831
8.293000000000843,0.42929696386831945
8.294000000000842,0.42900599832348413
8.295000000000842,0.4287151984237773
8.296000000000841,0.4284245659386973
8.29700000000084,0.4281341026341305
8.29800000000084,0.4278438102723522
8.29900000000084,0.4275536906120219
8.30000000000084,0.42726374540818224
8.301000000000839,0.4269739764122488
8.302000000000838,0.42668438537201264
8.303000000000837,0.42639497403163873
8.304000000000837,0.4261057441316528
8.305000000000836,0.4258166974089493
8.306000000000836,0.42552783559678264
8.307000000000835,0.425239160424764
8.308000000000835,0.4249506736188578
8.309000000000834,0.4246623769013808
8.310000000000834,0.4243742719910032
8.311000000000833,0.4240863606027341
8.312000000000833,0.42379864444792725
8.313000000000832,0.4235111252342774
8.314000000000831,0.4232238046658168
8.31500000000083,0.4229366844429119
8.31600000000083,0.42264976626226075
8.31700000000083,0.4223630518168914
8.31800000000083,0.4220765427961565
8.319000000000829,0.42179024088573874
8.320000000000828,0.4215041477676362
8.321000000000828,0.4212182651201696
8.322000000000827,0.42093259461797855
8.323000000000826,0.4206471379320146
8.324000000000826,0.4203618967295459
8.325000000000825,0.42007687267414595
8.326000000000825,0.4197920674257045
8.327000000000824,0.4195074826404099
8.328000000000824,0.41922311997076117
8.329000000000823,0.4189389810655562
8.330000000000823,0.4186550675698994
8.331000000000822,0.4183713811251866
8.332000000000821,0.418087923369117
8.33300000000082,0.4178046959356816
8.33400000000082,0.4175217004551708
8.33500000000082,0.41723893855416044
8.33600000000082,0.41695641185552146
8.337000000000819,0.4166741219784135
8.338000000000818,0.41639207053828564
8.339000000000818,0.41611025914686844
8.340000000000817,0.41582868941218515
8.341000000000816,0.4155473629385336
8.342000000000816,0.4152662813265044
8.343000000000815,0.41498544617296385
8.344000000000815,0.4147048590710588
8.345000000000814,0.41442452161021515
8.346000000000814,0.4141444353761422
8.347000000000813,0.4138646019508197
8.348000000000813,0.41358502291250765
8.349000000000812,0.41330569983574134
8.350000000000811,0.41302663429132935
8.35100000000081,0.41274782784635694
8.35200000000081,0.4124692820641805
8.35300000000081,0.41219099850442964
8.35400000000081,0.41191297872300436
8.355000000000809,0.4116352242720808
8.356000000000808,0.4113577367001006
8.357000000000808,0.41108051755177977
8.358000000000807,0.41080356836810106
8.359000000000806,0.41052689068632275
8.360000000000806,0.41025048603996533
8.361000000000805,0.4099743559588227
8.362000000000805,0.40969850196895763
8.363000000000804,0.40942292559270194
8.364000000000804,0.409147628348654
8.365000000000803,0.40887261175168177
8.366000000000803,0.40859787731292396
8.367000000000802,0.4083234265397853
8.368000000000801,0.40804926093594257
8.369000000000801,0.407775382001337
8.3700000000008,0.40750179123218055
8.3710000000008,0.4072284901209601
8.3720000000008,0.4069554801564234
8.373000000000799,0.40668276282359345
8.374000000000798,0.4064103396037622
8.375000000000798,0.40613821197449473
8.376000000000797,0.4058663814096228
8.377000000000796,0.4055948493792547
8.378000000000796,0.4053236173497679
8.379000000000795,0.40505268678381545
8.380000000000795,0.4047820591403221
8.381000000000794,0.4045117358744894
8.382000000000794,0.40424171843778967
8.383000000000793,0.4039720082779769
8.384000000000793,0.40370260683907727
8.385000000000792,0.40343351556139884
8.386000000000791,0.40316473588152457
8.387000000000791,0.4028962692323193
8.38800000000079,0.40262811704292856
8.38900000000079,0.4023602807387788
8.39000000000079,0.4020927617415809
8.391000000000789,0.40182556146932946
8.392000000000788,0.4015586813363033
8.393000000000788,0.40129212275306936
8.394000000000787,0.40102588712648357
8.395000000000786,0.4007599758596866
8.396000000000786,0.400494390352117
8.397000000000785,0.40022913199950055
8.398000000000785,0.39996420219385825
8.399000000000784,0.3996996023235049
8.400000000000784,0.39943533377305446
8.401000000000783,0.39917139792342077
8.402000000000783,0.39890779615181154
8.403000000000782,0.3986445298317446
8.404000000000782,0.3983816003330358
8.405000000000781,0.39811900902180697
8.40600000000078,0.3978567572604908
8.40700000000078,0.39759484640782716
8.40800000000078,0.3973332778188656
8.409000000000779,0.397072052844971
8.410000000000778,0.39681117283382317
8.411000000000778,0.39655063912941696
8.412000000000777,0.39629045307207156
8.413000000000777,0.3960306159984226
8.414000000000776,0.39577112924143215
8.415000000000775,0.3955119941303891
8.416000000000775,0.39525321199090546
8.417000000000774,0.39499478414493233
8.418000000000774,0.39473671191074655
8.419000000000773,0.39447899660296176
8.420000000000773,0.3942216395325326
8.421000000000772,0.3939646420067514
8.422000000000772,0.39370800532925376
8.423000000000771,0.3934517308000193
8.42400000000077,0.39319581971537976
8.42500000000077,0.392940273368013
8.42600000000077,0.3926850930469531
8.427000000000769,0.39243028003758884
8.428000000000768,0.3921758356216671
8.429000000000768,0.3919217610772995
8.430000000000767,0.39166805767895824
8.431000000000767,0.39141472669748534
8.432000000000766,0.39116176940009484
8.433000000000765,0.39090918705036976
8.434000000000765,0.39065698090827083
8.435000000000764,0.39040515223013966
8.436000000000764,0.3901537022687009
8.437000000000763,0.38990263227306077
8.438000000000763,0.3896519434887186
8.439000000000762,0.38940163715756265
8.440000000000762,0.3891517145178774
8.441000000000761,0.38890217680434475
8.44200000000076,0.38865302524804957
8.44300000000076,0.3884042610764822
8.44400000000076,0.388155885513539
8.445000000000759,0.3879078997795315
8.446000000000758,0.3876603050911829
8.447000000000758,0.38741310266163886
8.448000000000757,0.3871662937004636
8.449000000000757,0.38691987941364964
8.450000000000756,0.38667386100361895
8.451000000000755,0.38642823966922485
8.452000000000755,0.38618301660575965
8.453000000000754,0.38593819300495374
8.454000000000754,0.38569377005498506
8.455000000000753,0.38544974894047723
8.456000000000753,0.3852061308425051
8.457000000000752,0.38496291693860074
8.458000000000752,0.3847201084027555
8.459000000000751,0.3844777064054237
8.46000000000075,0.3842357121135257
8.46100000000075,0.38399412669045646
8.46200000000075,0.3837529512960858
8.463000000000749,0.38351218708675927
8.464000000000748,0.38327183521530955
8.465000000000748,0.3830318968310566
8.466000000000747,0.3827923730798113
8.467000000000747,0.38255326510387944
8.468000000000746,0.38231457404206987
8.469000000000745,0.3820763010296935
8.470000000000745,0.3818384471985716
8.471000000000744,0.38160101367703636
8.472000000000744,0.38136400158994
8.473000000000743,0.381127412058654
8.474000000000743,0.38089124620107884
8.475000000000742,0.38065550513164126
8.476000000000742,0.3804201899613077
8.477000000000741,0.38018530179758214
8.47800000000074,0.37995084174451205
8.47900000000074,0.3797168109026921
8.48000000000074,0.37948321036927657
8.481000000000739,0.3792500412379686
8.482000000000738,0.3790173045990418
8.483000000000738,0.3787850015393319
8.484000000000737,0.37855313314224803
8.485000000000737,0.37832170048777775
8.486000000000736,0.3780907046524867
8.487000000000736,0.3778601467095299
8.488000000000735,0.3776300277286495
8.489000000000734,0.3774003487761869
8.490000000000734,0.377171110915084
8.491000000000733,0.37694231520488636
8.492000000000733,0.3767139627017524
8.493000000000732,0.3764860544584552
8.494000000000732,0.37625859152438534
8.495000000000731,0.3760315749455645
8.49600000000073,0.3758050057646393
8.49700000000073,0.3755788850208993
8.49800000000073,0.3753532137502671
8.499000000000729,0.3751279929853153
8.500000000000728,0.3749032237552652
8.501000000000728,0.3746789070859989
8.502000000000727,0.3744550440000551
8.503000000000727,0.37423163551664157
8.504000000000726,0.37400868265163517
8.505000000000726,0.37378618641759515
8.506000000000725,0.37356414782375874
8.507000000000724,0.3733425678760538
8.508000000000724,0.3731214475770961
8.509000000000723,0.37290078792620746
8.510000000000723,0.37268058991941017
8.511000000000722,0.3724608545494338
8.512000000000722,0.37224158280572567
8.513000000000721,0.3720227756744516
8.51400000000072,0.3718044341385055
8.51500000000072,0.37158655917751104
8.51600000000072,0.3713691517678274
8.517000000000719,0.3711522128825591
8.518000000000718,0.3709357434915563
8.519000000000718,0.37071974456142437
8.520000000000717,0.37050421705552616
8.521000000000717,0.37028916193399175
8.522000000000716,0.37007458015371913
8.523000000000716,0.3698604726683847
8.524000000000715,0.369646840428448
8.525000000000714,0.3694336843811514
8.526000000000714,0.36922100547053494
8.527000000000713,0.3690088046374385
8.528000000000713,0.36879708281950313
8.529000000000712,0.3685858409511845
8.530000000000712,0.36837507996375424
8.531000000000711,0.3681648007853036
8.53200000000071,0.36795500434075606
8.53300000000071,0.36774569155186837
8.53400000000071,0.3675368633372378
8.535000000000709,0.36732852061230614
8.536000000000708,0.3671206642893687
8.537000000000708,0.3669132952775809
8.538000000000707,0.36670641448295754
8.539000000000707,0.36650002280839034
8.540000000000706,0.36629412115364013
8.541000000000706,0.36608871041535496
8.542000000000705,0.3658837914870693
8.543000000000704,0.36567936525921185
8.544000000000704,0.36547543261911425
8.545000000000703,0.36527199445101116
8.546000000000703,0.36506905163605297
8.547000000000702,0.36486660505230645
8.548000000000702,0.36466465557476535
8.549000000000701,0.3644632040753573
8.5500000000007,0.36426225142294083
8.5510000000007,0.364061798483323
8.5520000000007,0.363861846119259
8.553000000000699,0.36366239519046323
8.554000000000698,0.3634634465536079
8.555000000000698,0.363265001062337
8.556000000000697,0.36306705956726915
8.557000000000697,0.36286962291600344
8.558000000000696,0.3626726919531279
8.559000000000696,0.3624762675202235
8.560000000000695,0.3622803504558715
8.561000000000694,0.36208494159566035
8.562000000000694,0.36189004177219164
8.563000000000693,0.36169565181508684
8.564000000000693,0.3615017725509908
8.565000000000692,0.36130840480358506
8.566000000000692,0.36111554939358653
8.567000000000691,0.3609232071387568
8.56800000000069,0.36073137885391193
8.56900000000069,0.3605400653509243
8.57000000000069,0.3603492674387305
8.571000000000689,0.36015898592333884
8.572000000000688,0.35996922160783573
8.573000000000688,0.3597799752923888
8.574000000000687,0.3595912477742611
8.575000000000687,0.3594030398478085
8.576000000000686,0.35921535230449186
8.577000000000686,0.3590281859328815
8.578000000000685,0.35884154151866726
8.579000000000685,0.3586554198446595
8.580000000000684,0.3584698216907976
8.581000000000683,0.3582847478341622
8.582000000000683,0.3581001990489716
8.583000000000682,0.35791617610659765
8.584000000000682,0.35773267977556494
8.585000000000681,0.357549710821563
8.58600000000068,0.35736727000745466
8.58700000000068,0.357185358093271
8.58800000000068,0.35700397583623217
8.589000000000679,0.35682312399074484
8.590000000000678,0.3566428033084124
8.591000000000678,0.3564630145380439
8.592000000000677,0.3562837584256525
8.593000000000677,0.35610503571447316
8.594000000000676,0.35592684714495915
8.595000000000676,0.355749193454796
8.596000000000675,0.35557207537890584
8.597000000000675,0.3553954936494517
8.598000000000674,0.35521944899584745
8.599000000000673,0.3550439421447635
8.600000000000673,0.3548689738201349
8.601000000000672,0.35469454474316203
8.602000000000672,0.35452065563232915
8.603000000000671,0.35434730720339713
8.60400000000067,0.35417450016942037
8.60500000000067,0.35400223524074725
8.60600000000067,0.3538305131250366
8.607000000000669,0.35365933452724985
8.608000000000668,0.35348870014966954
8.609000000000668,0.3533186106919018
8.610000000000667,0.3531490668508831
8.611000000000667,0.3529800693208874
8.612000000000666,0.35281161879353357
8.613000000000666,0.35264371595778965
8.614000000000665,0.35247636149998435
8.615000000000665,0.35230955610380876
8.616000000000664,0.35214330045032644
8.617000000000663,0.3519775952179787
8.618000000000663,0.3518124410825927
8.619000000000662,0.35164783871738625
8.620000000000662,0.35148378879297626
8.621000000000661,0.35132029197738435
8.62200000000066,0.3511573489360455
8.62300000000066,0.3509949603318132
8.62400000000066,0.3508331268249654
8.625000000000659,0.3506718490732153
8.626000000000658,0.35051112773171356
8.627000000000658,0.3503509634530575
8.628000000000657,0.3501913568872959
8.629000000000657,0.350032308681941
8.630000000000656,0.34987381948196783
8.631000000000656,0.34971588992982694
8.632000000000655,0.34955852066544724
8.633000000000655,0.3494017123262453
8.634000000000654,0.3492454655471329
8.635000000000653,0.3490897809605198
8.636000000000653,0.34893465919632655
8.637000000000652,0.3487801008819841
8.638000000000652,0.3486261066424445
8.639000000000651,0.348472677100191
8.64000000000065,0.34831981287523733
8.64100000000065,0.3481675145851409
8.64200000000065,0.3480157828450063
8.643000000000649,0.3478646182674916
8.644000000000648,0.34771402146281793
8.645000000000648,0.34756399303877566
8.646000000000647,0.34741453360072677
8.647000000000647,0.34726564375161745
8.648000000000646,0.34711732409198265
8.649000000000646,0.3469695752199514
8.650000000000645,0.34682239773125506
8.651000000000645,0.34667579221923395
8.652000000000644,0.34652975927484264
8.653000000000644,0.3463842994866605
8.654000000000643,0.3462394134408932
8.655000000000642,0.346095101721384
8.656000000000642,0.3459513649096163
8.657000000000641,0.3458082035847238
8.65800000000064,0.3456656183234975
8.65900000000064,0.34552360970038715
8.66000000000064,0.345382178287514
8.661000000000639,0.34524132465467444
8.662000000000639,0.3451010493693471
8.663000000000638,0.3449613529967009
8.664000000000637,0.3448222360995987
8.665000000000637,0.3446836992386067
8.666000000000636,0.34454574297199925
8.667000000000636,0.34440836785576767
8.668000000000635,0.3442715744436256
8.669000000000635,0.3441353632870136
8.670000000000634,0.3439997349351093
8.671000000000634,0.3438646899348323
8.672000000000633,0.34373022883084875
8.673000000000632,0.34359635216558365
8.674000000000632,0.3434630604792205
8.675000000000631,0.3433303543097142
8.67600000000063,0.3431982341927921
8.67700000000063,0.3430667006619624
8.67800000000063,0.3429357542485229
8.679000000000629,0.34280539548156735
8.680000000000629,0.342675624887987
8.681000000000628,0.3425464429924815
8.682000000000627,0.3424178503175666
8.683000000000627,0.34228984738357665
8.684000000000626,0.34216243470867364
8.685000000000626,0.3420356128088501
8.686000000000625,0.34190938219794326
8.687000000000625,0.3417837433876324
8.688000000000624,0.3416586968874514
8.689000000000624,0.34153424320479386
8.690000000000623,0.3414103828449154
8.691000000000622,0.34128711631094827
8.692000000000622,0.3411644441038977
8.693000000000621,0.34104236672265703
8.69400000000062,0.34092088466401
8.69500000000062,0.34079999842263586
8.69600000000062,0.3406797084911198
8.69700000000062,0.34056001535995367
8.698000000000619,0.34044091951754835
8.699000000000618,0.34032242145023467
8.700000000000617,0.3402045216422738
8.701000000000617,0.3400872205758607
8.702000000000616,0.339970518731133
8.703000000000616,0.33985441658617294
8.704000000000615,0.33973891461701666
8.705000000000615,0.3396240132976639
8.706000000000614,0.3395097131000764
8.707000000000614,0.33939601449418605
8.708000000000613,0.33928291794790855
8.709000000000612,0.33917042392714025
8.710000000000612,0.339058532895768
8.711000000000611,0.33894724531567416
8.71200000000061,0.3388365616467472
8.71300000000061,0.3387264823468811
8.71400000000061,0.3386170078719843
8.71500000000061,0.3385081386759881
8.716000000000609,0.3383998752108484
8.717000000000608,0.33829221792655484
8.718000000000607,0.3381851672711342
8.719000000000607,0.3380787236906594
8.720000000000606,0.3379728876292529
8.721000000000606,0.33786765952909553
8.722000000000605,0.33776303983042655
8.723000000000605,0.3376590289715569
8.724000000000604,0.33755562738887057
8.725000000000604,0.33745283551683086
8.726000000000603,0.3373506537879857
8.727000000000602,0.3372490826329782
8.728000000000602,0.33714812248054604
8.729000000000601,0.33704777375752937
8.7300000000006,0.3369480368888805
8.7310000000006,0.3368489122976608
8.7320000000006,0.3367504004050579
8.7330000000006,0.33665250163038274
8.734000000000599,0.3365552163910764
8.735000000000598,0.3364585451027204
8.736000000000598,0.33636248817903625
8.737000000000597,0.3362670460318957
8.738000000000596,0.3361722190713262
8.739000000000596,0.33607800770551005
8.740000000000595,0.33598441234080023
8.741000000000595,0.33589143338171634
8.742000000000594,0.3357990712309567
8.743000000000594,0.3357073262894018
8.744000000000593,0.33561619895611633
8.745000000000593,0.33552568962836066
8.746000000000592,0.33543579870159135
8.747000000000591,0.3353465265694713
8.74800000000059,0.3352578736238688
8.74900000000059,0.33516984025486835
8.75000000000059,0.33508242685077444
8.75100000000059,0.334995633798114
8.752000000000589,0.3349094614816474
8.753000000000588,0.3348239102843673
8.754000000000588,0.33473898058751056
8.755000000000587,0.33465467277055677
8.756000000000586,0.33457098721123746
8.757000000000586,0.3344879242855406
8.758000000000585,0.3344054843677174
8.759000000000585,0.3343236678302828
8.760000000000584,0.33424247504402393
8.761000000000584,0.3341619063780067
8.762000000000583,0.3340819621995758
8.763000000000583,0.3340026428743661
8.764000000000582,0.3339239487663008
8.765000000000581,0.3338458802376024
8.76600000000058,0.33376843764879355
8.76700000000058,0.3336916213587052
8.76800000000058,0.33361543172447766
8.76900000000058,0.33353986910156974
8.770000000000579,0.33346493384376097
8.771000000000578,0.33339062630315586
8.772000000000578,0.3333169468301925
8.773000000000577,0.3332438957736414
8.774000000000576,0.3331714734806153
8.775000000000576,0.33309968029657167
8.776000000000575,0.333028516565319
8.777000000000575,0.332957982629019
8.778000000000574,0.3328880788281935
8.779000000000574,0.3328188055017263
8.780000000000573,0.33275016298687304
8.781000000000573,0.3326821516192588
8.782000000000572,0.33261477173288806
8.783000000000571,0.33254802366014713
8.784000000000571,0.3324819077318089
8.78500000000057,0.33241642427703605
8.78600000000057,0.33235157362338796
8.78700000000057,0.3322873560968247
8.788000000000569,0.3322237720217079
8.789000000000568,0.3321608217208098
8.790000000000568,0.33209850551531434
8.791000000000567,0.3320368237248236
8.792000000000566,0.3319757766673611
8.793000000000566,0.33191536465937466
8.794000000000565,0.33185558801574205
8.795000000000565,0.3317964470497778
8.796000000000564,0.3317379420732315
8.797000000000564,0.3316800733962955
8.798000000000563,0.33162284132761016
8.799000000000563,0.331566246174266
8.800000000000562,0.3315102882418071
8.801000000000561,0.3314549678342346
8.802000000000561,0.33140028525401516
8.80300000000056,0.33134624080208097
8.80400000000056,0.3312928347778328
8.80500000000056,0.3312400674791482
8.806000000000559,0.3311879392023826
8.807000000000558,0.33113645024236915
8.808000000000558,0.33108560089243333
8.809000000000557,0.3310353914443838
8.810000000000556,0.33098582218852723
8.811000000000556,0.3309368934136643
8.812000000000555,0.33088860540709714
8.813000000000555,0.3308409584546329
8.814000000000554,0.3307939528405858
8.815000000000554,0.33074758884778166
8.816000000000553,0.33070186675755925
8.817000000000553,0.3306567868497806
8.818000000000552,0.3306123494028267
8.819000000000552,0.33056855469360147
8.820000000000551,0.33052540299754335
8.82100000000055,0.33048289458861946
8.82200000000055,0.3304410297393334
8.82300000000055,0.3303998087207262
8.824000000000549,0.33035923180238447
8.825000000000548,0.33031929925243886
8.826000000000548,0.3302800113375676
8.827000000000547,0.330241368323001
8.828000000000547,0.33020337047252646
8.829000000000546,0.33016601804848983
8.830000000000545,0.33012931131179496
8.831000000000545,0.3300932505219141
8.832000000000544,0.330057835936884
8.833000000000544,0.3300230678133143
8.834000000000543,0.3299889464063874
8.835000000000543,0.3299554719698625
8.836000000000542,0.3299226447560769
8.837000000000542,0.3298904650159505
8.838000000000541,0.32985893299899033
8.83900000000054,0.32982804895328977
8.84000000000054,0.3297978131255326
8.84100000000054,0.32976822576099624
8.842000000000539,0.32973928710355527
8.843000000000538,0.32971099739568316
8.844000000000538,0.3296833568784527
8.845000000000537,0.3296563657915435
8.846000000000537,0.32963002437324096
8.847000000000536,0.32960433286043983
8.848000000000535,0.32957929148864584
8.849000000000535,0.3295549004919794
8.850000000000534,0.32953116010317834
8.851000000000534,0.3295080705535992
8.852000000000533,0.32948563207321924
8.853000000000533,0.3294638448906418
8.854000000000532,0.329442709233094
8.855000000000532,0.32942222532643206
8.856000000000531,0.3294023933951426
8.85700000000053,0.32938321366234646
8.85800000000053,0.3293646863497991
8.85900000000053,0.3293468116778921
8.860000000000529,0.32932958986565714
8.861000000000528,0.3293130211307664
8.862000000000528,0.32929710568953685
8.863000000000527,0.32928184375692965
8.864000000000527,0.3292672355465551
8.865000000000526,0.3292532812706693
8.866000000000525,0.3292399811401843
8.867000000000525,0.32922733536466153
8.868000000000524,0.3292153441523175
8.869000000000524,0.32920400771002717
8.870000000000523,0.32919332624332187
8.871000000000523,0.3291832999563959
8.872000000000522,0.3291739290521011
8.873000000000522,0.3291652137319576
8.874000000000521,0.32915715419614705
8.87500000000052,0.32914975064351903
8.87600000000052,0.3291430032715904
8.87700000000052,0.32913691227654907
8.878000000000519,0.32913147785325336
8.879000000000518,0.32912670019523327
8.880000000000518,0.32912257949469503
8.881000000000517,0.32911911594251747
8.882000000000517,0.3291163097282578
8.883000000000516,0.32911416104015045
8.884000000000515,0.32911267006510997
8.885000000000515,0.32911183698872953
8.886000000000514,0.32911166199528497
8.887000000000514,0.3291121452677352
8.888000000000513,0.32911328698772263
8.889000000000513,0.3291150873355745
8.890000000000512,0.32911754649030206
8.891000000000512,0.3291206646296072
8.892000000000511,0.3291244419298773
8.89300000000051,0.3291288785661881
8.89400000000051,0.3291339747123066
8.89500000000051,0.32913973054068907
8.896000000000509,0.3291461462224841
8.897000000000508,0.329153221927532
8.898000000000508,0.32916095782436505
8.899000000000507,0.32916935408021036
8.900000000000507,0.32917841086098804
8.901000000000506,0.3291881283313152
8.902000000000506,0.3291985066545012
8.903000000000505,0.3292095459925552
8.904000000000504,0.3292212465061781
8.905000000000504,0.32923360835477233
8.906000000000503,0.3292466316964356
8.907000000000503,0.32926031668796385
8.908000000000502,0.3292746634848513
8.909000000000502,0.32928967224128974
8.910000000000501,0.3293053431101725
8.9110000000005,0.32932167624308845
8.9120000000005,0.32933867179032805
8.9130000000005,0.3293563299008805
8.914000000000499,0.3293746507224362
8.915000000000498,0.3293936344013819
8.916000000000498,0.3294132810828089
8.917000000000497,0.32943359091050406
8.918000000000497,0.32945456402695605
8.919000000000496,0.32947620057335447
8.920000000000496,0.32949850068958614
8.921000000000495,0.32952146451423897
8.922000000000494,0.3295450921846009
8.923000000000494,0.3295693838366571
8.924000000000493,0.32959433960509554
8.925000000000493,0.32961995962329993
8.926000000000492,0.32964624402335235
8.927000000000492,0.3296731929360342
8.928000000000491,0.3297008064908258
8.92900000000049,0.3297290848159027
8.93000000000049,0.32975802803813853
8.93100000000049,0.3297876362831029
8.932000000000489,0.32981790967506186
8.933000000000488,0.3298488483369765
8.934000000000488,0.3298804523905035
8.935000000000487,0.329912721955992
8.936000000000487,0.3299456571524867
8.937000000000486,0.32997925809772316
8.938000000000486,0.3300135249081295
8.939000000000485,0.3300484576988268
8.940000000000484,0.3300840565836232
8.941000000000484,0.33012032167501887
8.942000000000483,0.33015725308420335
8.943000000000483,0.33019485092105083
8.944000000000482,0.3302331152941232
8.945000000000482,0.33027204631067136
8.946000000000481,0.33031164407662683
8.94700000000048,0.33035190869660613
8.94800000000048,0.3303928402739082
8.94900000000048,0.3304344389105131
8.950000000000479,0.3304767047070823
8.951000000000478,0.33051963776295423
8.952000000000478,0.33056323817614586
8.953000000000477,0.33060750604335004
8.954000000000477,0.3306524414599346
8.955000000000476,0.3306980445199419
8.956000000000476,0.3307443153160839
8.957000000000475,0.3307912539397471
8.958000000000474,0.33083886048098377
8.959000000000474,0.3308871350285155
8.960000000000473,0.3309360776697292
8.961000000000473,0.33098568849067533
8.962000000000472,0.3310359675760698
8.963000000000472,0.33108691500928666
8.964000000000471,0.3311385308723616
8.96500000000047,0.3311908152459869
8.96600000000047,0.33124376820951185
8.96700000000047,0.3312973898409368
8.968000000000469,0.3313516802169171
8.969000000000468,0.33140663941275705
8.970000000000468,0.33146226750240987
8.971000000000467,0.3315185645584745
8.972000000000467,0.33157553065219386
8.973000000000466,0.3316331658534549
8.974000000000466,0.33169147023078166
8.975000000000465,0.33175044385133995
8.976000000000464,0.33181008678092827
8.977000000000464,0.331870399083979
8.978000000000463,0.33193138082355733
8.979000000000463,0.3319930320613576
8.980000000000462,0.33205535285769994
8.981000000000462,0.33211834327152834
8.982000000000461,0.33218200336041137
8.98300000000046,0.33224633318053476
8.98400000000046,0.332311332786702
8.98500000000046,0.33237700223233246
8.986000000000459,0.3324433415694555
8.987000000000458,0.33251035084871294
8.988000000000458,0.33257803011935105
8.989000000000457,0.3326463794292213
8.990000000000457,0.3327153988247773
8.991000000000456,0.33278508835107035
8.992000000000456,0.33285544805174905
8.993000000000455,0.33292647796905583
8.994000000000455,0.33299817814382116
8.995000000000454,0.3330705486154663
8.996000000000453,0.33314358942199573
8.997000000000453,0.3332173005999959
8.998000000000452,0.3332916821846337
8.999000000000452,0.3333667342096481
9.000000000000451,0.33344245670735484
9.00100000000045,0.3335188497086386
9.00200000000045,0.3335959132429496
9.00300000000045,0.3336736473383021
9.004000000000449,0.3337520520212711
9.005000000000448,0.33383112731698783
9.006000000000448,0.3339108732491384
9.007000000000447,0.3339912898399599
9.008000000000447,0.3340723771102356
9.009000000000446,0.3341541350792917
9.010000000000446,0.33423656376499855
9.011000000000445,0.334319663183759
9.012000000000445,0.3344034333505127
9.013000000000444,0.3344878742787304
9.014000000000443,0.3345729859804053
9.015000000000443,0.33465876846605663
9.016000000000442,0.33474522174472215
9.017000000000442,0.3348323458239563
9.018000000000441,0.3349201407098243
9.01900000000044,0.3350086064068998
9.02000000000044,0.33509774291826266
9.02100000000044,0.33518755024549207
9.022000000000439,0.3352780283886655
9.023000000000438,0.3353691773463522
9.024000000000438,0.33546099711561206
9.025000000000437,0.33555348769198867
9.026000000000437,0.3356466490695098
9.027000000000436,0.33574048124067896
9.028000000000436,0.33583498419647223
9.029000000000435,0.33593015792633674
9.030000000000435,0.3360260024181846
9.031000000000434,0.3361225176583894
9.032000000000433,0.336219703631779
9.033000000000433,0.3363175603216391
9.034000000000432,0.3364160877096992
9.035000000000432,0.3365152857761382
9.036000000000431,0.3366151544995695
9.03700000000043,0.3367156938570474
9.03800000000043,0.336816903824052
9.03900000000043,0.33691878437449657
9.040000000000429,0.3370213354807131
9.041000000000428,0.33712455711345357
9.042000000000428,0.3372284492418818
9.043000000000427,0.337333011833573
9.044000000000427,0.33743824485450413
9.045000000000426,0.3375441482690569
9.046000000000426,0.33765072204000196
9.047000000000425,0.3377579661285064
9.048000000000425,0.3378658804941215
9.049000000000424,0.337974465094778
9.050000000000423,0.33808371988678604
9.051000000000423,0.33819364482482783
9.052000000000422,0.3383042398619485
9.053000000000422,0.3384155049495598
9.054000000000421,0.33852744003742835
9.05500000000042,0.3386400450736766
9.05600000000042,0.33875332000476915
9.05700000000042,0.33886726477551765
9.058000000000419,0.3389818793290681
9.059000000000418,0.3390971636069014
9.060000000000418,0.3392131175488254
9.061000000000417,0.3393297410929687
9.062000000000417,0.33944703417577965
9.063000000000416,0.3395649967320171
9.064000000000416,0.33968362869474567
9.065000000000415,0.33980292999533523
9.066000000000415,0.33992290056344765
9.067000000000414,0.3400435403270408
9.068000000000414,0.34016484921235357
9.069000000000413,0.34028682714390845
9.070000000000412,0.34040947404450184
9.071000000000412,0.340532789835201
9.072000000000411,0.3406567744353358
9.07300000000041,0.3407814277624993
9.07400000000041,0.34090674973252966
9.07500000000041,0.34103274025952185
9.076000000000409,0.34115939925580785
9.077000000000409,0.34128672663195814
9.078000000000408,0.3414147222967733
9.079000000000407,0.34154338615728097
9.080000000000407,0.34167271811872857
9.081000000000406,0.3418027180845749
9.082000000000406,0.3419333859564923
9.083000000000405,0.3420647216343505
9.084000000000405,0.34219672501621945
9.085000000000404,0.3423293959983602
9.086000000000404,0.3424627344752183
9.087000000000403,0.34259674033941595
9.088000000000402,0.342731413481756
9.089000000000402,0.34286675379120224
9.090000000000401,0.3430027611548832
9.0910000000004,0.3431394354580823
9.0920000000004,0.34327677658423394
9.0930000000004,0.3434147844149158
9.094000000000399,0.34355345882984106
9.095000000000399,0.343692799706857
9.096000000000398,0.3438328069219362
9.097000000000397,0.3439734803491703
9.098000000000397,0.34411481986076337
9.099000000000396,0.3442568253270275
9.100000000000396,0.34439949661637576
9.101000000000395,0.34454283359531357
9.102000000000395,0.34468683612843787
9.103000000000394,0.34483150407842666
9.104000000000394,0.3449768373060303
9.105000000000393,0.345122835670074
9.106000000000392,0.3452694990274432
9.107000000000392,0.34541682723307904
9.108000000000391,0.34556482013997447
9.10900000000039,0.3457134775991662
9.11000000000039,0.345862799459726
9.11100000000039,0.34601278556876014
9.11200000000039,0.34616343577139674
9.113000000000389,0.346314749910781
9.114000000000388,0.34646672782807264
9.115000000000387,0.34661936936243093
9.116000000000387,0.3467726743510185
9.117000000000386,0.3469266426289862
9.118000000000386,0.34708127402947003
9.119000000000385,0.3472365683835829
9.120000000000385,0.34739252552041266
9.121000000000384,0.34754914526700803
9.122000000000384,0.3477064274483764
9.123000000000383,0.3478643718874773
9.124000000000382,0.34802297840521507
9.125000000000382,0.34818224682042825
9.126000000000381,0.3483421769498871
9.12700000000038,0.34850276860829066
9.12800000000038,0.3486640216082455
9.12900000000038,0.34882593576027726
9.13000000000038,0.3489885108728081
9.131000000000379,0.34915174675215804
9.132000000000378,0.34931564320253944
9.133000000000377,0.34948020002604135
9.134000000000377,0.3496454170226312
9.135000000000376,0.34981129399014144
9.136000000000376,0.3499778307242704
9.137000000000375,0.3501450270185661
9.138000000000375,0.350312882664424
9.139000000000374,0.35048139745107976
9.140000000000374,0.35065057116560117
9.141000000000373,0.35082040359288313
9.142000000000372,0.35099089451563453
9.143000000000372,0.3511620437143783
9.144000000000371,0.3513338509674402
9.14500000000037,0.35150631605094246
9.14600000000037,0.3516794387387972
9.14700000000037,0.35185321880269715
9.14800000000037,0.35202765601210917
9.149000000000369,0.3522027501342685
9.150000000000368,0.35237850093417034
9.151000000000368,0.3525549081745616
9.152000000000367,0.3527319716159365
9.153000000000366,0.3529096910165238
9.154000000000366,0.3530880661322833
9.155000000000365,0.3532670967169008
9.156000000000365,0.35344678252177264
9.157000000000364,0.3536271232960079
9.158000000000364,0.3538081187864125
9.159000000000363,0.35398976873748855
9.160000000000363,0.3541720728914209
9.161000000000362,0.35435503098807286
9.162000000000361,0.35453864276497893
9.16300000000036,0.35472290795733635
9.16400000000036,0.3549078262979978
9.16500000000036,0.3550933975174622
9.16600000000036,0.3552796213438709
9.167000000000359,0.35546649750299497
9.168000000000358,0.35565402571823124
9.169000000000358,0.3558422057105926
9.170000000000357,0.3560310371987055
9.171000000000356,0.3562205198987934
9.172000000000356,0.3564106535246739
9.173000000000355,0.3566014377877541
9.174000000000355,0.3567928723970166
9.175000000000354,0.3569849570590167
9.176000000000354,0.3571776914778724
9.177000000000353,0.35737107535525503
9.178000000000353,0.3575651083903832
9.179000000000352,0.35775979028001964
9.180000000000351,0.35795512071845403
9.18100000000035,0.35815109939750217
9.18200000000035,0.3583477260064925
9.18300000000035,0.35854500023226893
9.18400000000035,0.3587429217591668
9.185000000000349,0.3589414902690231
9.186000000000348,0.35914070544115084
9.187000000000348,0.359340566952343
9.188000000000347,0.3595410744768644
9.189000000000346,0.3597422276864366
9.190000000000346,0.3599440262502327
9.191000000000345,0.3601464698348769
9.192000000000345,0.3603495581044234
9.193000000000344,0.3605532907203595
9.194000000000344,0.36075766734159215
9.195000000000343,0.3609626876244412
9.196000000000343,0.3611683512226282
9.197000000000342,0.36137465778728056
9.198000000000341,0.3615816069669039
9.199000000000341,0.36178919840739016
9.20000000000034,0.3619974317520029
9.20100000000034,0.36220630664137143
9.20200000000034,0.3624158227134788
9.203000000000339,0.3626259796036594
9.204000000000338,0.36283677694458655
9.205000000000338,0.36304821436626483
9.206000000000337,0.3632602914960271
9.207000000000336,0.36347300795851506
9.208000000000336,0.3636863633756869
9.209000000000335,0.3639003573667932
9.210000000000335,0.3641149895483807
9.211000000000334,0.3643302595342758
9.212000000000334,0.3645461669355863
9.213000000000333,0.36476271136068034
9.214000000000333,0.36497989241518775
9.215000000000332,0.3651977097019908
9.216000000000331,0.36541616282121236
9.217000000000331,0.36563525137020814
9.21800000000033,0.3658549749435664
9.21900000000033,0.366075333133085
9.22000000000033,0.3662963255277776
9.221000000000329,0.36651795171385676
9.222000000000328,0.3667402112747301
9.223000000000328,0.3669631037909869
9.224000000000327,0.3671866288403968
9.225000000000326,0.36741078599789834
9.226000000000326,0.36763557483558823
9.227000000000325,0.36786099492271446
9.228000000000325,0.36808704582567375
9.229000000000324,0.3683137271079921
9.230000000000324,0.3685410383303269
9.231000000000323,0.3687689790504548
9.232000000000323,0.36899754882326086
9.233000000000322,0.3692267472007353
9.234000000000322,0.3694565737319604
9.235000000000321,0.3696870279631066
9.23600000000032,0.3699181094374198
9.23700000000032,0.3701498176952161
9.23800000000032,0.37038215227387483
9.239000000000319,0.37061511270782466
9.240000000000318,0.37084869852854185
9.241000000000318,0.371082909264537
9.242000000000317,0.37131774444135096
9.243000000000317,0.3715532035815416
9.244000000000316,0.37178928620467894
9.245000000000315,0.37202599182733964
9.246000000000315,0.3722633199630877
9.247000000000314,0.37250127012248163
9.248000000000314,0.3727398418130541
9.249000000000313,0.372979034539307
9.250000000000313,0.3732188478027077
9.251000000000312,0.3734592811016719
9.252000000000312,0.3737003339315642
9.253000000000311,0.37394200578468545
9.25400000000031,0.3741842961502631
9.25500000000031,0.3744272045144471
9.25600000000031,0.37467073036029686
9.257000000000309,0.37491487316777794
9.258000000000308,0.3751596324137495
9.259000000000308,0.3754050075719576
9.260000000000307,0.37565099811302893
9.261000000000307,0.37589760350446033
9.262000000000306,0.37614482321060816
9.263000000000305,0.3763926566926862
9.264000000000305,0.37664110340875157
9.265000000000304,0.3768901628136987
9.266000000000304,0.37713983435925386
9.267000000000303,0.3773901174939622
9.268000000000303,0.37764101166318115
9.269000000000302,0.3778925163090719
9.270000000000302,0.3781446308705963
9.271000000000301,0.37839735478349784
9.2720000000003,0.3786506874803051
9.2730000000003,0.3789046283903141
9.2740000000003,0.3791591769395862
9.275000000000299,0.3794143325509363
9.276000000000298,0.3796700946439287
9.277000000000298,0.3799264626348645
9.278000000000297,0.3801834359367741
9.279000000000297,0.3804410139594124
9.280000000000296,0.3806991961092466
9.281000000000295,0.38095798178945045
9.282000000000295,0.3812173703998952
9.283000000000294,0.3814773613371428
9.284000000000294,0.3817379539944338
9.285000000000293,0.38199914776168353
9.286000000000293,0.3822609420254733
9.287000000000292,0.38252333616903883
9.288000000000292,0.3827863295722678
9.289000000000291,0.38304992161168605
9.29000000000029,0.3833141116604526
9.29100000000029,0.3835788990883502
9.29200000000029,0.3838442832617796
9.293000000000289,0.3841102635437497
9.294000000000288,0.38437683929386807
9.295000000000288,0.3846440098683353
9.296000000000287,0.3849117746199354
9.297000000000287,0.38518013289802816
9.298000000000286,0.38544908404854594
9.299000000000285,0.38571862741397284
9.300000000000285,0.385988762333352
9.301000000000284,0.38625948814226785
9.302000000000284,0.3865308041728388
9.303000000000283,0.3868027097537162
9.304000000000283,0.38707520421006725
9.305000000000282,0.3873482868635716
9.306000000000282,0.38762195703241564
9.307000000000281,0.3878962140312802
9.30800000000028,0.38817105717133443
9.30900000000028,0.3884464857602286
9.31000000000028,0.38872249910208373
9.311000000000279,0.3889990964974886
9.312000000000278,0.38927627724348435
9.313000000000278,0.3895540406335666
9.314000000000277,0.3898323859576685
9.315000000000277,0.3901113125021556
9.316000000000276,0.3903908195498228
9.317000000000276,0.39067090637987834
9.318000000000275,0.3909515722679433
9.319000000000274,0.3912328164860417
9.320000000000274,0.3915146383025868
9.321000000000273,0.3917970369823854
9.322000000000273,0.39208001178661916
9.323000000000272,0.3923635619728425
9.324000000000272,0.3926476867949716
9.325000000000271,0.39293238550327925
9.32600000000027,0.3932176573443897
9.32700000000027,0.3935035015612638
9.32800000000027,0.393789917393198
9.329000000000269,0.3940769040758107
9.330000000000268,0.39436446084104293
9.331000000000268,0.3946525869171437
9.332000000000267,0.3949412815286643
9.333000000000267,0.3952305438964508
9.334000000000266,0.39552037323763983
9.335000000000266,0.395810768765647
9.336000000000265,0.39610172969015794
9.337000000000264,0.39639325521712754
9.338000000000264,0.39668534454876603
9.339000000000263,0.39697799688353513
9.340000000000263,0.3972712114161419
9.341000000000262,0.39756498733752377
9.342000000000262,0.39785932383485006
9.343000000000261,0.39815422009151324
9.34400000000026,0.3984496752871139
9.34500000000026,0.39874568859746623
9.34600000000026,0.39904225919457403
9.347000000000259,0.399339386246643
9.348000000000258,0.39963706891805695
9.349000000000258,0.3999353063693812
9.350000000000257,0.4002340977573475
9.351000000000257,0.40053344223485365
9.352000000000256,0.40083333895095535
9.353000000000256,0.4011337870508516
9.354000000000255,0.401434785675886
9.355000000000254,0.40173633396353886
9.356000000000254,0.4020384310474164
9.357000000000253,0.40234107605724384
9.358000000000253,0.40264426811886256
9.359000000000252,0.4029480063542213
9.360000000000252,0.4032522898813654
9.361000000000251,0.403557117814435
9.36200000000025,0.4038624892636579
9.36300000000025,0.4041684033353367
9.36400000000025,0.4044748591318511
9.365000000000249,0.40478185575164194
9.366000000000248,0.40508939228921015
9.367000000000248,0.40539746783510916
9.368000000000247,0.40570608147593806
9.369000000000247,0.40601523229433
9.370000000000246,0.4063249193689552
9.371000000000246,0.4066351417745084
9.372000000000245,0.40694589858169705
9.373000000000244,0.4072571888572455
9.374000000000244,0.40756901166388165
9.375000000000243,0.40788136606033104
9.376000000000243,0.40819425110131635
9.377000000000242,0.40850766583753517
9.378000000000242,0.40882160931567424
9.379000000000241,0.40913608057838896
9.38000000000024,0.4094510786643011
9.38100000000024,0.4097666026079899
9.38200000000024,0.4100826514399923
9.383000000000239,0.4103992241867886
9.384000000000238,0.4107163198708021
9.385000000000238,0.4110339375103885
9.386000000000237,0.4113520761198331
9.387000000000237,0.4116707347093439
9.388000000000236,0.411989912285043
9.389000000000236,0.41230960784896253
9.390000000000235,0.4126298203990385
9.391000000000234,0.4129505489291036
9.392000000000234,0.4132717924288835
9.393000000000233,0.4135935498839875
9.394000000000233,0.4139158202759026
9.395000000000232,0.4142386025819937
9.396000000000232,0.41456189577548974
9.397000000000231,0.4148856988254805
9.39800000000023,0.41521001069691427
9.39900000000023,0.4155348303505855
9.40000000000023,0.4158601567431357
9.401000000000229,0.4161859888270431
9.402000000000228,0.41651232555061796
9.403000000000228,0.41683916585799713
9.404000000000227,0.417166508689139
9.405000000000227,0.41749435297981774
9.406000000000226,0.41782269766161506
9.407000000000226,0.4181515416619208
9.408000000000225,0.41848088390391874
9.409000000000225,0.41881072330658775
9.410000000000224,0.41914105878469515
9.411000000000223,0.41947188924878803
9.412000000000223,0.41980321360519385
9.413000000000222,0.4201350307560084
9.414000000000222,0.4204673395990941
9.415000000000221,0.42080013902807367
9.41600000000022,0.4211334279323267
9.41700000000022,0.42146720519698294
9.41800000000022,0.42180146970291355
9.419000000000219,0.4221362203267333
9.420000000000218,0.42247145594079305
9.421000000000218,0.42280717541316976
9.422000000000217,0.42314337760766485
9.423000000000217,0.4234800613838014
9.424000000000216,0.42381722559681695
9.425000000000216,0.4241548690976574
9.426000000000215,0.42449299073297436
9.427000000000215,0.424831589345117
9.428000000000214,0.4251706637721344
9.429000000000213,0.4255102128477631
9.430000000000213,0.42585023540142586
9.431000000000212,0.4261907302582211
9.432000000000212,0.4265316962389324
9.433000000000211,0.4268731321600092
9.43400000000021,0.4272150368335692
9.43500000000021,0.42755740906739237
9.43600000000021,0.427900247664916
9.437000000000209,0.42824355142523324
9.438000000000208,0.4285873191430818
9.439000000000208,0.4289315496088497
9.440000000000207,0.4292762416085597
9.441000000000207,0.429621393923874
9.442000000000206,0.4299670053320859
9.443000000000206,0.43031307460611345
9.444000000000205,0.43065960051450236
9.445000000000205,0.43100658182141416
9.446000000000204,0.43135401728662803
9.447000000000203,0.43170190566552974
9.448000000000203,0.43205024570911627
9.449000000000202,0.43239903616398756
9.450000000000202,0.43274827577233765
9.451000000000201,0.4330979632719623
9.4520000000002,0.43344809739624235
9.4530000000002,0.43379867687415197
9.4540000000002,0.4341497004302456
9.455000000000199,0.43450116678465367
9.456000000000198,0.4348530746530937
9.457000000000198,0.4352054227468466
9.458000000000197,0.43555820977276477
9.459000000000197,0.435911434433266
9.460000000000196,0.4362650954263347
9.461000000000196,0.43661919144550515
9.462000000000195,0.4369737211798741
9.463000000000195,0.43732868331408653
9.464000000000194,0.4376840765283378
9.465000000000193,0.4380398994983668
9.466000000000193,0.438396150895455
9.467000000000192,0.43875282938642174
9.468000000000192,0.43910993363362394
9.469000000000191,0.4394674622949507
9.47000000000019,0.43982541402381753
9.47100000000019,0.4401837874691717
9.47200000000019,0.440542581275477
9.473000000000189,0.4409017940827247
9.474000000000188,0.4412614245264214
9.475000000000188,0.4416214712375862
9.476000000000187,0.4419819328427524
9.477000000000187,0.4423428079639624
9.478000000000186,0.4427040952187674
9.479000000000186,0.4430657932202181
9.480000000000185,0.4434279005768684
9.481000000000185,0.4437904158927768
9.482000000000184,0.44415333776748994
9.483000000000184,0.44451666479605184
9.484000000000183,0.444880395569
9.485000000000182,0.4452445286723593
9.486000000000182,0.44560906268764117
9.487000000000181,0.4459739961918446
9.48800000000018,0.4463393277574471
9.48900000000018,0.4467050559524103
9.49000000000018,0.4470711793401718
9.491000000000179,0.44743769647964615
9.492000000000179,0.4478046059252233
9.493000000000178,0.44817190622676456
9.494000000000177,0.44853959592960135
9.495000000000177,0.4489076735745336
9.496000000000176,0.4492761376978298
9.497000000000176,0.4496449868312211
9.498000000000175,0.45001421950190273
9.499000000000175,0.45038383423253464
9.500000000000174,0.45075382954123233
9.501000000000174,0.4511242039415718
9.502000000000173,0.45149495594258754
9.503000000000172,0.45186608404876727
9.504000000000172,0.45223758676005377
9.505000000000171,0.45260946257184326
9.50600000000017,0.45298170997498516
9.50700000000017,0.4533543274557746
9.50800000000017,0.4537273134959608
9.509000000000169,0.4541006665727392
9.510000000000169,0.4544743851587506
9.511000000000168,0.4548484677220838
9.512000000000167,0.4552229127262726
9.513000000000167,0.45559771863029597
9.514000000000166,0.45597288388857116
9.515000000000166,0.45634840695096285
9.516000000000165,0.45672428626277706
9.517000000000165,0.45710052026475684
9.518000000000164,0.45747710739309155
9.519000000000164,0.4578540460794041
9.520000000000163,0.4582313347507584
9.521000000000162,0.45860897182966215
9.522000000000162,0.45898695573405424
9.523000000000161,0.4593652848773136
9.52400000000016,0.45974395766825793
9.52500000000016,0.4601229725111416
9.52600000000016,0.46050232780565814
9.52700000000016,0.4608820219469306
9.528000000000159,0.4612620533255303
9.529000000000158,0.461642420327453
9.530000000000157,0.4620231213341427
9.531000000000157,0.46240415472247004
9.532000000000156,0.46278551886474895
9.533000000000156,0.46316721212872736
9.534000000000155,0.4635492328775937
9.535000000000155,0.4639315794699704
9.536000000000154,0.46431425025991724
9.537000000000154,0.4646972435969392
9.538000000000153,0.4650805578259695
9.539000000000152,0.4654641912873901
9.540000000000152,0.4658481423170183
9.541000000000151,0.46623240924610926
9.54200000000015,0.4666169904013672
9.54300000000015,0.4670018841049305
9.54400000000015,0.4673870886743807
9.54500000000015,0.46777260242274876
9.546000000000149,0.4681584236585045
9.547000000000148,0.46854455068556605
9.548000000000147,0.46893098180329496
9.549000000000147,0.4693177153065025
9.550000000000146,0.46970474948545043
9.551000000000146,0.4700920826258423
9.552000000000145,0.4704797130088437
9.553000000000145,0.47086763891106465
9.554000000000144,0.471255858604572
9.555000000000144,0.4716443703568833
9.556000000000143,0.47203317243098214
9.557000000000142,0.472422263085301
9.558000000000142,0.47281164057373654
9.559000000000141,0.47320130314564446
9.56000000000014,0.47359124904584693
9.56100000000014,0.473981476514627
9.56200000000014,0.47437198378773915
9.56300000000014,0.47476276909640236
9.564000000000139,0.4751538306673075
9.565000000000138,0.47554516672262
9.566000000000138,0.47593677547997665
9.567000000000137,0.476328655152494
9.568000000000136,0.47672080394876365
9.569000000000136,0.47711322007286466
9.570000000000135,0.4775059017243553
9.571000000000135,0.47789884709828195
9.572000000000134,0.4782920543851752
9.573000000000134,0.4786855217710621
9.574000000000133,0.4790792474374605
9.575000000000133,0.4794732295613848
9.576000000000132,0.4798674663153464
9.577000000000131,0.48026195586736203
9.57800000000013,0.4806566963809478
9.57900000000013,0.4810516860151326
9.58000000000013,0.48144692292445307
9.58100000000013,0.4818424052589554
9.582000000000129,0.48223813116420666
9.583000000000128,0.48263409878129243
9.584000000000128,0.4830303062468175
9.585000000000127,0.4834267516929155
9.586000000000126,0.48382343324724963
9.587000000000126,0.4842203490330137
9.588000000000125,0.4846174971689361
9.589000000000125,0.48501487576928626
9.590000000000124,0.4854124829438744
9.591000000000124,0.4858103167980621
9.592000000000123,0.48620837543275447
9.593000000000123,0.4866066569444126
9.594000000000122,0.48700515942505934
9.595000000000121,0.4874038809622727
9.59600000000012,0.48780281963919764
9.59700000000012,0.48820197353455236
9.59800000000012,0.4886013407226216
9.59900000000012,0.48900091927327366
9.600000000000119,0.48940070725195617
9.601000000000118,0.4898007027197011
9.602000000000118,0.4902009037331316
9.603000000000117,0.49060130834446786
9.604000000000116,0.4910019146015221
9.605000000000116,0.4914027205477175
9.606000000000115,0.4918037242220817
9.607000000000115,0.4922049236592532
9.608000000000114,0.4926063168894924
9.609000000000114,0.49300790193867455
9.610000000000113,0.4934096768283079
9.611000000000113,0.49381163957553015
9.612000000000112,0.4942137881931144
9.613000000000111,0.49461612068947697
9.614000000000111,0.4950186350686779
9.61500000000011,0.49542132933043437
9.61600000000011,0.49582420147011186
9.61700000000011,0.4962272494787472
9.618000000000109,0.4966304713430369
9.619000000000108,0.4970338650453571
9.620000000000108,0.49743742856375384
9.621000000000107,0.4978411598719635
9.622000000000106,0.4982450569394111
9.623000000000106,0.4986491177312133
9.624000000000105,0.4990533402081881
9.625000000000105,0.4994577223268622
9.626000000000104,0.4998622620394734
9.627000000000104,0.5002669572939766
9.628000000000103,0.5006718060340497
9.629000000000103,0.5010768061991028
9.630000000000102,0.5014819557242811
9.631000000000101,0.5018872525404732
9.632000000000101,0.5022926945743159
9.6330000000001,0.5026982797481958
9.6340000000001,0.503104005980269
9.6350000000001,0.5035098711844498
9.636000000000099,0.503915873270437
9.637000000000098,0.5043220101437006
9.638000000000098,0.5047282797055015
9.639000000000097,0.5051346798528932
9.640000000000096,0.5055412084787323
9.641000000000096,0.5059478634716789
9.642000000000095,0.5063546427162098
9.643000000000095,0.506761544092622
9.644000000000094,0.5071685654770396
9.645000000000094,0.5075757047414265
9.646000000000093,0.5079829597535785
9.647000000000093,0.5083903283771511
9.648000000000092,0.5087978084716539
9.649000000000092,0.5092053978924572
9.650000000000091,0.5096130944908026
9.65100000000009,0.5100208961138147
9.65200000000009,0.510428800604505
9.65300000000009,0.5108368058017692
9.654000000000089,0.5112449095404185
9.655000000000088,0.51165310965116
9.656000000000088,0.5120614039606279
9.657000000000087,0.5124697902913775
9.658000000000087,0.5128782664618949
9.659000000000086,0.5132868302866067
9.660000000000085,0.5136954795758955
9.661000000000085,0.5141042121360933
9.662000000000084,0.5145130257694971
9.663000000000084,0.5149219182743834
9.664000000000083,0.5153308874450051
9.665000000000083,0.5157399310716044
9.666000000000082,0.5161490469404261
9.667000000000082,0.5165582328337193
9.668000000000081,0.5169674865297499
9.66900000000008,0.5173768058028048
9.67000000000008,0.5177861884232082
9.67100000000008,0.5181956321573227
9.672000000000079,0.518605134767562
9.673000000000078,0.5190146940124007
9.674000000000078,0.5194243076463775
9.675000000000077,0.519833973420112
9.676000000000077,0.5202436890803115
9.677000000000076,0.520653452369773
9.678000000000075,0.5210632610274065
9.679000000000075,0.5214731127882275
9.680000000000074,0.5218830053833806
9.681000000000074,0.5222929365401422
9.682000000000073,0.5227029039819288
9.683000000000073,0.5231129054283107
9.684000000000072,0.5235229385950194
9.685000000000072,0.5239330011939595
9.686000000000071,0.5243430909332102
9.68700000000007,0.5247532055170497
9.68800000000007,0.5251633426459514
9.68900000000007,0.5255735000166022
9.690000000000069,0.525983675321906
9.691000000000068,0.5263938662510013
9.692000000000068,0.5268040704892665
9.693000000000067,0.5272142857183275
9.694000000000067,0.5276245096160773
9.695000000000066,0.528034739856678
9.696000000000065,0.5284449741105707
9.697000000000065,0.5288552100444955
9.698000000000064,0.529265445321488
9.699000000000064,0.5296756776009042
9.700000000000063,0.5300859045384226
9.701000000000063,0.5304961237860538
9.702000000000062,0.530906332992157
9.703000000000062,0.5313165298014487
9.704000000000061,0.5317267118550125
9.70500000000006,0.5321368767903094
9.70600000000006,0.5325470222411932
9.70700000000006,0.5329571458379141
9.708000000000059,0.533367245207141
9.709000000000058,0.5337773179719584
9.710000000000058,0.5341873617518925
9.711000000000057,0.5345973741629114
9.712000000000057,0.5350073528174419
9.713000000000056,0.5354172953243822
9.714000000000055,0.5358271992891059
9.715000000000055,0.5362370623134852
9.716000000000054,0.5366468819958917
9.717000000000054,0.5370566559312162
9.718000000000053,0.5374663817108744
9.719000000000053,0.5378760569228228
9.720000000000052,0.5382856791515708
9.721000000000052,0.53869524597819
9.722000000000051,0.5391047549803281
9.72300000000005,0.5395142037322201
9.72400000000005,0.5399235898047035
9.72500000000005,0.5403329107652269
9.726000000000049,0.540742164177862
9.727000000000048,0.5411513476033207
9.728000000000048,0.5415604585989614
9.729000000000047,0.5419694947188122
9.730000000000047,0.5423784535135661
9.731000000000046,0.5427873325306106
9.732000000000046,0.5431961293140318
9.733000000000045,0.5436048414046296
9.734000000000044,0.544013466339929
9.735000000000044,0.5444220016541971
9.736000000000043,0.5448304448784476
9.737000000000043,0.5452387935404667
9.738000000000042,0.5456470451648087
9.739000000000042,0.5460551972728308
9.740000000000041,0.5464632473826909
9.74100000000004,0.5468711930093624
9.74200000000004,0.5472790316646502
9.74300000000004,0.5476867608572099
9.744000000000039,0.5480943780925501
9.745000000000038,0.5485018808730554
9.746000000000038,0.5489092666979922
9.747000000000037,0.5493165330635297
9.748000000000037,0.5497236774627487
9.749000000000036,0.5501306973856581
9.750000000000036,0.5505375903192059
9.751000000000035,0.5509443537473029
9.752000000000034,0.551350985150816
9.753000000000034,0.5517574820076083
9.754000000000033,0.5521638417925313
9.755000000000033,0.5525700619774504
9.756000000000032,0.5529761400312581
9.757000000000032,0.5533820734198877
9.758000000000031,0.5537878596063248
9.75900000000003,0.5541934960506275
9.76000000000003,0.5545989802099311
9.76100000000003,0.555004309538479
9.762000000000029,0.555409481487617
9.763000000000028,0.5558144935058259
9.764000000000028,0.5562193430387272
9.765000000000027,0.5566240275290982
9.766000000000027,0.5570285444168874
9.767000000000026,0.557432891139233
9.768000000000026,0.5578370651304762
9.769000000000025,0.5582410638221735
9.770000000000024,0.5586448846431125
9.771000000000024,0.5590485250193314
9.772000000000023,0.5594519823741303
9.773000000000023,0.5598552541280858
9.774000000000022,0.5602583376990711
9.775000000000022,0.5606612305022664
9.776000000000021,0.561063929950179
9.77700000000002,0.5614664334526525
9.77800000000002,0.5618687384168902
9.77900000000002,0.562270842247464
9.780000000000019,0.5626727423463367
9.781000000000018,0.5630744361128714
9.782000000000018,0.5634759209438517
9.783000000000017,0.5638771942334929
9.784000000000017,0.5642782533734674
9.785000000000016,0.5646790957529104
9.786000000000016,0.565079718758442
9.787000000000015,0.5654801197741814
9.788000000000014,0.5658802961817597
9.789000000000014,0.5662802453603495
9.790000000000013,0.5666799646866627
9.791000000000013,0.5670794515349767
9.792000000000012,0.5674787032771557
9.793000000000012,0.5678777172826587
9.794000000000011,0.568276490918559
9.79500000000001,0.568675021549559
9.79600000000001,0.5690733065380132
9.79700000000001,0.5694713432439389
9.798000000000009,0.5698691290250322
9.799000000000008,0.5702666612366898
9.800000000000008,0.5706639372320254
9.801000000000007,0.5710609543618816
9.802000000000007,0.5714577099748551
9.803000000000006,0.5718542014173011
9.804000000000006,0.5722504260333691
9.805000000000005,0.5726463811649991
9.806000000000004,0.5730420641519556
9.807000000000004,0.5734374723318381
9.808000000000003,0.5738326030400984
9.809000000000003,0.5742274536100566
9.810000000000002,0.5746220213729264
9.811000000000002,0.5750163036578207
9.812000000000001,0.5754102977917794
9.813,0.5758040010997828
9.814,0.5761974109047701
9.815,0.5765905245276557
9.815999999999999,0.5769833392873491
9.816999999999998,0.577375852500774
9.817999999999998,0.5777680614828838
9.818999999999997,0.5781599635466741
9.819999999999997,0.5785515560032178
9.820999999999996,0.5789428361616648
9.821999999999996,0.5793338013292701
9.822999999999995,0.5797244488114082
9.823999999999995,0.5801147759115953
9.824999999999994,0.5805047799315056
9.825999999999993,0.5808944581709865
9.826999999999993,0.5812838079280813
9.827999999999992,0.5816728264990498
9.828999999999992,0.5820615111783771
9.829999999999991,0.5824498592588068
9.83099999999999,0.5828378680313446
9.83199999999999,0.5832255347852869
9.83299999999999,0.5836128568082356
9.833999999999989,0.5839998313861219
9.834999999999988,0.584386455803217
9.835999999999988,0.5847727273421589
9.836999999999987,0.5851586432839649
9.837999999999987,0.5855442009080567
9.838999999999986,0.5859293974922736
9.839999999999986,0.5863142303128961
9.840999999999985,0.5866986966446662
9.841999999999985,0.5870827937608015
9.842999999999984,0.5874665189330172
9.843999999999983,0.587849869431545
9.844999999999983,0.5882328425251544
9.845999999999982,0.5886154354811728
9.846999999999982,0.5889976455654983
9.847999999999981,0.5893794700426279
9.84899999999998,0.589760906175672
9.84999999999998,0.5901419512263737
9.85099999999998,0.590522602455135
9.851999999999979,0.5909028571210282
9.852999999999978,0.5912827124818167
9.853999999999978,0.591662165793984
9.854999999999977,0.5920412143127438
9.855999999999977,0.592419855292061
9.856999999999976,0.5927980859846806
9.857999999999976,0.5931759036421353
9.858999999999975,0.593553305514773
9.859999999999975,0.5939302888517782
9.860999999999974,0.5943068509011876
9.861999999999973,0.5946829889099137
9.862999999999973,0.5950587001237596
9.863999999999972,0.5954339817874528
9.864999999999972,0.5958088311446462
9.865999999999971,0.5961832454379543
9.86699999999997,0.5965572219089712
9.86799999999997,0.5969307577982815
9.86899999999997,0.5973038503454906
9.869999999999969,0.5976764967892447
9.870999999999968,0.5980486943672475
9.871999999999968,0.5984204403162807
9.872999999999967,0.5987917318722314
9.873999999999967,0.5991625662701049
9.874999999999966,0.5995329407440505
9.875999999999966,0.5999028525273808
9.876999999999965,0.600272298852592
9.877999999999965,0.6006412769513878
9.878999999999964,0.6010097840546998
9.879999999999963,0.6013778173927021
9.880999999999963,0.6017453741948413
9.881999999999962,0.6021124516898558
9.882999999999962,0.6024790471057937
9.883999999999961,0.6028451576700337
9.88499999999996,0.6032107806093122
9.88599999999996,0.603575913149741
9.88699999999996,0.6039405525168265
9.887999999999959,0.6043046959354933
9.888999999999958,0.6046683406301098
9.889999999999958,0.6050314838245023
9.890999999999957,0.6053941227419808
9.891999999999957,0.605756254605362
9.892999999999956,0.6061178766369896
9.893999999999956,0.606478986058751
9.894999999999955,0.6068395800921086
9.895999999999955,0.6071996559581125
9.896999999999954,0.6075592108774303
9.897999999999954,0.6079182420703652
9.898999999999953,0.6082767467568733
9.899999999999952,0.6086347221565956
9.900999999999952,0.6089921654888718
9.901999999999951,0.6093490739727666
9.90299999999995,0.6097054448270887
9.90399999999995,0.6100612752704182
9.90499999999995,0.6104165625211198
9.905999999999949,0.6107713037973782
9.906999999999949,0.6111254963172059
9.907999999999948,0.6114791372984733
9.908999999999947,0.6118322239589334
9.909999999999947,0.6121847535162404
9.910999999999946,0.6125367231879709
9.911999999999946,0.6128881301916471
9.912999999999945,0.6132389717447625
9.913999999999945,0.6135892450648007
9.914999999999944,0.6139389473692616
9.915999999999944,0.6142880758756808
9.916999999999943,0.6146366278016503
9.917999999999942,0.6149846003648504
9.918999999999942,0.6153319907830601
9.919999999999941,0.6156787962741896
9.92099999999994,0.6160250140563002
9.92199999999994,0.6163706413476226
9.92299999999994,0.6167156753665893
9.923999999999939,0.6170601133318462
9.924999999999939,0.6174039524622832
9.925999999999938,0.6177471899770569
9.926999999999937,0.6180898230956096
9.927999999999937,0.6184318490376973
9.928999999999936,0.6187732650234063
9.929999999999936,0.6191140682731823
9.930999999999935,0.61945425600785
9.931999999999935,0.6197938254486435
9.932999999999934,0.6201327738172144
9.933999999999934,0.6204710983356705
9.934999999999933,0.62080879622659
9.935999999999932,0.6211458647130506
9.936999999999932,0.6214823010186473
9.937999999999931,0.6218181023675208
9.93899999999993,0.6221532659843748
9.93999999999993,0.6224877890945074
9.94099999999993,0.6228216689238266
9.94199999999993,0.623154902698881
9.942999999999929,0.6234874876468774
9.943999999999928,0.6238194209957082
9.944999999999927,0.6241506999739735
9.945999999999927,0.6244813218110035
9.946999999999926,0.6248112837368823
9.947999999999926,0.6251405829824793
9.948999999999925,0.625469216779462
9.949999999999925,0.6257971823603198
9.950999999999924,0.6261244769584012
9.951999999999924,0.6264510978079227
9.952999999999923,0.6267770421439975
9.953999999999922,0.6271023072026668
9.954999999999922,0.6274268902209077
9.955999999999921,0.6277507884366771
9.95699999999992,0.6280739990889164
9.95799999999992,0.6283965194175903
9.95899999999992,0.6287183466637
9.95999999999992,0.6290394780693157
9.960999999999919,0.6293599108775965
9.961999999999918,0.6296796423328115
9.962999999999917,0.6299986696803704
9.963999999999917,0.6303169901668443
9.964999999999916,0.6306346010399889
9.965999999999916,0.63095149954877
9.966999999999915,0.6312676829433895
9.967999999999915,0.6315831484753025
9.968999999999914,0.631897893397255
9.969999999999914,0.6322119149632918
9.970999999999913,0.6325252104287928
9.971999999999912,0.6328377770504953
9.972999999999912,0.6331496120865101
9.973999999999911,0.6334607127963592
9.97499999999991,0.6337710764409874
9.97599999999991,0.6340807002827966
9.97699999999991,0.6343895815856662
9.97799999999991,0.634697717614971
9.978999999999909,0.6350051056376218
9.979999999999908,0.635311742922073
9.980999999999908,0.635617626738359
9.981999999999907,0.6359227543581104
9.982999999999906,0.6362271230545831
9.983999999999906,0.6365307301026855
9.984999999999905,0.6368335727789949
9.985999999999905,0.6371356483617888
9.986999999999904,0.6374369541310699
9.987999999999904,0.6377374873685838
9.988999999999903,0.6380372453578526
9.989999999999903,0.638336225384195
9.990999999999902,0.6386344247347453
9.991999999999901,0.6389318406984923
9.9929999999999,0.6392284705662902
9.9939999999999,0.6395243116308955
9.9949999999999,0.6398193611869775
9.9959999999999,0.6401136165311533
9.996999999999899,0.6404070749620171
9.997999999999898,0.6406997337801467
9.998999999999898,0.6409915902881504
9.999999999999897,0.6412826417906748
