Initial_Weights,Final_Weights,Runtime_Before,Runtime_After,Fidelity
"[1.0, 0.5183657806068626, 1.0]","[-1.0, 0.5183657806068626, -1.0]",2.7924016376726866,2.7924016376726866,1.0
"[1.0, 3.5867425718507477, 1.0]","[-1.0, 3.5867425718507477, -1.0]",3.1429761070134723,3.1429761070134723,1.0
"[1.0, 2.252962753032144, 1.0]","[-1.0, 2.252962753032144, -1.0]",2.19926587368947,2.19926587368947,1.0
"[1.0, 3.585603165556916, 1.0]","[-1.0, 3.585603165556916, -1.0]",3.1429839882840853,3.1429839882840853,1.0
"[1.0, 2.234672396276523, 1.0]","[-1.0, 2.234672396276523, -1.0]",2.066486514784314,2.066486514784314,1.0
"[1.0, 2.275562411444659, 1.0]","[-1.0, 2.275562411444659, -1.0]",2.186028001671965,2.186028001671965,1.0
"[1.0, 1.6006277514937501, 1.0]","[-1.0, 1.6006277514937501, -1.0]",4.766471745445311,4.766471745445311,1.0
"[1.0, 4.542293678515526, 1.0]","[-1.0, 4.542293678515526, -1.0]",3.8581812318907116,3.8581812318907116,1.0
"[1.0, 3.5802084119610558, 1.0]","[-1.0, 3.5802084119610558, -1.0]",3.138545348057395,3.138545348057395,1.0
"[1.0, 4.634118139797988, 1.0]","[-1.0, 4.634118139797988, -1.0]",3.6772727794899276,3.6772727794899276,1.0
"[1.0, 4.634134178305436, 1.0]","[-1.0, 4.634134178305436, -1.0]",3.677745688675308,3.677745688675308,1.0
"[1.0, 2.247150645941996, 1.0]","[-1.0, 2.247150645941996, -1.0]",2.1958447967271195,2.1958447967271195,1.0
"[1.0, -0.5080591250307882, 1.0]","[-1.0, -0.5080591250307882, -1.0]",3.110451633233419,3.110451633233419,1.0
"[1.0, -1.6029751763430686, 1.0]","[-1.0, -1.6029751763430686, -1.0]",4.767494795877029,4.767494795877029,1.0
"[1.0, -3.5814103363960124, 1.0]","[-1.0, -3.5814103363960124, -1.0]",3.1407862901746886,3.1407862901746886,1.0
"[1.0, -5.335714908440518, 1.0]","[-1.0, -5.335714908440518, -1.0]",4.463999400663152,4.463999400663152,1.0
"[1.0, -4.6361565981763535, 1.0]","[-1.0, -4.6361565981763535, -1.0]",3.7659644929267335,3.7659644929267335,1.0
"[1.0, -5.442268098160792, 1.0]","[-1.0, -5.442268098160792, -1.0]",4.282556075888627,4.282556075888627,1.0
"[1.0, -6.148539976891835, 1.0]","[-1.0, -6.148539976891835, -1.0]",4.817213213999996,4.817213213999996,1.0
"[1.0, -6.777658027222193, 1.0]","[-1.0, -6.777658027222193, -1.0]",5.292570013463784,5.292570013463784,1.0
"[1.0, -6.14626957335612, 1.0]","[-1.0, -6.14626957335612, -1.0]",4.814215333793171,4.814215333793171,1.0
"[1.0, -4.543831630246232, 1.0]","[-1.0, -4.543831630246232, -1.0]",3.859267959441071,3.859267959441071,1.0
"[1.0, -1.6006265661509378, 1.0]","[-1.0, -1.6006265661509378, -1.0]",4.777940558018726,4.777940558018726,1.0
"[1.0, -5.336338485011285, 1.0]","[-1.0, -5.336338485011285, -1.0]",4.464256422774799,4.464256422774799,1.0
"[1.0, -3.582370210564486, 1.0]","[-1.0, -3.582370210564486, -1.0]",3.1411698617948653,3.1411698617948653,1.0
"[1.0, -5.4410659093512805, 1.0]","[-1.0, -5.4410659093512805, -1.0]",4.282239129992422,4.282239129992422,1.0
"[1.0, -4.545170248001857, 1.0]","[-1.0, -4.545170248001857, -1.0]",3.859987474942241,3.859987474942241,1.0
"[1.0, -5.44223086961635, 1.0]","[-1.0, -5.44223086961635, -1.0]",4.283176849371187,4.283176849371187,1.0
"[1.0, -6.145375487808788, 1.0]","[-1.0, -6.145375487808788, -1.0]",4.81297953814312,4.81297953814312,1.0
"[1.0, -6.145377130151265, 1.0]","[-1.0, -6.145377130151265, -1.0]",4.8130152306141065,4.8130152306141065,1.0
"[1.0, -6.777060179807854, 1.0]","[-1.0, -6.777060179807854, -1.0]",5.291862794016423,5.291862794016423,1.0
"[1.0, -3.6520344296751026, 1.0]","[-1.0, -3.6520344296751026, -1.0]",2.9493615217180507,2.9493615217180507,1.0
"[1.0, -5.448545988644206, 1.0]","[-1.0, -5.448545988644206, -1.0]",4.32782077257564,4.32782077257564,1.0
"[1.0, -4.543448549329418, 1.0]","[-1.0, -4.543448549329418, -1.0]",3.8579462315748874,3.8579462315748874,1.0
"[1.0, -6.14441098885195, 1.0]","[-1.0, -6.14441098885195, -1.0]",4.8135819406159195,4.8135819406159195,1.0
"[1.0, -6.776525852217893, 1.0]","[-1.0, -6.776525852217893, -1.0]",5.291507479472578,5.291507479472578,1.0
"[1.0, -7.889221491075022, 1.0]","[-1.0, -7.889221491075022, -1.0]",6.1383565928892025,6.1383565928892025,1.0
"[1.0, -6.023905531154016, 1.0]","[-1.0, -6.023905531154016, -1.0]",4.99212343073905,4.99212343073905,1.0
"[1.0, -6.776829116056969, 1.0]","[-1.0, -6.776829116056969, -1.0]",5.292064002552395,5.292064002552395,1.0
"[1.0, -7.354611472753261, 1.0]","[-1.0, -7.354611472753261, -1.0]",5.731230097806672,5.731230097806672,1.0
"[1.0, -6.776618044847118, 1.0]","[-1.0, -6.776618044847118, -1.0]",5.291863998307983,5.291863998307983,1.0
"[1.0, -4.549687690221001, 1.0]","[-1.0, -4.549687690221001, -1.0]",3.86067881489265,3.86067881489265,1.0
"[1.0, -5.439574846776406, 1.0]","[-1.0, -5.439574846776406, -1.0]",4.281758894621269,4.281758894621269,1.0
"[1.0, -6.144139241662825, 1.0]","[-1.0, -6.144139241662825, -1.0]",4.8131209261411945,4.8131209261411945,1.0
"[1.0, -5.439126768300213, 1.0]","[-1.0, -5.439126768300213, -1.0]",4.2825205154071675,4.2825205154071675,1.0
"[1.0, -6.1438795625988645, 1.0]","[-1.0, -6.1438795625988645, -1.0]",4.813056558216037,4.813056558216037,1.0
"[1.0, -6.776082712105846, 1.0]","[-1.0, -6.776082712105846, -1.0]",5.291560074164468,5.291560074164468,1.0
"[1.0, -5.338044441447688, 1.0]","[-1.0, -5.338044441447688, -1.0]",4.464348914174964,4.464348914174964,1.0
"[1.0, -3.6440841743168497, 1.0]","[-1.0, -3.6440841743168497, -1.0]",2.9440579768616946,2.9440579768616946,1.0
"[1.0, -2.3029846241025345, 1.0]","[-1.0, -2.3029846241025345, -1.0]",2.0736788994522706,2.0736788994522706,1.0
"[1.0, -3.6470221990109644, 1.0]","[-1.0, -3.6470221990109644, -1.0]",2.9451242497167676,2.9451242497167676,1.0
"[1.0, -3.581772692972913, 1.0]","[-1.0, -3.581772692972913, -1.0]",3.1362256876991452,3.1362256876991452,1.0
"[1.0, -4.5453496266885205, 1.0]","[-1.0, -4.5453496266885205, -1.0]",3.860362487794497,3.860362487794497,1.0
"[1.0, -5.440646831995871, 1.0]","[-1.0, -5.440646831995871, -1.0]",4.282029778739683,4.282029778739683,1.0
"[1.0, -6.144990894578981, 1.0]","[-1.0, -6.144990894578981, -1.0]",4.813913540794991,4.813913540794991,1.0
"[1.0, -6.14459445217211, 1.0]","[-1.0, -6.14459445217211, -1.0]",4.814003631444957,4.814003631444957,1.0
"[1.0, -6.7766464571855085, 1.0]","[-1.0, -6.7766464571855085, -1.0]",5.2923156257235595,5.2923156257235595,1.0
"[1.0, -5.4285611607711886, 1.0]","[-1.0, -5.4285611607711886, -1.0]",4.3714731161854745,4.3714731161854745,1.0
"[1.0, -5.441265025887283, 1.0]","[-1.0, -5.441265025887283, -1.0]",4.282611010410603,4.282611010410603,1.0
"[1.0, -6.144392758239276, 1.0]","[-1.0, -6.144392758239276, -1.0]",4.813972605338245,4.813972605338245,1.0
"[1.0, -5.44061607445729, 1.0]","[-1.0, -5.44061607445729, -1.0]",4.281941800970532,4.281941800970532,1.0
"[1.0, -6.145483348588126, 1.0]","[-1.0, -6.145483348588126, -1.0]",4.8135776614084875,4.8135776614084875,1.0
"[1.0, -4.6315394512989165, 1.0]","[-1.0, -4.6315394512989165, -1.0]",3.674347600982639,3.674347600982639,1.0
"[1.0, -3.5850715706700744, 1.0]","[-1.0, -3.5850715706700744, -1.0]",3.140060886580414,3.140060886580414,1.0
"[1.0, -3.592863636691997, 1.0]","[-1.0, -3.592863636691997, -1.0]",3.1416480892312113,3.1416480892312113,1.0
"[1.0, -1.6038591747803568, 1.0]","[-1.0, -1.6038591747803568, -1.0]",4.775830218068173,4.775830218068173,1.0
"[1.0, 2.2545184642753253, 1.0]","[-1.0, 2.2545184642753253, -1.0]",2.1981596574974747,2.1981596574974747,1.0
"[1.0, 3.58394424326853, 1.0]","[-1.0, 3.58394424326853, -1.0]",3.1414561340666003,3.1414561340666003,1.0
"[1.0, 0.5126403077025837, 1.0]","[-1.0, 0.5126403077025837, -1.0]",3.2807199230736095,3.2807199230736095,1.0
"[1.0, 2.2504602385738046, 1.0]","[-1.0, 2.2504602385738046, -1.0]",2.198210552673986,2.198210552673986,1.0
"[1.0, -0.5195049748975783, 1.0]","[-1.0, -0.5195049748975783, -1.0]",3.081631961307253,3.081631961307253,1.0
"[1.0, -0.5182872425516689, 1.0]","[-1.0, -0.5182872425516689, -1.0]",3.2000322943857356,3.2000322943857356,1.0
"[1.0, 0.5184259705509715, 1.0]","[-1.0, 0.5184259705509715, -1.0]",2.7921633004496678,2.7921633004496678,1.0
"[1.0, 0.5138925411516808, 1.0]","[-1.0, 0.5138925411516808, -1.0]",3.2925088074465263,3.2925088074465263,1.0
"[1.0, 3.5766496989565715, 1.0]","[-1.0, 3.5766496989565715, -1.0]",3.13454669142922,3.13454669142922,1.0
"[1.0, 4.6367973095069415, 1.0]","[-1.0, 4.6367973095069415, -1.0]",3.681685637694851,3.681685637694851,1.0
"[1.0, 5.333310875076742, 1.0]","[-1.0, 5.333310875076742, -1.0]",4.459151026178877,4.459151026178877,1.0
"[1.0, 5.44482913409032, 1.0]","[-1.0, 5.44482913409032, -1.0]",4.2875490263683895,4.2875490263683895,1.0
"[1.0, 6.148443888769, 1.0]","[-1.0, 6.148443888769, -1.0]",4.818326366558839,4.818326366558839,1.0
"[1.0, 5.444769980436294, 1.0]","[-1.0, 5.444769980436294, -1.0]",4.287723925210564,4.287723925210564,1.0
"[1.0, 5.3331288637731324, 1.0]","[-1.0, 5.3331288637731324, -1.0]",4.457970604886616,4.457970604886616,1.0
"[1.0, 3.5920666609818457, 1.0]","[-1.0, 3.5920666609818457, -1.0]",3.1413282663776636,3.1413282663776636,1.0
"[1.0, 3.5788416763657636, 1.0]","[-1.0, 3.5788416763657636, -1.0]",3.1376953774319905,3.1376953774319905,1.0
"[1.0, 2.241671405723019, 1.0]","[-1.0, 2.241671405723019, -1.0]",2.005186918659323,2.005186918659323,1.0
"[1.0, 0.5187153737782799, 1.0]","[-1.0, 0.5187153737782799, -1.0]",2.7929186387053795,2.7929186387053795,1.0
"[1.0, -0.8104718090762859, 1.0]","[-1.0, -0.8104718090762859, -1.0]",5.626394433074733,5.626394433074733,1.0
"[1.0, 1.5948774117724847, 1.0]","[-1.0, 1.5948774117724847, -1.0]",4.796628075816636,4.796628075816636,1.0
"[1.0, 4.540845125306901, 1.0]","[-1.0, 4.540845125306901, -1.0]",3.855362446454825,3.855362446454825,1.0
"[1.0, 4.635393662662234, 1.0]","[-1.0, 4.635393662662234, -1.0]",3.678876985805618,3.678876985805618,1.0
"[1.0, 5.44400868540413, 1.0]","[-1.0, 5.44400868540413, -1.0]",4.286042410632009,4.286042410632009,1.0
"[1.0, 4.541172704621173, 1.0]","[-1.0, 4.541172704621173, -1.0]",3.856028849514727,3.856028849514727,1.0
"[1.0, 6.147944156327309, 1.0]","[-1.0, 6.147944156327309, -1.0]",4.817578489040062,4.817578489040062,1.0
"[1.0, 4.541476495563643, 1.0]","[-1.0, 4.541476495563643, -1.0]",3.8556045359188014,3.8556045359188014,1.0
"[1.0, 1.6044909696671226, 1.0]","[-1.0, 1.6044909696671226, -1.0]",4.778924946122651,4.778924946122651,1.0
"[1.0, 0.8100855980315214, 1.0]","[-1.0, 0.8100855980315214, -1.0]",5.625719435914736,5.625719435914736,1.0
"[1.0, 2.2710854254063895, 1.0]","[-1.0, 2.2710854254063895, -1.0]",6.118197444388821,6.118197444388821,1.0
"[1.0, -0.253190128965127, 1.0]","[-1.0, -0.253190128965127, -1.0]",5.872647084319273,5.872647084319273,1.0
"[1.0, -0.8095917653033718, 1.0]","[-1.0, -0.8095917653033718, -1.0]",5.626685232035389,5.626685232035389,1.0
"[1.0, -3.576923555125343, 1.0]","[-1.0, -3.576923555125343, -1.0]",3.134725797901063,3.134725797901063,1.0
"[1.0, -2.2928786823989347, 1.0]","[-1.0, -2.2928786823989347, -1.0]",1.9664287884044274,1.9664287884044274,1.0
"[1.0, -2.2932655020985013, 1.0]","[-1.0, -2.2932655020985013, -1.0]",1.9658504361613116,1.9658504361613116,1.0
"[1.0, 0.5142909053740947, 1.0]","[-1.0, 0.5142909053740947, -1.0]",2.804353567492644,2.804353567492644,1.0
"[1.0, 0.8101878178622248, 1.0]","[-1.0, 0.8101878178622248, -1.0]",5.626996483219044,5.626996483219044,1.0
"[1.0, -0.5138957008058265, 1.0]","[-1.0, -0.5138957008058265, -1.0]",3.292005035009269,3.292005035009269,1.0
"[1.0, 2.242953620408436, 1.0]","[-1.0, 2.242953620408436, -1.0]",2.1917298063088246,2.1917298063088246,1.0
"[1.0, 3.6543832965106833, 1.0]","[-1.0, 3.6543832965106833, -1.0]",2.95077495024339,2.95077495024339,1.0
"[1.0, 3.653888599584662, 1.0]","[-1.0, 3.653888599584662, -1.0]",2.9518614383474007,2.9518614383474007,1.0
"[1.0, 2.2465112942130494, 1.0]","[-1.0, 2.2465112942130494, -1.0]",2.193029610534455,2.193029610534455,1.0
"[1.0, 0.5182979616926614, 1.0]","[-1.0, 0.5182979616926614, -1.0]",2.793019234489084,2.793019234489084,1.0
"[1.0, -2.248547605010252, 1.0]","[-1.0, -2.248547605010252, -1.0]",2.19580303098986,2.19580303098986,1.0
"[1.0, -0.5210021341574581, 1.0]","[-1.0, -0.5210021341574581, -1.0]",3.146548636004074,3.146548636004074,1.0
"[1.0, 1.605929307376758, 1.0]","[-1.0, 1.605929307376758, -1.0]",4.773791382144455,4.773791382144455,1.0
"[1.0, 2.2705465490775256, 1.0]","[-1.0, 2.2705465490775256, -1.0]",6.118972833734614,6.118972833734614,1.0
"[1.0, 2.271005900427349, 1.0]","[-1.0, 2.271005900427349, -1.0]",6.11618027298883,6.11618027298883,1.0
"[1.0, 4.542514655191514, 1.0]","[-1.0, 4.542514655191514, -1.0]",3.8579464072773186,3.8579464072773186,1.0
"[1.0, 4.535882627061173, 1.0]","[-1.0, 4.535882627061173, -1.0]",3.7973067371504436,3.7973067371504436,1.0
"[1.0, 1.6056111761066205, 1.0]","[-1.0, 1.6056111761066205, -1.0]",4.775493495256363,4.775493495256363,1.0
"[1.0, 0.8102271702226624, 1.0]","[-1.0, 0.8102271702226624, -1.0]",5.625465613810376,5.625465613810376,1.0
"[1.0, 3.579589367226038, 1.0]","[-1.0, 3.579589367226038, -1.0]",3.1385737724839173,3.1385737724839173,1.0
"[1.0, 5.376716646001642, 1.0]","[-1.0, 5.376716646001642, -1.0]",4.449249737059465,4.449249737059465,1.0
"[1.0, 6.779055897845247, 1.0]","[-1.0, 6.779055897845247, -1.0]",5.294699613790776,5.294699613790776,1.0
"[1.0, 6.14728630111941, 1.0]","[-1.0, 6.14728630111941, -1.0]",4.816713895720385,4.816713895720385,1.0
"[1.0, 6.147415902644415, 1.0]","[-1.0, 6.147415902644415, -1.0]",4.815533144061218,4.815533144061218,1.0
"[1.0, 7.355798224747903, 1.0]","[-1.0, 7.355798224747903, -1.0]",5.733174297794809,5.733174297794809,1.0
"[1.0, 5.335932288819817, 1.0]","[-1.0, 5.335932288819817, -1.0]",4.462620155383196,4.462620155383196,1.0
"[1.0, 3.649827623518672, 1.0]","[-1.0, 3.649827623518672, -1.0]",2.9466429818503297,2.9466429818503297,1.0
"[1.0, 3.6498923639360625, 1.0]","[-1.0, 3.6498923639360625, -1.0]",2.945314651527357,2.945314651527357,1.0
"[1.0, 5.442426149257201, 1.0]","[-1.0, 5.442426149257201, -1.0]",4.284792759642741,4.284792759642741,1.0
"[1.0, 4.536750566829744, 1.0]","[-1.0, 4.536750566829744, -1.0]",3.8415583117490875,3.8415583117490875,1.0
"[1.0, 3.5829842060502006, 1.0]","[-1.0, 3.5829842060502006, -1.0]",3.1392746746602413,3.1392746746602413,1.0
"[1.0, 3.648381739099021, 1.0]","[-1.0, 3.648381739099021, -1.0]",2.9435212724145585,2.9435212724145585,1.0
"[1.0, 2.258381288747589, 1.0]","[-1.0, 2.258381288747589, -1.0]",2.1957967349562444,2.1957967349562444,1.0
"[1.0, 3.582867150551752, 1.0]","[-1.0, 3.582867150551752, -1.0]",3.023999410078897,3.023999410078897,1.0
"[1.0, 1.6077494510078696, 1.0]","[-1.0, 1.6077494510078696, -1.0]",4.776751209468898,4.776751209468898,1.0
"[1.0, 1.6061763542868708, 1.0]","[-1.0, 1.6061763542868708, -1.0]",4.805859169403376,4.805859169403376,1.0
"[1.0, 2.2681392969235814, 1.0]","[-1.0, 2.2681392969235814, -1.0]",6.123808606951985,6.123808606951985,1.0
"[1.0, 1.6046181529797932, 1.0]","[-1.0, 1.6046181529797932, -1.0]",4.792097378488878,4.792097378488878,1.0
"[1.0, 5.333724074948636, 1.0]","[-1.0, 5.333724074948636, -1.0]",4.4609600733476285,4.4609600733476285,1.0
"[1.0, 6.779390315614469, 1.0]","[-1.0, 6.779390315614469, -1.0]",5.295942510680928,5.295942510680928,1.0
"[1.0, 5.44636678405339, 1.0]","[-1.0, 5.44636678405339, -1.0]",4.290164971704899,4.290164971704899,1.0
"[1.0, 5.444325247833416, 1.0]","[-1.0, 5.444325247833416, -1.0]",4.2854497910696425,4.2854497910696425,1.0
"[1.0, 5.443722509724094, 1.0]","[-1.0, 5.443722509724094, -1.0]",4.285932840325571,4.285932840325571,1.0
"[1.0, 6.147584719505454, 1.0]","[-1.0, 6.147584719505454, -1.0]",4.817617054123133,4.817617054123133,1.0
"[1.0, 5.428822848705451, 1.0]","[-1.0, 5.428822848705451, -1.0]",4.290539876501073,4.290539876501073,1.0
"[1.0, 6.778723939594102, 1.0]","[-1.0, 6.778723939594102, -1.0]",5.294504463471868,5.294504463471868,1.0
"[1.0, 6.147027035232496, 1.0]","[-1.0, 6.147027035232496, -1.0]",4.816724073260782,4.816724073260782,1.0
"[1.0, 6.14672635659841, 1.0]","[-1.0, 6.14672635659841, -1.0]",4.815587242194455,4.815587242194455,1.0
"[1.0, 6.145538989118182, 1.0]","[-1.0, 6.145538989118182, -1.0]",4.815178819230439,4.815178819230439,1.0
"[1.0, 5.342970766450961, 1.0]","[-1.0, 5.342970766450961, -1.0]",4.466395375495267,4.466395375495267,1.0
"[1.0, 4.556943108198533, 1.0]","[-1.0, 4.556943108198533, -1.0]",3.7714514408526614,3.7714514408526614,1.0
"[1.0, 4.6320391299334975, 1.0]","[-1.0, 4.6320391299334975, -1.0]",3.6751885087335396,3.6751885087335396,1.0
"[1.0, 5.441224622852987, 1.0]","[-1.0, 5.441224622852987, -1.0]",4.28355948185688,4.28355948185688,1.0
"[1.0, 5.441488052888045, 1.0]","[-1.0, 5.441488052888045, -1.0]",4.283938929571272,4.283938929571272,1.0
"[1.0, 4.544956166228319, 1.0]","[-1.0, 4.544956166228319, -1.0]",3.8576191085910225,3.8576191085910225,1.0
"[1.0, 6.043757725125482, 1.0]","[-1.0, 6.043757725125482, -1.0]",4.90435458657428,4.90435458657428,1.0
"[1.0, 5.335201700125134, 1.0]","[-1.0, 5.335201700125134, -1.0]",4.461683206242458,4.461683206242458,1.0
"[1.0, 5.340026091711967, 1.0]","[-1.0, 5.340026091711967, -1.0]",4.466602618816798,4.466602618816798,1.0
"[1.0, 3.585649166938009, 1.0]","[-1.0, 3.585649166938009, -1.0]",3.141857149462755,3.141857149462755,1.0
"[1.0, 2.253273370987059, 1.0]","[-1.0, 2.253273370987059, -1.0]",2.1984110938929424,2.1984110938929424,1.0
"[1.0, 0.5183777281452572, 1.0]","[-1.0, 0.5183777281452572, -1.0]",2.792805137647187,2.792805137647187,1.0
"[1.0, 2.279478899710191, 1.0]","[-1.0, 2.279478899710191, -1.0]",1.9576801258087555,1.9576801258087555,1.0
"[1.0, 3.5872776139273155, 1.0]","[-1.0, 3.5872776139273155, -1.0]",3.1449231498620747,3.1449231498620747,1.0
"[1.0, 3.6479199727540683, 1.0]","[-1.0, 3.6479199727540683, -1.0]",2.942924030109854,2.942924030109854,1.0
"[1.0, 4.631191205523747, 1.0]","[-1.0, 4.631191205523747, -1.0]",3.6748369651316066,3.6748369651316066,1.0
"[1.0, 5.353621424518602, 1.0]","[-1.0, 5.353621424518602, -1.0]",4.458208851839387,4.458208851839387,1.0
"[1.0, 5.440917224965834, 1.0]","[-1.0, 5.440917224965834, -1.0]",4.282362306403969,4.282362306403969,1.0
"[1.0, 3.6471238116803133, 1.0]","[-1.0, 3.6471238116803133, -1.0]",2.9446695063480353,2.9446695063480353,1.0
"[1.0, 2.283509658597643, 1.0]","[-1.0, 2.283509658597643, -1.0]",1.9593023493672537,1.9593023493672537,1.0
"[1.0, 3.5839796835702558, 1.0]","[-1.0, 3.5839796835702558, -1.0]",3.1402986728285636,3.1402986728285636,1.0
"[1.0, 5.444639076742661, 1.0]","[-1.0, 5.444639076742661, -1.0]",4.28856820183012,4.28856820183012,1.0
"[1.0, 4.544283497097161, 1.0]","[-1.0, 4.544283497097161, -1.0]",3.859626033352768,3.859626033352768,1.0
"[1.0, 4.5560422610168345, 1.0]","[-1.0, 4.5560422610168345, -1.0]",3.8626853260403897,3.8626853260403897,1.0
"[1.0, 4.635218739458986, 1.0]","[-1.0, 4.635218739458986, -1.0]",3.678915611928645,3.678915611928645,1.0
"[1.0, 4.632108721485078, 1.0]","[-1.0, 4.632108721485078, -1.0]",3.675100601506367,3.675100601506367,1.0
"[1.0, 4.543936060038746, 1.0]","[-1.0, 4.543936060038746, -1.0]",3.8591563290086217,3.8591563290086217,1.0
"[1.0, 4.632493373757851, 1.0]","[-1.0, 4.632493373757851, -1.0]",3.6749361500895787,3.6749361500895787,1.0
"[1.0, 2.247617749999959, 1.0]","[-1.0, 2.247617749999959, -1.0]",2.1953850053221147,2.1953850053221147,1.0
"[1.0, 0.5183910014561177, 1.0]","[-1.0, 0.5183910014561177, -1.0]",2.792194201373451,2.792194201373451,1.0
"[1.0, -2.252898475836998, 1.0]","[-1.0, -2.252898475836998, -1.0]",2.1988033055626444,2.1988033055626444,1.0
"[1.0, -0.5183964996609866, 1.0]","[-1.0, -0.5183964996609866, -1.0]",2.7922174717096273,2.7922174717096273,1.0
"[1.0, -0.810205104220577, 1.0]","[-1.0, -0.810205104220577, -1.0]",5.626061298469951,5.626061298469951,1.0
"[1.0, -1.6049982811979173, 1.0]","[-1.0, -1.6049982811979173, -1.0]",4.767037799411632,4.767037799411632,1.0
"[1.0, -4.544277210515902, 1.0]","[-1.0, -4.544277210515902, -1.0]",3.8594161111261664,3.8594161111261664,1.0
"[1.0, -4.5439616078916965, 1.0]","[-1.0, -4.5439616078916965, -1.0]",3.8597270315977066,3.8597270315977066,1.0
"[1.0, -6.145850405569815, 1.0]","[-1.0, -6.145850405569815, -1.0]",4.814754466035421,4.814754466035421,1.0
"[1.0, -5.441749392224777, 1.0]","[-1.0, -5.441749392224777, -1.0]",4.283887649178374,4.283887649178374,1.0
"[1.0, -4.632648028108499, 1.0]","[-1.0, -4.632648028108499, -1.0]",3.6761623124876484,3.6761623124876484,1.0
"[1.0, -3.6563097819607715, 1.0]","[-1.0, -3.6563097819607715, -1.0]",3.042290620102372,3.042290620102372,1.0
"[1.0, -2.2370351112617715, 1.0]","[-1.0, -2.2370351112617715, -1.0]",2.1068079315443335,2.1068079315443335,1.0
"[1.0, -3.647331058037889, 1.0]","[-1.0, -3.647331058037889, -1.0]",2.9431811062287525,2.9431811062287525,1.0
"[1.0, -4.631638238112472, 1.0]","[-1.0, -4.631638238112472, -1.0]",3.673987096819474,3.673987096819474,1.0
"[1.0, -4.63161447470065, 1.0]","[-1.0, -4.63161447470065, -1.0]",3.6743631677422726,3.6743631677422726,1.0
"[1.0, -6.144618239079955, 1.0]","[-1.0, -6.144618239079955, -1.0]",4.813497678468032,4.813497678468032,1.0
"[1.0, -6.14478349524487, 1.0]","[-1.0, -6.14478349524487, -1.0]",4.813155491208901,4.813155491208901,1.0
"[1.0, -5.337472554486354, 1.0]","[-1.0, -5.337472554486354, -1.0]",4.464131390072361,4.464131390072361,1.0
"[1.0, -4.545013961028254, 1.0]","[-1.0, -4.545013961028254, -1.0]",3.8600748315869495,3.8600748315869495,1.0
"[1.0, -2.2551171822999874, 1.0]","[-1.0, -2.2551171822999874, -1.0]",2.1980294637601894,2.1980294637601894,1.0
"[1.0, -3.6471262352860627, 1.0]","[-1.0, -3.6471262352860627, -1.0]",2.94314830128538,2.94314830128538,1.0
"[1.0, -1.604707159258787, 1.0]","[-1.0, -1.604707159258787, -1.0]",4.764217215662336,4.764217215662336,1.0
"[1.0, -3.584358767832488, 1.0]","[-1.0, -3.584358767832488, -1.0]",3.142389457150445,3.142389457150445,1.0
"[1.0, -6.142650067865621, 1.0]","[-1.0, -6.142650067865621, -1.0]",4.81170921413783,4.81170921413783,1.0
"[1.0, -6.027998500965465, 1.0]","[-1.0, -6.027998500965465, -1.0]",4.997627939656294,4.997627939656294,1.0
"[1.0, -5.440046323332288, 1.0]","[-1.0, -5.440046323332288, -1.0]",4.281707889796259,4.281707889796259,1.0
"[1.0, -5.441064344368269, 1.0]","[-1.0, -5.441064344368269, -1.0]",4.281426294052927,4.281426294052927,1.0
"[1.0, -4.630759792150842, 1.0]","[-1.0, -4.630759792150842, -1.0]",3.6742720762982484,3.6742720762982484,1.0
"[1.0, -5.440993222856025, 1.0]","[-1.0, -5.440993222856025, -1.0]",4.282506093279226,4.282506093279226,1.0
"[1.0, -5.440427877258951, 1.0]","[-1.0, -5.440427877258951, -1.0]",4.281298914739882,4.281298914739882,1.0
"[1.0, -6.144908714705689, 1.0]","[-1.0, -6.144908714705689, -1.0]",4.812872799211196,4.812872799211196,1.0
"[1.0, -4.630222519634229, 1.0]","[-1.0, -4.630222519634229, -1.0]",3.6737044959002136,3.6737044959002136,1.0
"[1.0, -4.630058748450409, 1.0]","[-1.0, -4.630058748450409, -1.0]",3.6740530020909943,3.6740530020909943,1.0
"[1.0, -1.6058784795340126, 1.0]","[-1.0, -1.6058784795340126, -1.0]",4.814628312962775,4.814628312962775,1.0
"[1.0, -0.5165687963782643, 1.0]","[-1.0, -0.5165687963782643, -1.0]",3.168983249125946,3.168983249125946,1.0
"[1.0, -2.237138620651319, 1.0]","[-1.0, -2.237138620651319, -1.0]",2.019143659875339,2.019143659875339,1.0
"[1.0, -2.288706815956155, 1.0]","[-1.0, -2.288706815956155, -1.0]",1.9600795496433063,1.9600795496433063,1.0
"[1.0, -3.5779363551892773, 1.0]","[-1.0, -3.5779363551892773, -1.0]",3.13511314733402,3.13511314733402,1.0
"[1.0, -4.633610590319738, 1.0]","[-1.0, -4.633610590319738, -1.0]",3.676743221006874,3.676743221006874,1.0
"[1.0, -2.2484978139160297, 1.0]","[-1.0, -2.2484978139160297, -1.0]",2.196392618762463,2.196392618762463,1.0
"[1.0, -4.543531047338464, 1.0]","[-1.0, -4.543531047338464, -1.0]",3.8596516269408907,3.8596516269408907,1.0
"[1.0, -3.652088927989314, 1.0]","[-1.0, -3.652088927989314, -1.0]",3.0542513493095473,3.0542513493095473,1.0
"[1.0, -3.582092357967433, 1.0]","[-1.0, -3.582092357967433, -1.0]",3.14059846369366,3.14059846369366,1.0
"[1.0, -2.2511188143688017, 1.0]","[-1.0, -2.2511188143688017, -1.0]",2.197959947028476,2.197959947028476,1.0
"[1.0, -2.249771601294171, 1.0]","[-1.0, -2.249771601294171, -1.0]",2.1980619829072987,2.1980619829072987,1.0
"[1.0, 0.5183932727978531, 1.0]","[-1.0, 0.5183932727978531, -1.0]",2.792121752270846,2.792121752270846,1.0
"[1.0, 2.285113429130746, 1.0]","[-1.0, 2.285113429130746, -1.0]",1.9590168792876321,1.9590168792876321,1.0
"[1.0, 2.270723193917129, 1.0]","[-1.0, 2.270723193917129, -1.0]",1.9639699678239013,1.9639699678239013,1.0
"[1.0, 2.263334621700532, 1.0]","[-1.0, 2.263334621700532, -1.0]",2.068680231036138,2.068680231036138,1.0
"[1.0, 2.24470414744346, 1.0]","[-1.0, 2.24470414744346, -1.0]",1.9985015028622453,1.9985015028622453,1.0
"[1.0, 0.5185498210986769, 1.0]","[-1.0, 0.5185498210986769, -1.0]",2.795030865635391,2.795030865635391,1.0
"[1.0, 2.267451668681792, 1.0]","[-1.0, 2.267451668681792, -1.0]",1.967920894227498,1.967920894227498,1.0
"[1.0, 3.64580601409169, 1.0]","[-1.0, 3.64580601409169, -1.0]",2.943508594900275,2.943508594900275,1.0
"[1.0, 2.2920746757876076, 1.0]","[-1.0, 2.2920746757876076, -1.0]",2.1520309992520037,2.1520309992520037,1.0
"[1.0, -0.5183185203020139, 1.0]","[-1.0, -0.5183185203020139, -1.0]",2.7925717338805756,2.7925717338805756,1.0
"[1.0, -3.593170418240071, 1.0]","[-1.0, -3.593170418240071, -1.0]",3.1331302102492233,3.1331302102492233,1.0
"[1.0, -1.607427977804255, 1.0]","[-1.0, -1.607427977804255, -1.0]",4.773549653750819,4.773549653750819,1.0
"[1.0, -0.25318772103912884, 1.0]","[-1.0, -0.25318772103912884, -1.0]",5.87287417381071,5.87287417381071,1.0
"[1.0, 2.2474681405591963, 1.0]","[-1.0, 2.2474681405591963, -1.0]",2.195604431039735,2.195604431039735,1.0
"[1.0, 3.5786677493130097, 1.0]","[-1.0, 3.5786677493130097, -1.0]",3.1367953283241063,3.1367953283241063,1.0
"[1.0, 2.237534105498613, 1.0]","[-1.0, 2.237534105498613, -1.0]",2.1693514999067114,2.1693514999067114,1.0
"[1.0, -0.5184003139284455, 1.0]","[-1.0, -0.5184003139284455, -1.0]",2.792522146120641,2.792522146120641,1.0
"[1.0, 2.251034155214168, 1.0]","[-1.0, 2.251034155214168, -1.0]",2.196873698002258,2.196873698002258,1.0
"[1.0, 2.243247623577888, 1.0]","[-1.0, 2.243247623577888, -1.0]",2.191794156242444,2.191794156242444,1.0
"[1.0, 2.2921491677714934, 1.0]","[-1.0, 2.2921491677714934, -1.0]",1.96442696986132,1.96442696986132,1.0
"[1.0, 0.5183861321472899, 1.0]","[-1.0, 0.5183861321472899, -1.0]",2.792595734400843,2.792595734400843,1.0
"[1.0, 3.5783044841439287, 1.0]","[-1.0, 3.5783044841439287, -1.0]",3.1363383003812917,3.1363383003812917,1.0
"[1.0, 5.330767469737903, 1.0]","[-1.0, 5.330767469737903, -1.0]",4.39793321984538,4.39793321984538,1.0
"[1.0, 5.332275917463655, 1.0]","[-1.0, 5.332275917463655, -1.0]",4.456358382952732,4.456358382952732,1.0
"[1.0, 6.779292877258897, 1.0]","[-1.0, 6.779292877258897, -1.0]",5.296087774267488,5.296087774267488,1.0
"[1.0, 4.542661954909618, 1.0]","[-1.0, 4.542661954909618, -1.0]",3.8576521113787057,3.8576521113787057,1.0
"[1.0, 4.63339431071549, 1.0]","[-1.0, 4.63339431071549, -1.0]",3.675548762042967,3.675548762042967,1.0
"[1.0, 2.286505387036752, 1.0]","[-1.0, 2.286505387036752, -1.0]",1.959476144035983,1.959476144035983,1.0
"[1.0, 0.5184316802322574, 1.0]","[-1.0, 0.5184316802322574, -1.0]",2.792505259758758,2.792505259758758,1.0
"[1.0, 2.288425378141173, 1.0]","[-1.0, 2.288425378141173, -1.0]",1.960441017889453,1.960441017889453,1.0
"[1.0, 0.52419804206844, 1.0]","[-1.0, 0.52419804206844, -1.0]",3.170031881881038,3.170031881881038,1.0
"[1.0, 0.5182521987860461, 1.0]","[-1.0, 0.5182521987860461, -1.0]",2.792656323969018,2.792656323969018,1.0
"[1.0, 0.5183134425134339, 1.0]","[-1.0, 0.5183134425134339, -1.0]",2.792458325290856,2.792458325290856,1.0
"[1.0, -0.5219679105780184, 1.0]","[-1.0, -0.5219679105780184, -1.0]",3.032352732668544,3.032352732668544,1.0
"[1.0, -2.294450628086603, 1.0]","[-1.0, -2.294450628086603, -1.0]",1.9680297548286712,1.9680297548286712,1.0
"[1.0, -3.6546648124587495, 1.0]","[-1.0, -3.6546648124587495, -1.0]",2.953206613232715,2.953206613232715,1.0
"[1.0, -0.5183753713217394, 1.0]","[-1.0, -0.5183753713217394, -1.0]",2.7923512509474175,2.7923512509474175,1.0
"[1.0, -2.2352845287127305, 1.0]","[-1.0, -2.2352845287127305, -1.0]",2.1084403060468757,2.1084403060468757,1.0
"[1.0, -4.636381177774127, 1.0]","[-1.0, -4.636381177774127, -1.0]",3.68056841977065,3.68056841977065,1.0
"[1.0, -3.5779599719821094, 1.0]","[-1.0, -3.5779599719821094, -1.0]",3.1351510121557182,3.1351510121557182,1.0
"[1.0, -3.658674587568066, 1.0]","[-1.0, -3.658674587568066, -1.0]",3.0325322791468663,3.0325322791468663,1.0
"[1.0, -2.247062107981403, 1.0]","[-1.0, -2.247062107981403, -1.0]",2.1963056488989827,2.1963056488989827,1.0
"[1.0, -2.290757046462261, 1.0]","[-1.0, -2.290757046462261, -1.0]",1.9618816595536364,1.9618816595536364,1.0
"[1.0, -3.576146593185548, 1.0]","[-1.0, -3.576146593185548, -1.0]",3.135426995667145,3.135426995667145,1.0
"[1.0, -2.2898536171470623, 1.0]","[-1.0, -2.2898536171470623, -1.0]",1.9624013876963902,1.9624013876963902,1.0
"[1.0, -0.5182801310903175, 1.0]","[-1.0, -0.5182801310903175, -1.0]",2.7927006155482297,2.7927006155482297,1.0
"[1.0, 2.2542545822014928, 1.0]","[-1.0, 2.2542545822014928, -1.0]",2.1997795242127522,2.1997795242127522,1.0
"[1.0, 3.6540965655417077, 1.0]","[-1.0, 3.6540965655417077, -1.0]",2.9522775194373048,2.9522775194373048,1.0
"[1.0, 4.63657182441077, 1.0]","[-1.0, 4.63657182441077, -1.0]",3.681678717446747,3.681678717446747,1.0
"[1.0, 4.636291688459718, 1.0]","[-1.0, 4.636291688459718, -1.0]",3.6798025465751407,3.6798025465751407,1.0
"[1.0, 5.444026700341531, 1.0]","[-1.0, 5.444026700341531, -1.0]",4.286895263491113,4.286895263491113,1.0
"[1.0, 6.148141333091847, 1.0]","[-1.0, 6.148141333091847, -1.0]",4.818176936717724,4.818176936717724,1.0
"[1.0, 4.542785255962843, 1.0]","[-1.0, 4.542785255962843, -1.0]",3.856938234927633,3.856938234927633,1.0
"[1.0, 3.6511252080584295, 1.0]","[-1.0, 3.6511252080584295, -1.0]",2.9481372922323783,2.9481372922323783,1.0
"[1.0, 3.573516239115609, 1.0]","[-1.0, 3.573516239115609, -1.0]",3.1222425689140634,3.1222425689140634,1.0
"[1.0, 2.288444917471645, 1.0]","[-1.0, 2.288444917471645, -1.0]",2.1649982664620775,2.1649982664620775,1.0
"[1.0, 2.254548771198483, 1.0]","[-1.0, 2.254548771198483, -1.0]",2.1966105651068832,2.1966105651068832,1.0
"[1.0, 3.6510504076895773, 1.0]","[-1.0, 3.6510504076895773, -1.0]",2.947828012597331,2.947828012597331,1.0
"[1.0, 4.537309032188156, 1.0]","[-1.0, 4.537309032188156, -1.0]",3.8455322648911534,3.8455322648911534,1.0
"[1.0, 3.583685448124576, 1.0]","[-1.0, 3.583685448124576, -1.0]",3.1402813736220057,3.1402813736220057,1.0
"[1.0, 3.571388540317284, 1.0]","[-1.0, 3.571388540317284, -1.0]",3.0554523894846004,3.0554523894846004,1.0
"[1.0, 3.6458184140874437, 1.0]","[-1.0, 3.6458184140874437, -1.0]",2.9420741166220594,2.9420741166220594,1.0
"[1.0, 0.518393213072168, 1.0]","[-1.0, 0.518393213072168, -1.0]",2.7923185309045815,2.7923185309045815,1.0
"[1.0, -1.5996058711520398, 1.0]","[-1.0, -1.5996058711520398, -1.0]",4.772448439914407,4.772448439914407,1.0
"[1.0, -4.5434849337119045, 1.0]","[-1.0, -4.5434849337119045, -1.0]",3.858194704919692,3.858194704919692,1.0
"[1.0, -3.6553841837653915, 1.0]","[-1.0, -3.6553841837653915, -1.0]",2.953408395217514,2.953408395217514,1.0
"[1.0, -6.112514217274359, 1.0]","[-1.0, -6.112514217274359, -1.0]",4.844196206442224,4.844196206442224,1.0
"[1.0, -5.3368961351302096, 1.0]","[-1.0, -5.3368961351302096, -1.0]",4.464273120612532,4.464273120612532,1.0
"[1.0, -3.5824221259342566, 1.0]","[-1.0, -3.5824221259342566, -1.0]",3.140850443344852,3.140850443344852,1.0
"[1.0, -0.8102276935003682, 1.0]","[-1.0, -0.8102276935003682, -1.0]",5.625549710171087,5.625549710171087,1.0
"[1.0, -0.8102232070722591, 1.0]","[-1.0, -0.8102232070722591, -1.0]",5.625586484602602,5.625586484602602,1.0
"[1.0, -4.544789158593647, 1.0]","[-1.0, -4.544789158593647, -1.0]",3.8599656978473855,3.8599656978473855,1.0
"[1.0, -6.145831036667355, 1.0]","[-1.0, -6.145831036667355, -1.0]",4.813728751626601,4.813728751626601,1.0
"[1.0, -6.145350162355725, 1.0]","[-1.0, -6.145350162355725, -1.0]",4.813549014199845,4.813549014199845,1.0
"[1.0, -6.145077256312816, 1.0]","[-1.0, -6.145077256312816, -1.0]",4.813910043057268,4.813910043057268,1.0
"[1.0, -4.635761389054986, 1.0]","[-1.0, -4.635761389054986, -1.0]",3.6830171321503538,3.6830171321503538,1.0
"[1.0, -3.5849266713812176, 1.0]","[-1.0, -3.5849266713812176, -1.0]",3.1409332789819127,3.1409332789819127,1.0
"[1.0, -4.631053628685701, 1.0]","[-1.0, -4.631053628685701, -1.0]",3.673821971080157,3.673821971080157,1.0
"[1.0, -3.6134164632683374, 1.0]","[-1.0, -3.6134164632683374, -1.0]",3.1241824773085645,3.1241824773085645,1.0
"[1.0, -2.2774749197097086, 1.0]","[-1.0, -2.2774749197097086, -1.0]",2.185450743219535,2.185450743219535,1.0
"[1.0, -2.270874034156335, 1.0]","[-1.0, -2.270874034156335, -1.0]",1.9600309322525276,1.9600309322525276,1.0
"[1.0, -0.5093009609521975, 1.0]","[-1.0, -0.5093009609521975, -1.0]",3.160475293562369,3.160475293562369,1.0
"[1.0, -0.5183899316761276, 1.0]","[-1.0, -0.5183899316761276, -1.0]",2.792243211678608,2.792243211678608,1.0
"[1.0, -3.5795976638124802, 1.0]","[-1.0, -3.5795976638124802, -1.0]",3.1378262536816495,3.1378262536816495,1.0
"[1.0, -0.507872632284516, 1.0]","[-1.0, -0.507872632284516, -1.0]",3.0359952300610273,3.0359952300610273,1.0
"[1.0, 1.6087841304330965, 1.0]","[-1.0, 1.6087841304330965, -1.0]",4.779424716998012,4.779424716998012,1.0
"[1.0, -1.6096030010597973, 1.0]","[-1.0, -1.6096030010597973, -1.0]",4.851996798704003,4.851996798704003,1.0
"[1.0, 0.5176948389757318, 1.0]","[-1.0, 0.5176948389757318, -1.0]",3.0721175882989367,3.0721175882989367,1.0
"[1.0, -0.5230730054306648, 1.0]","[-1.0, -0.5230730054306648, -1.0]",3.1269659069880733,3.1269659069880733,1.0
"[1.0, -0.5184164099065597, 1.0]","[-1.0, -0.5184164099065597, -1.0]",2.7922854186091453,2.7922854186091453,1.0
"[1.0, 1.6051256452771774, 1.0]","[-1.0, 1.6051256452771774, -1.0]",4.7644374491577555,4.7644374491577555,1.0
"[1.0, 0.8102373907159963, 1.0]","[-1.0, 0.8102373907159963, -1.0]",5.6259531708121955,5.6259531708121955,1.0
"[1.0, 4.540257167001235, 1.0]","[-1.0, 4.540257167001235, -1.0]",3.854185010065429,3.854185010065429,1.0
"[1.0, 4.636282170364086, 1.0]","[-1.0, 4.636282170364086, -1.0]",3.6811384024770786,3.6811384024770786,1.0
"[1.0, 4.636692753291043, 1.0]","[-1.0, 4.636692753291043, -1.0]",3.681343945866967,3.681343945866967,1.0
"[1.0, 4.636626394456691, 1.0]","[-1.0, 4.636626394456691, -1.0]",3.6809541217012147,3.6809541217012147,1.0
"[1.0, 5.444783800245957, 1.0]","[-1.0, 5.444783800245957, -1.0]",4.2881451566766575,4.2881451566766575,1.0
"[1.0, 3.653491130686089, 1.0]","[-1.0, 3.653491130686089, -1.0]",2.9501703274910183,2.9501703274910183,1.0
"[1.0, 2.289701529120765, 1.0]","[-1.0, 2.289701529120765, -1.0]",1.9648396017214562,1.9648396017214562,1.0
"[1.0, 2.245673095805683, 1.0]","[-1.0, 2.245673095805683, -1.0]",2.1847306187591156,2.1847306187591156,1.0
"[1.0, 4.632353556457263, 1.0]","[-1.0, 4.632353556457263, -1.0]",3.6755461350785117,3.6755461350785117,1.0
"[1.0, 3.646327315446767, 1.0]","[-1.0, 3.646327315446767, -1.0]",2.945878562199446,2.945878562199446,1.0
"[1.0, 3.6563369009985665, 1.0]","[-1.0, 3.6563369009985665, -1.0]",2.960065172301818,2.960065172301818,1.0
"[1.0, 3.6485284308326067, 1.0]","[-1.0, 3.6485284308326067, -1.0]",2.9445561177819957,2.9445561177819957,1.0
"[1.0, 5.440996006457425, 1.0]","[-1.0, 5.440996006457425, -1.0]",4.282689406366194,4.282689406366194,1.0
"[1.0, 4.631936580170076, 1.0]","[-1.0, 4.631936580170076, -1.0]",3.6741097009161727,3.6741097009161727,1.0
"[1.0, 5.4408740677186955, 1.0]","[-1.0, 5.4408740677186955, -1.0]",4.282933595647073,4.282933595647073,1.0
"[1.0, 4.54548671291258, 1.0]","[-1.0, 4.54548671291258, -1.0]",3.8445041495870265,3.8445041495870265,1.0
"[1.0, 3.584630993150743, 1.0]","[-1.0, 3.584630993150743, -1.0]",3.140653288600843,3.140653288600843,1.0
"[1.0, 5.441580782025591, 1.0]","[-1.0, 5.441580782025591, -1.0]",4.28278542057774,4.28278542057774,1.0
"[1.0, 0.5183706711373112, 1.0]","[-1.0, 0.5183706711373112, -1.0]",2.792858681807598,2.792858681807598,1.0
"[1.0, 2.273637450894389, 1.0]","[-1.0, 2.273637450894389, -1.0]",1.9602243234225663,1.9602243234225663,1.0
"[1.0, -0.518348643398996, 1.0]","[-1.0, -0.518348643398996, -1.0]",2.7923790769349366,2.7923790769349366,1.0
"[1.0, -0.5138284129061023, 1.0]","[-1.0, -0.5138284129061023, -1.0]",3.29226870952236,3.29226870952236,1.0
"[1.0, -0.2531857171256742, 1.0]","[-1.0, -0.2531857171256742, -1.0]",5.873285146094289,5.873285146094289,1.0
"[1.0, 0.5138767657659872, 1.0]","[-1.0, 0.5138767657659872, -1.0]",3.2918974677507977,3.2918974677507977,1.0
"[1.0, 3.5770727982740365, 1.0]","[-1.0, 3.5770727982740365, -1.0]",3.1332314836284145,3.1332314836284145,1.0
"[1.0, 3.6544241429115725, 1.0]","[-1.0, 3.6544241429115725, -1.0]",2.953195332985001,2.953195332985001,1.0
"[1.0, 2.292398146752691, 1.0]","[-1.0, 2.292398146752691, -1.0]",1.9669091805185333,1.9669091805185333,1.0
"[1.0, 3.576381405062585, 1.0]","[-1.0, 3.576381405062585, -1.0]",3.132200791524245,3.132200791524245,1.0
"[1.0, 4.639537741646013, 1.0]","[-1.0, 4.639537741646013, -1.0]",3.7164867801754027,3.7164867801754027,1.0
"[1.0, 3.583403570708145, 1.0]","[-1.0, 3.583403570708145, -1.0]",3.046478459847318,3.046478459847318,1.0
"[1.0, 3.653422634770319, 1.0]","[-1.0, 3.653422634770319, -1.0]",2.951834786844259,2.951834786844259,1.0
"[1.0, 0.5193836911683979, 1.0]","[-1.0, 0.5193836911683979, -1.0]",2.7934181103447537,2.7934181103447537,1.0
"[1.0, 0.5184210352669514, 1.0]","[-1.0, 0.5184210352669514, -1.0]",2.793339928776575,2.793339928776575,1.0
"[1.0, -0.8118103165424225, 1.0]","[-1.0, -0.8118103165424225, -1.0]",5.635690717863117,5.635690717863117,1.0
"[1.0, -3.5774733798952387, 1.0]","[-1.0, -3.5774733798952387, -1.0]",3.1339193467146833,3.1339193467146833,1.0
"[1.0, -2.2925148794366534, 1.0]","[-1.0, -2.2925148794366534, -1.0]",1.965243617797715,1.965243617797715,1.0
"[1.0, 0.5144987298991391, 1.0]","[-1.0, 0.5144987298991391, -1.0]",3.1280942494994557,3.1280942494994557,1.0
"[1.0, 3.5775134719627033, 1.0]","[-1.0, 3.5775134719627033, -1.0]",3.136132939610705,3.136132939610705,1.0
"[1.0, 2.245505205697197, 1.0]","[-1.0, 2.245505205697197, -1.0]",2.194982195681264,2.194982195681264,1.0
"[1.0, -0.25318864099126376, 1.0]","[-1.0, -0.25318864099126376, -1.0]",5.873470123659589,5.873470123659589,1.0
"[1.0, -0.5182104906327758, 1.0]","[-1.0, -0.5182104906327758, -1.0]",3.241935865912067,3.241935865912067,1.0
"[1.0, -3.5756388787463385, 1.0]","[-1.0, -3.5756388787463385, -1.0]",3.1300030625397524,3.1300030625397524,1.0
"[1.0, -3.653383734043676, 1.0]","[-1.0, -3.653383734043676, -1.0]",2.951639879614172,2.951639879614172,1.0
"[1.0, -0.5181735749048288, 1.0]","[-1.0, -0.5181735749048288, -1.0]",2.7931001397518127,2.7931001397518127,1.0
"[1.0, -0.5190305821632614, 1.0]","[-1.0, -0.5190305821632614, -1.0]",2.7937140563784166,2.7937140563784166,1.0
"[1.0, 1.6024680726628644, 1.0]","[-1.0, 1.6024680726628644, -1.0]",4.91785293556981,4.91785293556981,1.0
"[1.0, 1.5920069592398693, 1.0]","[-1.0, 1.5920069592398693, -1.0]",4.858948053835795,4.858948053835795,1.0
"[1.0, 0.8125828157538026, 1.0]","[-1.0, 0.8125828157538026, -1.0]",5.656278396816012,5.656278396816012,1.0
"[1.0, 0.25318886511993954, 1.0]","[-1.0, 0.25318886511993954, -1.0]",5.87345161840802,5.87345161840802,1.0
"[1.0, -1.6066032705694733, 1.0]","[-1.0, -1.6066032705694733, -1.0]",4.828016706962424,4.828016706962424,1.0
"[1.0, -4.538199947173657, 1.0]","[-1.0, -4.538199947173657, -1.0]",3.847310318549628,3.847310318549628,1.0
"[1.0, -4.539135596839662, 1.0]","[-1.0, -4.539135596839662, -1.0]",3.8510374495776447,3.8510374495776447,1.0
"[1.0, -4.636985860045642, 1.0]","[-1.0, -4.636985860045642, -1.0]",3.6842251114759996,3.6842251114759996,1.0
"[1.0, -3.5764844940279144, 1.0]","[-1.0, -3.5764844940279144, -1.0]",3.131403584809488,3.131403584809488,1.0
"[1.0, -2.2451555047216916, 1.0]","[-1.0, -2.2451555047216916, -1.0]",2.1917370714207185,2.1917370714207185,1.0
"[1.0, -0.5183983552302106, 1.0]","[-1.0, -0.5183983552302106, -1.0]",2.7928897143196743,2.7928897143196743,1.0
"[1.0, -0.5241211913040325, 1.0]","[-1.0, -0.5241211913040325, -1.0]",3.0086650022771475,3.0086650022771475,1.0
"[1.0, -2.2389079482330403, 1.0]","[-1.0, -2.2389079482330403, -1.0]",2.179679813182511,2.179679813182511,1.0
"[1.0, -1.609863395264706, 1.0]","[-1.0, -1.609863395264706, -1.0]",4.819507060272017,4.819507060272017,1.0
"[1.0, -4.5395280954608515, 1.0]","[-1.0, -4.5395280954608515, -1.0]",3.8533887357674104,3.8533887357674104,1.0
"[1.0, -4.540325437422422, 1.0]","[-1.0, -4.540325437422422, -1.0]",3.854279495998083,3.854279495998083,1.0
"[1.0, -5.445622846164593, 1.0]","[-1.0, -5.445622846164593, -1.0]",4.288914073630137,4.288914073630137,1.0
"[1.0, -4.539551786507497, 1.0]","[-1.0, -4.539551786507497, -1.0]",3.8529419160558813,3.8529419160558813,1.0
"[1.0, -3.6260337832249383, 1.0]","[-1.0, -3.6260337832249383, -1.0]",3.0778894108790755,3.0778894108790755,1.0
"[1.0, -2.2908905222802884, 1.0]","[-1.0, -2.2908905222802884, -1.0]",1.9648373232150036,1.9648373232150036,1.0
"[1.0, -2.290567230410391, 1.0]","[-1.0, -2.290567230410391, -1.0]",1.9649192054597844,1.9649192054597844,1.0
"[1.0, -2.291523865204748, 1.0]","[-1.0, -2.291523865204748, -1.0]",1.9637047919625268,1.9637047919625268,1.0
"[1.0, -0.5187078937279028, 1.0]","[-1.0, -0.5187078937279028, -1.0]",2.793505646626292,2.793505646626292,1.0
"[1.0, 0.5182120524240408, 1.0]","[-1.0, 0.5182120524240408, -1.0]",2.7932043776407944,2.7932043776407944,1.0
"[1.0, 0.5246417838699096, 1.0]","[-1.0, 0.5246417838699096, -1.0]",3.1081893127999556,3.1081893127999556,1.0
"[1.0, -1.611080292269441, 1.0]","[-1.0, -1.611080292269441, -1.0]",4.856129778192133,4.856129778192133,1.0
"[1.0, -1.5931212025821864, 1.0]","[-1.0, -1.5931212025821864, -1.0]",4.8176432509391285,4.8176432509391285,1.0
"[1.0, -0.5138949784791299, 1.0]","[-1.0, -0.5138949784791299, -1.0]",3.291917125175898,3.291917125175898,1.0
"[1.0, -0.5178064204917233, 1.0]","[-1.0, -0.5178064204917233, -1.0]",2.792558802421302,2.792558802421302,1.0
"[1.0, 0.5183954299821752, 1.0]","[-1.0, 0.5183954299821752, -1.0]",2.9050072326395644,2.9050072326395644,1.0
"[1.0, -2.241209903343431, 1.0]","[-1.0, -2.241209903343431, -1.0]",2.1870581418068635,2.1870581418068635,1.0
"[1.0, -2.2350021378692095, 1.0]","[-1.0, -2.2350021378692095, -1.0]",2.163525510383145,2.163525510383145,1.0
"[1.0, -2.237205671561434, 1.0]","[-1.0, -2.237205671561434, -1.0]",2.068761648218649,2.068761648218649,1.0
"[1.0, -2.280516231452006, 1.0]","[-1.0, -2.280516231452006, -1.0]",2.1742889880984317,2.1742889880984317,1.0
"[1.0, -3.581328749624454, 1.0]","[-1.0, -3.581328749624454, -1.0]",3.1384712881253978,3.1384712881253978,1.0
"[1.0, -4.633627571798877, 1.0]","[-1.0, -4.633627571798877, -1.0]",3.67593151447838,3.67593151447838,1.0
"[1.0, -5.336119569435359, 1.0]","[-1.0, -5.336119569435359, -1.0]",4.46304519737501,4.46304519737501,1.0
"[1.0, -4.568773829305565, 1.0]","[-1.0, -4.568773829305565, -1.0]",3.816809204659569,3.816809204659569,1.0
"[1.0, -3.5711520502298004, 1.0]","[-1.0, -3.5711520502298004, -1.0]",3.0989916225691716,3.0989916225691716,1.0
"[1.0, -0.5183700279397081, 1.0]","[-1.0, -0.5183700279397081, -1.0]",2.7924991372082784,2.7924991372082784,1.0
"[1.0, -0.5183980401733788, 1.0]","[-1.0, -0.5183980401733788, -1.0]",2.792202804860989,2.792202804860989,1.0
"[1.0, -2.23689931286315, 1.0]","[-1.0, -2.23689931286315, -1.0]",2.0295295626255174,2.0295295626255174,1.0
"[1.0, -2.281838176155158, 1.0]","[-1.0, -2.281838176155158, -1.0]",1.9902162206706162,1.9902162206706162,1.0
"[1.0, -0.5139498678207032, 1.0]","[-1.0, -0.5139498678207032, -1.0]",3.291358298679438,3.291358298679438,1.0
"[1.0, -0.5193969555662423, 1.0]","[-1.0, -0.5193969555662423, -1.0]",2.793503999814041,2.793503999814041,1.0
"[1.0, -2.25257987318811, 1.0]","[-1.0, -2.25257987318811, -1.0]",2.195755092089224,2.195755092089224,1.0
"[1.0, -1.604230136078719, 1.0]","[-1.0, -1.604230136078719, -1.0]",4.866169613781075,4.866169613781075,1.0
"[1.0, -0.5139158911388019, 1.0]","[-1.0, -0.5139158911388019, -1.0]",3.2914481868382657,3.2914481868382657,1.0
"[1.0, 1.5959185686950257, 1.0]","[-1.0, 1.5959185686950257, -1.0]",4.803111388815479,4.803111388815479,1.0
"[1.0, 0.25319031230107375, 1.0]","[-1.0, 0.25319031230107375, -1.0]",5.872820781736569,5.872820781736569,1.0
"[1.0, -1.6045484128440854, 1.0]","[-1.0, -1.6045484128440854, -1.0]",4.909637389963984,4.909637389963984,1.0
"[1.0, -1.610832274763936, 1.0]","[-1.0, -1.610832274763936, -1.0]",4.8647453060777215,4.8647453060777215,1.0
"[1.0, 0.5137026167508123, 1.0]","[-1.0, 0.5137026167508123, -1.0]",3.291891169408378,3.291891169408378,1.0
"[1.0, 2.2434838064084444, 1.0]","[-1.0, 2.2434838064084444, -1.0]",2.1913264973314344,2.1913264973314344,1.0
"[1.0, 3.577170522211317, 1.0]","[-1.0, 3.577170522211317, -1.0]",3.13457700492476,3.13457700492476,1.0
"[1.0, 4.538579091698737, 1.0]","[-1.0, 4.538579091698737, -1.0]",3.759007474784179,3.759007474784179,1.0
"[1.0, 5.333638559072117, 1.0]","[-1.0, 5.333638559072117, -1.0]",4.460075567230532,4.460075567230532,1.0
"[1.0, 3.5784686773620646, 1.0]","[-1.0, 3.5784686773620646, -1.0]",3.136619945027266,3.136619945027266,1.0
"[1.0, 2.2554851252621546, 1.0]","[-1.0, 2.2554851252621546, -1.0]",2.198898929802681,2.198898929802681,1.0
"[1.0, 0.5170645001715461, 1.0]","[-1.0, 0.5170645001715461, -1.0]",2.998047391078398,2.998047391078398,1.0
"[1.0, 0.5068869952960153, 1.0]","[-1.0, 0.5068869952960153, -1.0]",3.157872768915274,3.157872768915274,1.0
"[1.0, -0.5139220041230431, 1.0]","[-1.0, -0.5139220041230431, -1.0]",3.2921913959636724,3.2921913959636724,1.0
"[1.0, 2.2439803130094607, 1.0]","[-1.0, 2.2439803130094607, -1.0]",2.1920834009770043,2.1920834009770043,1.0
"[1.0, 2.2442976924309677, 1.0]","[-1.0, 2.2442976924309677, -1.0]",2.1922673897965645,2.1922673897965645,1.0
"[1.0, 2.2930421869479876, 1.0]","[-1.0, 2.2930421869479876, -1.0]",1.9661391944809878,1.9661391944809878,1.0
"[1.0, -0.5185901038901299, 1.0]","[-1.0, -0.5185901038901299, -1.0]",2.793078020653031,2.793078020653031,1.0
"[1.0, -0.5183863062490994, 1.0]","[-1.0, -0.5183863062490994, -1.0]",2.7924296991816897,2.7924296991816897,1.0
"[1.0, -0.518409420341733, 1.0]","[-1.0, -0.518409420341733, -1.0]",2.792689925374071,2.792689925374071,1.0
"[1.0, -2.2442483601916505, 1.0]","[-1.0, -2.2442483601916505, -1.0]",2.19341711118422,2.19341711118422,1.0
"[1.0, -3.5760308510687757, 1.0]","[-1.0, -3.5760308510687757, -1.0]",3.132588411256925,3.132588411256925,1.0
"[1.0, -4.636715218644859, 1.0]","[-1.0, -4.636715218644859, -1.0]",3.681845757717585,3.681845757717585,1.0
"[1.0, -1.6095470491205242, 1.0]","[-1.0, -1.6095470491205242, -1.0]",4.847023934639912,4.847023934639912,1.0
"[1.0, 0.8113477141782758, 1.0]","[-1.0, 0.8113477141782758, -1.0]",5.629425989751192,5.629425989751192,1.0
"[1.0, 0.8101838122605353, 1.0]","[-1.0, 0.8101838122605353, -1.0]",5.626300222190439,5.626300222190439,1.0
"[1.0, 1.605051892992705, 1.0]","[-1.0, 1.605051892992705, -1.0]",4.765216431651858,4.765216431651858,1.0
"[1.0, 0.51389024532781, 1.0]","[-1.0, 0.51389024532781, -1.0]",3.29220633367779,3.29220633367779,1.0
"[1.0, 4.538615369714001, 1.0]","[-1.0, 4.538615369714001, -1.0]",3.850613223406486,3.850613223406486,1.0
"[1.0, 5.44576783891977, 1.0]","[-1.0, 5.44576783891977, -1.0]",4.289691399595622,4.289691399595622,1.0
"[1.0, 3.577186525661399, 1.0]","[-1.0, 3.577186525661399, -1.0]",3.1355872692144,3.1355872692144,1.0
"[1.0, 1.6041099702081874, 1.0]","[-1.0, 1.6041099702081874, -1.0]",4.768660874410671,4.768660874410671,1.0
"[1.0, 4.541097538305581, 1.0]","[-1.0, 4.541097538305581, -1.0]",3.8557605830632284,3.8557605830632284,1.0
"[1.0, 3.5784828532978383, 1.0]","[-1.0, 3.5784828532978383, -1.0]",3.1362570175164772,3.1362570175164772,1.0
"[1.0, 2.252089142722885, 1.0]","[-1.0, 2.252089142722885, -1.0]",2.1727664503908324,2.1727664503908324,1.0
"[1.0, 0.5133804863888037, 1.0]","[-1.0, 0.5133804863888037, -1.0]",3.0988465284949935,3.0988465284949935,1.0
"[1.0, 2.246227460658599, 1.0]","[-1.0, 2.246227460658599, -1.0]",2.1958903999976,2.1958903999976,1.0
"[1.0, 2.290781658692211, 1.0]","[-1.0, 2.290781658692211, -1.0]",1.9630783273547268,1.9630783273547268,1.0
"[1.0, 2.291182396449264, 1.0]","[-1.0, 2.291182396449264, -1.0]",1.9627966489594797,1.9627966489594797,1.0
"[1.0, 2.247426911523164, 1.0]","[-1.0, 2.247426911523164, -1.0]",2.196314833987723,2.196314833987723,1.0
"[1.0, -0.5139051777700215, 1.0]","[-1.0, -0.5139051777700215, -1.0]",3.2922889946388816,3.2922889946388816,1.0
"[1.0, 0.8105972961640227, 1.0]","[-1.0, 0.8105972961640227, -1.0]",5.625975524519289,5.625975524519289,1.0
"[1.0, -0.8102232321654321, 1.0]","[-1.0, -0.8102232321654321, -1.0]",5.6259039245712374,5.6259039245712374,1.0
"[1.0, -2.2708194571057154, 1.0]","[-1.0, -2.2708194571057154, -1.0]",6.117094094943124,6.117094094943124,1.0
"[1.0, -4.5416198454452585, 1.0]","[-1.0, -4.5416198454452585, -1.0]",3.8567705746795378,3.8567705746795378,1.0
"[1.0, -5.444106484549493, 1.0]","[-1.0, -5.444106484549493, -1.0]",4.285873121804817,4.285873121804817,1.0
"[1.0, -4.634765858592506, 1.0]","[-1.0, -4.634765858592506, -1.0]",3.679434377226428,3.679434377226428,1.0
"[1.0, -4.63365493153817, 1.0]","[-1.0, -4.63365493153817, -1.0]",3.6758020077289917,3.6758020077289917,1.0
"[1.0, -2.285988593731937, 1.0]","[-1.0, -2.285988593731937, -1.0]",1.9601323864096676,1.9601323864096676,1.0
"[1.0, -2.2862104354040462, 1.0]","[-1.0, -2.2862104354040462, -1.0]",1.9593030480399378,1.9593030480399378,1.0
"[1.0, -0.5185347140824406, 1.0]","[-1.0, -0.5185347140824406, -1.0]",2.792516909030099,2.792516909030099,1.0
"[1.0, -2.248079770085096, 1.0]","[-1.0, -2.248079770085096, -1.0]",2.1966402664654217,2.1966402664654217,1.0
"[1.0, -2.2866956585950895, 1.0]","[-1.0, -2.2866956585950895, -1.0]",1.9617368637734254,1.9617368637734254,1.0
"[1.0, -2.2684614592730523, 1.0]","[-1.0, -2.2684614592730523, -1.0]",2.191437915876244,2.191437915876244,1.0
"[1.0, -2.282879876026337, 1.0]","[-1.0, -2.282879876026337, -1.0]",1.959333431650104,1.959333431650104,1.0
"[1.0, 0.5183576416688891, 1.0]","[-1.0, 0.5183576416688891, -1.0]",2.7922048783031572,2.7922048783031572,1.0
"[1.0, -0.51431250042044, 1.0]","[-1.0, -0.51431250042044, -1.0]",3.2917651521380185,3.2917651521380185,1.0
"[1.0, 2.247893755799595, 1.0]","[-1.0, 2.247893755799595, -1.0]",2.195387144487037,2.195387144487037,1.0
"[1.0, 2.289874689874777, 1.0]","[-1.0, 2.289874689874777, -1.0]",1.9630883130894687,1.9630883130894687,1.0
"[1.0, 2.2887132958201253, 1.0]","[-1.0, 2.2887132958201253, -1.0]",1.962006991090131,1.962006991090131,1.0
"[1.0, 4.54134578312772, 1.0]","[-1.0, 4.54134578312772, -1.0]",3.856516392382592,3.856516392382592,1.0
"[1.0, 5.443927192386359, 1.0]","[-1.0, 5.443927192386359, -1.0]",4.284567716923497,4.284567716923497,1.0
"[1.0, 5.443783020209465, 1.0]","[-1.0, 5.443783020209465, -1.0]",4.284851266512732,4.284851266512732,1.0
"[1.0, 5.443750065091338, 1.0]","[-1.0, 5.443750065091338, -1.0]",4.284963764060417,4.284963764060417,1.0
"[1.0, 7.355856771921298, 1.0]","[-1.0, 7.355856771921298, -1.0]",5.733061919076472,5.733061919076472,1.0
"[1.0, 6.146728366518726, 1.0]","[-1.0, 6.146728366518726, -1.0]",4.816272086545855,4.816272086545855,1.0
"[1.0, 6.777896835268997, 1.0]","[-1.0, 6.777896835268997, -1.0]",5.294688387893839,5.294688387893839,1.0
"[1.0, 7.890870451611637, 1.0]","[-1.0, 7.890870451611637, -1.0]",6.139636760031437,6.139636760031437,1.0
"[1.0, 7.354556735478185, 1.0]","[-1.0, 7.354556735478185, -1.0]",5.73203335408794,5.73203335408794,1.0
"[1.0, 7.354310398527967, 1.0]","[-1.0, 7.354310398527967, -1.0]",5.731521345268797,5.731521345268797,1.0
"[1.0, 7.353924318141364, 1.0]","[-1.0, 7.353924318141364, -1.0]",5.731772447413687,5.731772447413687,1.0
"[1.0, 6.145105690668279, 1.0]","[-1.0, 6.145105690668279, -1.0]",4.814382003699836,4.814382003699836,1.0
"[1.0, 4.540695811145555, 1.0]","[-1.0, 4.540695811145555, -1.0]",3.8504204047848485,3.8504204047848485,1.0
"[1.0, 5.440568415534714, 1.0]","[-1.0, 5.440568415534714, -1.0]",4.282269570840286,4.282269570840286,1.0
"[1.0, 6.146524930836226, 1.0]","[-1.0, 6.146524930836226, -1.0]",4.817018959697052,4.817018959697052,1.0
"[1.0, 6.776782797259189, 1.0]","[-1.0, 6.776782797259189, -1.0]",5.2924780618960146,5.2924780618960146,1.0
"[1.0, 4.6270037733940095, 1.0]","[-1.0, 4.6270037733940095, -1.0]",3.684149663327229,3.684149663327229,1.0
"[1.0, 5.440910116325891, 1.0]","[-1.0, 5.440910116325891, -1.0]",4.281592260041834,4.281592260041834,1.0
"[1.0, 6.144747688132978, 1.0]","[-1.0, 6.144747688132978, -1.0]",4.813453441427184,4.813453441427184,1.0
"[1.0, 7.353558567704138, 1.0]","[-1.0, 7.353558567704138, -1.0]",5.731116383076756,5.731116383076756,1.0
"[1.0, 6.14430833293994, 1.0]","[-1.0, 6.14430833293994, -1.0]",4.814294508730203,4.814294508730203,1.0
"[1.0, 4.545600812884463, 1.0]","[-1.0, 4.545600812884463, -1.0]",3.8597427743718815,3.8597427743718815,1.0
"[1.0, 6.145179694722518, 1.0]","[-1.0, 6.145179694722518, -1.0]",4.814603161658821,4.814603161658821,1.0
"[1.0, 5.441001530833039, 1.0]","[-1.0, 5.441001530833039, -1.0]",4.283583144808145,4.283583144808145,1.0
"[1.0, 4.635959813507528, 1.0]","[-1.0, 4.635959813507528, -1.0]",3.680839105313083,3.680839105313083,1.0
"[1.0, 6.1448687850040296, 1.0]","[-1.0, 6.1448687850040296, -1.0]",4.814323891688933,4.814323891688933,1.0
"[1.0, 3.589025664443788, 1.0]","[-1.0, 3.589025664443788, -1.0]",3.140069800727912,3.140069800727912,1.0
"[1.0, 5.440978857412655, 1.0]","[-1.0, 5.440978857412655, -1.0]",4.282002061532554,4.282002061532554,1.0
"[1.0, 3.578387303065395, 1.0]","[-1.0, 3.578387303065395, -1.0]",3.1360773718691655,3.1360773718691655,1.0
"[1.0, 2.269707685935745, 1.0]","[-1.0, 2.269707685935745, -1.0]",6.123521311535723,6.123521311535723,1.0
"[1.0, 0.810125981817998, 1.0]","[-1.0, 0.810125981817998, -1.0]",5.625880232774054,5.625880232774054,1.0
"[1.0, 4.540932676885889, 1.0]","[-1.0, 4.540932676885889, -1.0]",3.85577380222726,3.85577380222726,1.0
"[1.0, 3.6517580614823015, 1.0]","[-1.0, 3.6517580614823015, -1.0]",2.946970787843319,2.946970787843319,1.0
"[1.0, 2.234876720491218, 1.0]","[-1.0, 2.234876720491218, -1.0]",2.0863226700390447,2.0863226700390447,1.0
"[1.0, 2.301151154895341, 1.0]","[-1.0, 2.301151154895341, -1.0]",1.9998041427735236,1.9998041427735236,1.0
"[1.0, 0.5183978331636786, 1.0]","[-1.0, 0.5183978331636786, -1.0]",2.7920037011272325,2.7920037011272325,1.0
"[1.0, 0.8102238285899357, 1.0]","[-1.0, 0.8102238285899357, -1.0]",5.6253686809274885,5.6253686809274885,1.0
"[1.0, 0.2531872138716557, 1.0]","[-1.0, 0.2531872138716557, -1.0]",5.872770301065701,5.872770301065701,1.0
"[1.0, 1.6045947959387095, 1.0]","[-1.0, 1.6045947959387095, -1.0]",4.764703725048879,4.764703725048879,1.0
"[1.0, 0.5139248551038982, 1.0]","[-1.0, 0.5139248551038982, -1.0]",3.292353644417411,3.292353644417411,1.0
"[1.0, 0.5145481456394168, 1.0]","[-1.0, 0.5145481456394168, -1.0]",3.2911371844012485,3.2911371844012485,1.0
"[1.0, 3.578762615137872, 1.0]","[-1.0, 3.578762615137872, -1.0]",3.136039486742325,3.136039486742325,1.0
"[1.0, 2.2895942045597018, 1.0]","[-1.0, 2.2895942045597018, -1.0]",1.96275627049892,1.96275627049892,1.0
"[1.0, 2.241347417693041, 1.0]","[-1.0, 2.241347417693041, -1.0]",2.005654021153032,2.005654021153032,1.0
"[1.0, 0.5182438369944558, 1.0]","[-1.0, 0.5182438369944558, -1.0]",2.7925850853187937,2.7925850853187937,1.0
"[1.0, -2.249639085041676, 1.0]","[-1.0, -2.249639085041676, -1.0]",2.197002603256017,2.197002603256017,1.0
"[1.0, -2.2895445364055083, 1.0]","[-1.0, -2.2895445364055083, -1.0]",1.9618903828461352,1.9618903828461352,1.0
"[1.0, -2.289203328122507, 1.0]","[-1.0, -2.289203328122507, -1.0]",1.9633438327207349,1.9633438327207349,1.0
"[1.0, -0.5190188784629807, 1.0]","[-1.0, -0.5190188784629807, -1.0]",2.7940846512778443,2.7940846512778443,1.0
"[1.0, 2.2676249997675577, 1.0]","[-1.0, 2.2676249997675577, -1.0]",2.1896369068677863,2.1896369068677863,1.0
"[1.0, 2.2835217600617854, 1.0]","[-1.0, 2.2835217600617854, -1.0]",1.9621246164153126,1.9621246164153126,1.0
"[1.0, 2.2845353866659903, 1.0]","[-1.0, 2.2845353866659903, -1.0]",1.9595153338774056,1.9595153338774056,1.0
"[1.0, 3.6511613358165076, 1.0]","[-1.0, 3.6511613358165076, -1.0]",2.9484729424192233,2.9484729424192233,1.0
"[1.0, 4.635110114727141, 1.0]","[-1.0, 4.635110114727141, -1.0]",3.6789530930442265,3.6789530930442265,1.0
"[1.0, 5.4436345347460335, 1.0]","[-1.0, 5.4436345347460335, -1.0]",4.28521794938623,4.28521794938623,1.0
"[1.0, 5.443038381839231, 1.0]","[-1.0, 5.443038381839231, -1.0]",4.285261085253171,4.285261085253171,1.0
"[1.0, 4.536157256678754, 1.0]","[-1.0, 4.536157256678754, -1.0]",3.8086244907764106,3.8086244907764106,1.0
"[1.0, 1.5954032936879312, 1.0]","[-1.0, 1.5954032936879312, -1.0]",4.825220349813648,4.825220349813648,1.0
"[1.0, 0.25318454211811287, 1.0]","[-1.0, 0.25318454211811287, -1.0]",5.873380566840382,5.873380566840382,1.0
"[1.0, 0.5182692644460476, 1.0]","[-1.0, 0.5182692644460476, -1.0]",3.1286759244797295,3.1286759244797295,1.0
"[1.0, -2.2684588939081216, 1.0]","[-1.0, -2.2684588939081216, -1.0]",2.1903742924059264,2.1903742924059264,1.0
"[1.0, -3.65209561955587, 1.0]","[-1.0, -3.65209561955587, -1.0]",2.9487916411445303,2.9487916411445303,1.0
"[1.0, -3.6512205665930666, 1.0]","[-1.0, -3.6512205665930666, -1.0]",2.94811674011681,2.94811674011681,1.0
"[1.0, -4.634445025235845, 1.0]","[-1.0, -4.634445025235845, -1.0]",3.677253773970993,3.677253773970993,1.0
"[1.0, -5.434051126296383, 1.0]","[-1.0, -5.434051126296383, -1.0]",4.3440946173572454,4.3440946173572454,1.0
"[1.0, -3.6586479372253344, 1.0]","[-1.0, -3.6586479372253344, -1.0]",2.9995527814334735,2.9995527814334735,1.0
"[1.0, -4.632198406537951, 1.0]","[-1.0, -4.632198406537951, -1.0]",3.674265944338687,3.674265944338687,1.0
"[1.0, -3.5844383610498363, 1.0]","[-1.0, -3.5844383610498363, -1.0]",3.140784574658852,3.140784574658852,1.0
"[1.0, -3.581100371245894, 1.0]","[-1.0, -3.581100371245894, -1.0]",3.138310249987293,3.138310249987293,1.0
"[1.0, -2.237026953713954, 1.0]","[-1.0, -2.237026953713954, -1.0]",2.1500311992544,2.1500311992544,1.0
"[1.0, 0.51392562539719, 1.0]","[-1.0, 0.51392562539719, -1.0]",3.292554530705684,3.292554530705684,1.0
"[1.0, 2.2481956092812068, 1.0]","[-1.0, 2.2481956092812068, -1.0]",2.1969440648154763,2.1969440648154763,1.0
"[1.0, 3.6513948429429615, 1.0]","[-1.0, 3.6513948429429615, -1.0]",2.9461075358497304,2.9461075358497304,1.0
"[1.0, 0.5183903834705008, 1.0]","[-1.0, 0.5183903834705008, -1.0]",2.792398895750041,2.792398895750041,1.0
"[1.0, 0.5183921619877367, 1.0]","[-1.0, 0.5183921619877367, -1.0]",2.792196787981178,2.792196787981178,1.0
"[1.0, 2.235523927652568, 1.0]","[-1.0, 2.235523927652568, -1.0]",2.1186850226109413,2.1186850226109413,1.0
"[1.0, 4.540191509605751, 1.0]","[-1.0, 4.540191509605751, -1.0]",3.8545050938890375,3.8545050938890375,1.0
"[1.0, 3.648404154868529, 1.0]","[-1.0, 3.648404154868529, -1.0]",2.944492403176447,2.944492403176447,1.0
"[1.0, 4.632511412888452, 1.0]","[-1.0, 4.632511412888452, -1.0]",3.674382913122823,3.674382913122823,1.0
"[1.0, 4.632398515341241, 1.0]","[-1.0, 4.632398515341241, -1.0]",3.6751849938207717,3.6751849938207717,1.0
"[1.0, 4.632375377050012, 1.0]","[-1.0, 4.632375377050012, -1.0]",3.676328795794504,3.676328795794504,1.0
"[1.0, 3.5724956806949315, 1.0]","[-1.0, 3.5724956806949315, -1.0]",3.1032663355881347,3.1032663355881347,1.0
"[1.0, 5.442620419472061, 1.0]","[-1.0, 5.442620419472061, -1.0]",4.282927922665029,4.282927922665029,1.0
"[1.0, 6.777348520896895, 1.0]","[-1.0, 6.777348520896895, -1.0]",5.293771699679173,5.293771699679173,1.0
"[1.0, 4.63892605208726, 1.0]","[-1.0, 4.63892605208726, -1.0]",3.698621163698373,3.698621163698373,1.0
"[1.0, 4.546599306201896, 1.0]","[-1.0, 4.546599306201896, -1.0]",3.860443457965483,3.860443457965483,1.0
"[1.0, 3.5821609644411105, 1.0]","[-1.0, 3.5821609644411105, -1.0]",3.138815969616763,3.138815969616763,1.0
"[1.0, 2.3014464522923768, 1.0]","[-1.0, 2.3014464522923768, -1.0]",2.0298094126794397,2.0298094126794397,1.0
"[1.0, -0.5183803418256667, 1.0]","[-1.0, -0.5183803418256667, -1.0]",2.7925597985465616,2.7925597985465616,1.0
"[1.0, 1.6044556564977832, 1.0]","[-1.0, 1.6044556564977832, -1.0]",4.76841523946946,4.76841523946946,1.0
"[1.0, 2.2517058630055904, 1.0]","[-1.0, 2.2517058630055904, -1.0]",2.1979145691675024,2.1979145691675024,1.0
"[1.0, 0.518392085625486, 1.0]","[-1.0, 0.518392085625486, -1.0]",2.792611855610016,2.792611855610016,1.0
"[1.0, -2.2411342532046197, 1.0]","[-1.0, -2.2411342532046197, -1.0]",2.1615111481924996,2.1615111481924996,1.0
"[1.0, 0.5243033730728794, 1.0]","[-1.0, 0.5243033730728794, -1.0]",2.872764502890451,2.872764502890451,1.0
"[1.0, 3.5775443574682404, 1.0]","[-1.0, 3.5775443574682404, -1.0]",3.135291613716323,3.135291613716323,1.0
"[1.0, 4.63524590206722, 1.0]","[-1.0, 4.63524590206722, -1.0]",3.678745012485219,3.678745012485219,1.0
"[1.0, 4.541292954295511, 1.0]","[-1.0, 4.541292954295511, -1.0]",3.8555526593407543,3.8555526593407543,1.0
"[1.0, 2.263446750476746, 1.0]","[-1.0, 2.263446750476746, -1.0]",6.14488596910185,6.14488596910185,1.0
"[1.0, 4.543268952799996, 1.0]","[-1.0, 4.543268952799996, -1.0]",3.8578656410179892,3.8578656410179892,1.0
"[1.0, 4.543559748434659, 1.0]","[-1.0, 4.543559748434659, -1.0]",3.859437127984951,3.859437127984951,1.0
"[1.0, 3.5823231440730043, 1.0]","[-1.0, 3.5823231440730043, -1.0]",3.1404833949541704,3.1404833949541704,1.0
"[1.0, 4.5358997369529, 1.0]","[-1.0, 4.5358997369529, -1.0]",3.8008632367355015,3.8008632367355015,1.0
"[1.0, 2.252802780737903, 1.0]","[-1.0, 2.252802780737903, -1.0]",2.197741273297864,2.197741273297864,1.0
"[1.0, 3.5816695298097416, 1.0]","[-1.0, 3.5816695298097416, -1.0]",3.1402361058211965,3.1402361058211965,1.0
"[1.0, 0.5183959320850384, 1.0]","[-1.0, 0.5183959320850384, -1.0]",2.792242112070363,2.792242112070363,1.0
"[1.0, -0.2531864971333962, 1.0]","[-1.0, -0.2531864971333962, -1.0]",5.872876261984941,5.872876261984941,1.0
"[1.0, 3.581908280919879, 1.0]","[-1.0, 3.581908280919879, -1.0]",3.1393172557075615,3.1393172557075615,1.0
"[1.0, 3.649729921179276, 1.0]","[-1.0, 3.649729921179276, -1.0]",2.945962332372586,2.945962332372586,1.0
"[1.0, 5.441976568211455, 1.0]","[-1.0, 5.441976568211455, -1.0]",4.282929361229237,4.282929361229237,1.0
"[1.0, 5.4416942028666755, 1.0]","[-1.0, 5.4416942028666755, -1.0]",4.28293571157376,4.28293571157376,1.0
"[1.0, 6.777223497564124, 1.0]","[-1.0, 6.777223497564124, -1.0]",5.293191442508651,5.293191442508651,1.0
"[1.0, 5.44218831346284, 1.0]","[-1.0, 5.44218831346284, -1.0]",4.282517919640302,4.282517919640302,1.0
"[1.0, 4.544177918276697, 1.0]","[-1.0, 4.544177918276697, -1.0]",3.8595079426347736,3.8595079426347736,1.0
"[1.0, 3.5857717322371, 1.0]","[-1.0, 3.5857717322371, -1.0]",3.1421970234856986,3.1421970234856986,1.0
"[1.0, 3.6489962849515987, 1.0]","[-1.0, 3.6489962849515987, -1.0]",2.9447861230871673,2.9447861230871673,1.0
"[1.0, 3.6493910582766627, 1.0]","[-1.0, 3.6493910582766627, -1.0]",2.9455911871402347,2.9455911871402347,1.0
"[1.0, 1.60308684238247, 1.0]","[-1.0, 1.60308684238247, -1.0]",4.774784410436864,4.774784410436864,1.0
"[1.0, 3.582542778871243, 1.0]","[-1.0, 3.582542778871243, -1.0]",3.140334982859705,3.140334982859705,1.0
"[1.0, 3.581550637335114, 1.0]","[-1.0, 3.581550637335114, -1.0]",3.139535750404227,3.139535750404227,1.0
"[1.0, 2.2525651761132934, 1.0]","[-1.0, 2.2525651761132934, -1.0]",2.1972302247219333,2.1972302247219333,1.0
"[1.0, 0.5183889787992152, 1.0]","[-1.0, 0.5183889787992152, -1.0]",2.792267384979201,2.792267384979201,1.0
"[1.0, 2.283036300942324, 1.0]","[-1.0, 2.283036300942324, -1.0]",1.9582035007373062,1.9582035007373062,1.0
"[1.0, 3.6488896473978163, 1.0]","[-1.0, 3.6488896473978163, -1.0]",2.9443178028713186,2.9443178028713186,1.0
"[1.0, 2.2505614539572325, 1.0]","[-1.0, 2.2505614539572325, -1.0]",2.1965938413828088,2.1965938413828088,1.0
"[1.0, 2.2834293194813116, 1.0]","[-1.0, 2.2834293194813116, -1.0]",1.9583323230857277,1.9583323230857277,1.0
"[1.0, 0.5167727267145925, 1.0]","[-1.0, 0.5167727267145925, -1.0]",2.7943522257995537,2.7943522257995537,1.0
"[1.0, -2.2454785674482554, 1.0]","[-1.0, -2.2454785674482554, -1.0]",2.194308605774817,2.194308605774817,1.0
"[1.0, -2.289077037502085, 1.0]","[-1.0, -2.289077037502085, -1.0]",1.9609077714497296,1.9609077714497296,1.0
"[1.0, -0.5184013613587974, 1.0]","[-1.0, -0.5184013613587974, -1.0]",2.7924276423648067,2.7924276423648067,1.0
"[1.0, 2.246810790141816, 1.0]","[-1.0, 2.246810790141816, -1.0]",2.035187494276895,2.035187494276895,1.0
"[1.0, 3.649893761667696, 1.0]","[-1.0, 3.649893761667696, -1.0]",2.9447249143804792,2.9447249143804792,1.0
"[1.0, 3.649739147720144, 1.0]","[-1.0, 3.649739147720144, -1.0]",2.9455525155960878,2.9455525155960878,1.0
"[1.0, 4.633781714675859, 1.0]","[-1.0, 4.633781714675859, -1.0]",3.675919247980878,3.675919247980878,1.0
"[1.0, 2.2859260393394445, 1.0]","[-1.0, 2.2859260393394445, -1.0]",1.9607365762039553,1.9607365762039553,1.0
"[1.0, 0.5097256252435554, 1.0]","[-1.0, 0.5097256252435554, -1.0]",2.9761348057562196,2.9761348057562196,1.0
"[1.0, -2.2344117059910578, 1.0]","[-1.0, -2.2344117059910578, -1.0]",2.0857034092017197,2.0857034092017197,1.0
"[1.0, 0.5184180950846353, 1.0]","[-1.0, 0.5184180950846353, -1.0]",2.792804781750782,2.792804781750782,1.0
"[1.0, 1.609829522676267, 1.0]","[-1.0, 1.609829522676267, -1.0]",4.7834194918055735,4.7834194918055735,1.0
"[1.0, 3.5797621629535104, 1.0]","[-1.0, 3.5797621629535104, -1.0]",3.137565576008506,3.137565576008506,1.0
"[1.0, 0.5183959610491377, 1.0]","[-1.0, 0.5183959610491377, -1.0]",2.7927330561670614,2.7927330561670614,1.0
"[1.0, 0.5139157127164208, 1.0]","[-1.0, 0.5139157127164208, -1.0]",3.2918866027428595,3.2918866027428595,1.0
"[1.0, -2.2467770645966905, 1.0]","[-1.0, -2.2467770645966905, -1.0]",2.1952457954599174,2.1952457954599174,1.0
"[1.0, 0.518405077736468, 1.0]","[-1.0, 0.518405077736468, -1.0]",2.7921293825927713,2.7921293825927713,1.0
"[1.0, 0.518280119110109, 1.0]","[-1.0, 0.518280119110109, -1.0]",2.7926713956233455,2.7926713956233455,1.0
"[1.0, -0.5210318895277335, 1.0]","[-1.0, -0.5210318895277335, -1.0]",2.819293031405383,2.819293031405383,1.0
"[1.0, -2.2897639702853176, 1.0]","[-1.0, -2.2897639702853176, -1.0]",2.143783259953625,2.143783259953625,1.0
"[1.0, -2.3029450456604836, 1.0]","[-1.0, -2.3029450456604836, -1.0]",2.0280582809823415,2.0280582809823415,1.0
"[1.0, -3.5887685379238223, 1.0]","[-1.0, -3.5887685379238223, -1.0]",3.0091332113132494,3.0091332113132494,1.0
"[1.0, -3.6512638567604903, 1.0]","[-1.0, -3.6512638567604903, -1.0]",2.9456532645248115,2.9456532645248115,1.0
"[1.0, -0.5183923802510659, 1.0]","[-1.0, -0.5183923802510659, -1.0]",2.7923877140403865,2.7923877140403865,1.0
"[1.0, 0.5139234592080731, 1.0]","[-1.0, 0.5139234592080731, -1.0]",3.292441861539497,3.292441861539497,1.0
"[1.0, 1.6023908384153187, 1.0]","[-1.0, 1.6023908384153187, -1.0]",4.768764327980359,4.768764327980359,1.0
"[1.0, -0.8102459587347722, 1.0]","[-1.0, -0.8102459587347722, -1.0]",5.6254020574846235,5.6254020574846235,1.0
"[1.0, -2.2487829437976408, 1.0]","[-1.0, -2.2487829437976408, -1.0]",2.197329900942574,2.197329900942574,1.0
"[1.0, -2.249020967668188, 1.0]","[-1.0, -2.249020967668188, -1.0]",2.196998139976558,2.196998139976558,1.0
"[1.0, -2.2492445358411066, 1.0]","[-1.0, -2.2492445358411066, -1.0]",2.197390902315101,2.197390902315101,1.0
"[1.0, -0.518394918807602, 1.0]","[-1.0, -0.518394918807602, -1.0]",2.7922130176769397,2.7922130176769397,1.0
"[1.0, 0.5183969433302519, 1.0]","[-1.0, 0.5183969433302519, -1.0]",2.7922301887651235,2.7922301887651235,1.0
"[1.0, 2.261534051983137, 1.0]","[-1.0, 2.261534051983137, -1.0]",2.187810520950044,2.187810520950044,1.0
"[1.0, 3.580422796359308, 1.0]","[-1.0, 3.580422796359308, -1.0]",3.1385101527654276,3.1385101527654276,1.0
"[1.0, 2.3028202068705212, 1.0]","[-1.0, 2.3028202068705212, -1.0]",2.0618088434221233,2.0618088434221233,1.0
"[1.0, 3.5799918443707095, 1.0]","[-1.0, 3.5799918443707095, -1.0]",3.1383689099775736,3.1383689099775736,1.0
"[1.0, 5.443431196557528, 1.0]","[-1.0, 5.443431196557528, -1.0]",4.283836083551177,4.283836083551177,1.0
"[1.0, 5.44766658618898, 1.0]","[-1.0, 5.44766658618898, -1.0]",4.356861939423235,4.356861939423235,1.0
"[1.0, 6.778626026241564, 1.0]","[-1.0, 6.778626026241564, -1.0]",5.293859432263245,5.293859432263245,1.0
"[1.0, 6.147115838882596, 1.0]","[-1.0, 6.147115838882596, -1.0]",4.81587515031375,4.81587515031375,1.0
"[1.0, 4.634351993273322, 1.0]","[-1.0, 4.634351993273322, -1.0]",3.6768822253700613,3.6768822253700613,1.0
"[1.0, 6.77825399606743, 1.0]","[-1.0, 6.77825399606743, -1.0]",5.294191318406171,5.294191318406171,1.0
"[1.0, 5.335394180302, 1.0]","[-1.0, 5.335394180302, -1.0]",4.461991510464227,4.461991510464227,1.0
"[1.0, 5.335866620976754, 1.0]","[-1.0, 5.335866620976754, -1.0]",4.463985597722775,4.463985597722775,1.0
"[1.0, 6.778232671081918, 1.0]","[-1.0, 6.778232671081918, -1.0]",5.29318664491144,5.29318664491144,1.0
"[1.0, 5.442465569172108, 1.0]","[-1.0, 5.442465569172108, -1.0]",4.282995548398032,4.282995548398032,1.0
"[1.0, 5.329549837541339, 1.0]","[-1.0, 5.329549837541339, -1.0]",4.435715800322548,4.435715800322548,1.0
"[1.0, 3.583334435868898, 1.0]","[-1.0, 3.583334435868898, -1.0]",3.140132870620527,3.140132870620527,1.0
"[1.0, 0.5119743035988189, 1.0]","[-1.0, 0.5119743035988189, -1.0]",3.109200209159076,3.109200209159076,1.0
"[1.0, 2.2864788485449847, 1.0]","[-1.0, 2.2864788485449847, -1.0]",1.9595032355786794,1.9595032355786794,1.0
"[1.0, 0.5183469172260908, 1.0]","[-1.0, 0.5183469172260908, -1.0]",2.7928753245393643,2.7928753245393643,1.0
"[1.0, -2.2820346687126043, 1.0]","[-1.0, -2.2820346687126043, -1.0]",2.1715818693806828,2.1715818693806828,1.0
"[1.0, -4.633296519692584, 1.0]","[-1.0, -4.633296519692584, -1.0]",3.6763416115975533,3.6763416115975533,1.0
"[1.0, -4.6329437588034486, 1.0]","[-1.0, -4.6329437588034486, -1.0]",3.6752216609656867,3.6752216609656867,1.0
"[1.0, -3.642404695723163, 1.0]","[-1.0, -3.642404695723163, -1.0]",2.9410481402123674,2.9410481402123674,1.0
"[1.0, -2.282291540985008, 1.0]","[-1.0, -2.282291540985008, -1.0]",1.958936244847108,1.958936244847108,1.0
"[1.0, -0.5183869301657157, 1.0]","[-1.0, -0.5183869301657157, -1.0]",2.792202337402855,2.792202337402855,1.0
"[1.0, 0.8104401933372165, 1.0]","[-1.0, 0.8104401933372165, -1.0]",5.626172690101092,5.626172690101092,1.0
"[1.0, 1.603578494898503, 1.0]","[-1.0, 1.603578494898503, -1.0]",4.767032416415392,4.767032416415392,1.0
"[1.0, 4.541793007136728, 1.0]","[-1.0, 4.541793007136728, -1.0]",3.857753150078651,3.857753150078651,1.0
"[1.0, 5.443468377326489, 1.0]","[-1.0, 5.443468377326489, -1.0]",4.285375814135596,4.285375814135596,1.0
"[1.0, 5.334353387589254, 1.0]","[-1.0, 5.334353387589254, -1.0]",4.462094420227682,4.462094420227682,1.0
"[1.0, 5.33436747027259, 1.0]","[-1.0, 5.33436747027259, -1.0]",4.461394797423502,4.461394797423502,1.0
"[1.0, 6.7781247876296975, 1.0]","[-1.0, 6.7781247876296975, -1.0]",5.2940867587693345,5.2940867587693345,1.0
"[1.0, 4.543327893376191, 1.0]","[-1.0, 4.543327893376191, -1.0]",3.8592695193603657,3.8592695193603657,1.0
"[1.0, 4.633356719980737, 1.0]","[-1.0, 4.633356719980737, -1.0]",3.6759232638937576,3.6759232638937576,1.0
"[1.0, 1.6046663695914907, 1.0]","[-1.0, 1.6046663695914907, -1.0]",4.772231818420727,4.772231818420727,1.0
"[1.0, 0.5179533961130405, 1.0]","[-1.0, 0.5179533961130405, -1.0]",2.7923189418278427,2.7923189418278427,1.0
"[1.0, -1.6042656316385857, 1.0]","[-1.0, -1.6042656316385857, -1.0]",4.770488212671979,4.770488212671979,1.0
"[1.0, -4.542409451238219, 1.0]","[-1.0, -4.542409451238219, -1.0]",3.857582181373242,3.857582181373242,1.0
"[1.0, -2.2338659430612213, 1.0]","[-1.0, -2.2338659430612213, -1.0]",2.1450879886671816,2.1450879886671816,1.0
"[1.0, -0.5224896576710655, 1.0]","[-1.0, -0.5224896576710655, -1.0]",3.0525830939097043,3.0525830939097043,1.0
"[1.0, -2.2878584042639583, 1.0]","[-1.0, -2.2878584042639583, -1.0]",1.959901063800613,1.959901063800613,1.0
"[1.0, -2.286885138421552, 1.0]","[-1.0, -2.286885138421552, -1.0]",1.960472530555525,1.960472530555525,1.0
"[1.0, -3.6496458218969883, 1.0]","[-1.0, -3.6496458218969883, -1.0]",2.945418676874474,2.945418676874474,1.0
"[1.0, -2.250837343335614, 1.0]","[-1.0, -2.250837343335614, -1.0]",2.197969035373652,2.197969035373652,1.0
"[1.0, -2.2853949265352966, 1.0]","[-1.0, -2.2853949265352966, -1.0]",1.9587491018490206,1.9587491018490206,1.0
"[1.0, -0.5183891814915397, 1.0]","[-1.0, -0.5183891814915397, -1.0]",2.79239409954457,2.79239409954457,1.0
"[1.0, -2.250125250623317, 1.0]","[-1.0, -2.250125250623317, -1.0]",2.1981967085454186,2.1981967085454186,1.0
"[1.0, -3.6490315577114183, 1.0]","[-1.0, -3.6490315577114183, -1.0]",2.9444905163513897,2.9444905163513897,1.0
"[1.0, -2.2342744032625466, 1.0]","[-1.0, -2.2342744032625466, -1.0]",2.116214216477706,2.116214216477706,1.0
"[1.0, -0.5183322522039185, 1.0]","[-1.0, -0.5183322522039185, -1.0]",2.7925668475926813,2.7925668475926813,1.0
"[1.0, -2.28108686379164, 1.0]","[-1.0, -2.28108686379164, -1.0]",1.9590609428899204,1.9590609428899204,1.0
"[1.0, -0.5183761031301376, 1.0]","[-1.0, -0.5183761031301376, -1.0]",2.7925233659419293,2.7925233659419293,1.0
"[1.0, 2.299882559992202, 1.0]","[-1.0, 2.299882559992202, -1.0]",2.062810471675804,2.062810471675804,1.0
"[1.0, 4.630782931683732, 1.0]","[-1.0, 4.630782931683732, -1.0]",3.6732906137636068,3.6732906137636068,1.0
"[1.0, 4.54574972855161, 1.0]","[-1.0, 4.54574972855161, -1.0]",3.8603091780368692,3.8603091780368692,1.0
"[1.0, 5.337564625024111, 1.0]","[-1.0, 5.337564625024111, -1.0]",4.464731707705949,4.464731707705949,1.0
"[1.0, 5.440571241153816, 1.0]","[-1.0, 5.440571241153816, -1.0]",4.282193009169551,4.282193009169551,1.0
"[1.0, 5.4408410429599146, 1.0]","[-1.0, 5.4408410429599146, -1.0]",4.282046268916381,4.282046268916381,1.0
"[1.0, 4.6312400921967605, 1.0]","[-1.0, 4.6312400921967605, -1.0]",3.674217261905259,3.674217261905259,1.0
"[1.0, 3.5815267801656065, 1.0]","[-1.0, 3.5815267801656065, -1.0]",3.1398017928486186,3.1398017928486186,1.0
"[1.0, 2.2796333538511133, 1.0]","[-1.0, 2.2796333538511133, -1.0]",1.958983994353377,1.958983994353377,1.0
"[1.0, 0.5186182911312603, 1.0]","[-1.0, 0.5186182911312603, -1.0]",2.7939065454505894,2.7939065454505894,1.0
"[1.0, 3.6113582851241683, 1.0]","[-1.0, 3.6113582851241683, -1.0]",2.9863769708859182,2.9863769708859182,1.0
"[1.0, 4.545094031125702, 1.0]","[-1.0, 4.545094031125702, -1.0]",3.859606100804076,3.859606100804076,1.0
"[1.0, 3.589338038387355, 1.0]","[-1.0, 3.589338038387355, -1.0]",3.1424641458982587,3.1424641458982587,1.0
"[1.0, 3.5861003983662387, 1.0]","[-1.0, 3.5861003983662387, -1.0]",3.1417347215074454,3.1417347215074454,1.0
"[1.0, 2.253121899534921, 1.0]","[-1.0, 2.253121899534921, -1.0]",2.197363882190198,2.197363882190198,1.0
"[1.0, 2.2853817854171647, 1.0]","[-1.0, 2.2853817854171647, -1.0]",1.9595506545516759,1.9595506545516759,1.0
"[1.0, 2.252220224010648, 1.0]","[-1.0, 2.252220224010648, -1.0]",2.19731875890082,2.19731875890082,1.0
"[1.0, 3.6481527988417453, 1.0]","[-1.0, 3.6481527988417453, -1.0]",2.9432874472229877,2.9432874472229877,1.0
"[1.0, 2.2526039969470952, 1.0]","[-1.0, 2.2526039969470952, -1.0]",2.1982322213045986,2.1982322213045986,1.0
"[1.0, 2.283078757921175, 1.0]","[-1.0, 2.283078757921175, -1.0]",1.9588543778640606,1.9588543778640606,1.0
"[1.0, 2.282670088899171, 1.0]","[-1.0, 2.282670088899171, -1.0]",1.9592727125340756,1.9592727125340756,1.0
"[1.0, 0.5184226093884191, 1.0]","[-1.0, 0.5184226093884191, -1.0]",2.7921710725481095,2.7921710725481095,1.0
"[1.0, -2.2545323130205883, 1.0]","[-1.0, -2.2545323130205883, -1.0]",2.1959941005877788,2.1959941005877788,1.0
"[1.0, -0.518389212741578, 1.0]","[-1.0, -0.518389212741578, -1.0]",2.7921867234508744,2.7921867234508744,1.0
"[1.0, -0.5183988815724687, 1.0]","[-1.0, -0.5183988815724687, -1.0]",2.792693499788192,2.792693499788192,1.0
"[1.0, -0.5183836280176787, 1.0]","[-1.0, -0.5183836280176787, -1.0]",2.7927058589645037,2.7927058589645037,1.0
"[1.0, 0.5171287646717038, 1.0]","[-1.0, 0.5171287646717038, -1.0]",3.2680075004711178,3.2680075004711178,1.0
"[1.0, 0.5182362095292554, 1.0]","[-1.0, 0.5182362095292554, -1.0]",2.792451078738156,2.792451078738156,1.0
"[1.0, 2.3007330314585115, 1.0]","[-1.0, 2.3007330314585115, -1.0]",2.0302707366263375,2.0302707366263375,1.0
"[1.0, 3.6522215490484076, 1.0]","[-1.0, 3.6522215490484076, -1.0]",2.948564160342216,2.948564160342216,1.0
"[1.0, 2.2558082078349426, 1.0]","[-1.0, 2.2558082078349426, -1.0]",2.1949890117902324,2.1949890117902324,1.0
"[1.0, 2.2946634162543376, 1.0]","[-1.0, 2.2946634162543376, -1.0]",1.9695698863891988,1.9695698863891988,1.0
"[1.0, 2.28631887169561, 1.0]","[-1.0, 2.28631887169561, -1.0]",1.9596202717066895,1.9596202717066895,1.0
"[1.0, 0.5184077596233827, 1.0]","[-1.0, 0.5184077596233827, -1.0]",2.792384528086062,2.792384528086062,1.0
"[1.0, 2.2868356622419173, 1.0]","[-1.0, 2.2868356622419173, -1.0]",1.9601177944959514,1.9601177944959514,1.0
"[1.0, 3.6501213537266257, 1.0]","[-1.0, 3.6501213537266257, -1.0]",2.9464728513552756,2.9464728513552756,1.0
"[1.0, 4.5368804877257745, 1.0]","[-1.0, 4.5368804877257745, -1.0]",3.8319751544199963,3.8319751544199963,1.0
"[1.0, 6.0251050299695486, 1.0]","[-1.0, 6.0251050299695486, -1.0]",4.994283031740558,4.994283031740558,1.0
"[1.0, 5.443161363878745, 1.0]","[-1.0, 5.443161363878745, -1.0]",4.283711370688437,4.283711370688437,1.0
"[1.0, 4.544345554686068, 1.0]","[-1.0, 4.544345554686068, -1.0]",3.859130081816477,3.859130081816477,1.0
"[1.0, 2.301844973583156, 1.0]","[-1.0, 2.301844973583156, -1.0]",2.033425119192438,2.033425119192438,1.0
"[1.0, 2.298190122418181, 1.0]","[-1.0, 2.298190122418181, -1.0]",2.131320954577176,2.131320954577176,1.0
"[1.0, 0.5183788561957428, 1.0]","[-1.0, 0.5183788561957428, -1.0]",2.7924952865065564,2.7924952865065564,1.0
"[1.0, 3.5825737482624507, 1.0]","[-1.0, 3.5825737482624507, -1.0]",3.1408724067039864,3.1408724067039864,1.0
"[1.0, 2.2979047641025194, 1.0]","[-1.0, 2.2979047641025194, -1.0]",1.9941984373742832,1.9941984373742832,1.0
"[1.0, 3.648817219473137, 1.0]","[-1.0, 3.648817219473137, -1.0]",2.9441281063372946,2.9441281063372946,1.0
"[1.0, 3.648655673057904, 1.0]","[-1.0, 3.648655673057904, -1.0]",2.9455114414325694,2.9455114414325694,1.0
"[1.0, 3.5820317067828626, 1.0]","[-1.0, 3.5820317067828626, -1.0]",3.1399967616689137,3.1399967616689137,1.0
"[1.0, 0.8106065042551118, 1.0]","[-1.0, 0.8106065042551118, -1.0]",5.625767663937567,5.625767663937567,1.0
"[1.0, 0.8102498323791217, 1.0]","[-1.0, 0.8102498323791217, -1.0]",5.625901231732174,5.625901231732174,1.0
"[1.0, 3.580365063538218, 1.0]","[-1.0, 3.580365063538218, -1.0]",3.1385390931502797,3.1385390931502797,1.0
"[1.0, 5.330550832544334, 1.0]","[-1.0, 5.330550832544334, -1.0]",4.445657430727172,4.445657430727172,1.0
"[1.0, 3.579315594692106, 1.0]","[-1.0, 3.579315594692106, -1.0]",3.1381899190128917,3.1381899190128917,1.0
"[1.0, 4.634588558777545, 1.0]","[-1.0, 4.634588558777545, -1.0]",3.677178087866903,3.677178087866903,1.0
"[1.0, 4.542181955177877, 1.0]","[-1.0, 4.542181955177877, -1.0]",3.8567825642823634,3.8567825642823634,1.0
"[1.0, 5.33452139313804, 1.0]","[-1.0, 5.33452139313804, -1.0]",4.461616923141129,4.461616923141129,1.0
"[1.0, 3.57990542065213, 1.0]","[-1.0, 3.57990542065213, -1.0]",3.1391463264616535,3.1391463264616535,1.0
"[1.0, 2.248661348831231, 1.0]","[-1.0, 2.248661348831231, -1.0]",2.1972246799542203,2.1972246799542203,1.0
"[1.0, 3.659737767413934, 1.0]","[-1.0, 3.659737767413934, -1.0]",3.0113146995827176,3.0113146995827176,1.0
"[1.0, 2.249717939841094, 1.0]","[-1.0, 2.249717939841094, -1.0]",2.198413598573073,2.198413598573073,1.0
"[1.0, 2.2863781409087593, 1.0]","[-1.0, 2.2863781409087593, -1.0]",1.9589600089428545,1.9589600089428545,1.0
"[1.0, 0.5183878479412342, 1.0]","[-1.0, 0.5183878479412342, -1.0]",2.792475645648245,2.792475645648245,1.0
"[1.0, 0.5183899936107051, 1.0]","[-1.0, 0.5183899936107051, -1.0]",2.792326112819515,2.792326112819515,1.0
"[1.0, 0.8099943596403879, 1.0]","[-1.0, 0.8099943596403879, -1.0]",5.62589485599699,5.62589485599699,1.0
"[1.0, 4.540535308652043, 1.0]","[-1.0, 4.540535308652043, -1.0]",3.85562531575309,3.85562531575309,1.0
"[1.0, 3.5779621342047596, 1.0]","[-1.0, 3.5779621342047596, -1.0]",3.136632873518422,3.136632873518422,1.0
"[1.0, 0.5144982857922008, 1.0]","[-1.0, 0.5144982857922008, -1.0]",3.291889000017074,3.291889000017074,1.0
"[1.0, -1.6066843825320587, 1.0]","[-1.0, -1.6066843825320587, -1.0]",4.771794879232161,4.771794879232161,1.0
"[1.0, 0.8102071144398493, 1.0]","[-1.0, 0.8102071144398493, -1.0]",5.6259965934776455,5.6259965934776455,1.0
"[1.0, 4.541099807536489, 1.0]","[-1.0, 4.541099807536489, -1.0]",3.855860145338601,3.855860145338601,1.0
"[1.0, 4.635894973455734, 1.0]","[-1.0, 4.635894973455734, -1.0]",3.6788678523987084,3.6788678523987084,1.0
"[1.0, 3.57881093377797, 1.0]","[-1.0, 3.57881093377797, -1.0]",3.136307493413636,3.136307493413636,1.0
"[1.0, 2.289909044509986, 1.0]","[-1.0, 2.289909044509986, -1.0]",1.963441499453551,1.963441499453551,1.0
"[1.0, 3.658272446481373, 1.0]","[-1.0, 3.658272446481373, -1.0]",2.9704426362857816,2.9704426362857816,1.0
"[1.0, 2.2362553063929207, 1.0]","[-1.0, 2.2362553063929207, -1.0]",2.0751710496734557,2.0751710496734557,1.0
"[1.0, -0.5183882521791991, 1.0]","[-1.0, -0.5183882521791991, -1.0]",2.7925601759538305,2.7925601759538305,1.0
"[1.0, -2.2989767494239026, 1.0]","[-1.0, -2.2989767494239026, -1.0]",1.9889294195239775,1.9889294195239775,1.0
"[1.0, -0.5183951110826379, 1.0]","[-1.0, -0.5183951110826379, -1.0]",2.7920035105130583,2.7920035105130583,1.0
"[1.0, 2.245643019570616, 1.0]","[-1.0, 2.245643019570616, -1.0]",2.1946512918064687,2.1946512918064687,1.0
"[1.0, 0.5183721898876202, 1.0]","[-1.0, 0.5183721898876202, -1.0]",2.792446621446011,2.792446621446011,1.0
"[1.0, -0.8102128470620431, 1.0]","[-1.0, -0.8102128470620431, -1.0]",5.625782179562468,5.625782179562468,1.0
"[1.0, 0.8102131246405322, 1.0]","[-1.0, 0.8102131246405322, -1.0]",5.625736046203287,5.625736046203287,1.0
"[1.0, 2.2723077027237237, 1.0]","[-1.0, 2.2723077027237237, -1.0]",6.116644985427053,6.116644985427053,1.0
"[1.0, 3.5810478358431923, 1.0]","[-1.0, 3.5810478358431923, -1.0]",3.1400014070184015,3.1400014070184015,1.0
"[1.0, 3.5812804551832524, 1.0]","[-1.0, 3.5812804551832524, -1.0]",3.139885865901581,3.139885865901581,1.0
"[1.0, 0.5139098003868322, 1.0]","[-1.0, 0.5139098003868322, -1.0]",3.292767173908904,3.292767173908904,1.0
"[1.0, 3.5790250814647235, 1.0]","[-1.0, 3.5790250814647235, -1.0]",3.1384283796794894,3.1384283796794894,1.0
"[1.0, 2.247866426053156, 1.0]","[-1.0, 2.247866426053156, -1.0]",2.1968229042457694,2.1968229042457694,1.0
"[1.0, 4.542083023181427, 1.0]","[-1.0, 4.542083023181427, -1.0]",3.8573144689672274,3.8573144689672274,1.0
"[1.0, 1.6071101783668007, 1.0]","[-1.0, 1.6071101783668007, -1.0]",4.772438094574411,4.772438094574411,1.0
"[1.0, 2.246547413104227, 1.0]","[-1.0, 2.246547413104227, -1.0]",2.196209552725868,2.196209552725868,1.0
"[1.0, 2.235196781715796, 1.0]","[-1.0, 2.235196781715796, -1.0]",2.0915990784329845,2.0915990784329845,1.0
"[1.0, 4.633352646031568, 1.0]","[-1.0, 4.633352646031568, -1.0]",3.67514419739059,3.67514419739059,1.0
"[1.0, 6.14754327041706, 1.0]","[-1.0, 6.14754327041706, -1.0]",4.8162323389595825,4.8162323389595825,1.0
"[1.0, 5.443742322808519, 1.0]","[-1.0, 5.443742322808519, -1.0]",4.284740237558659,4.284740237558659,1.0
"[1.0, 5.442934222503948, 1.0]","[-1.0, 5.442934222503948, -1.0]",4.284582840889432,4.284582840889432,1.0
"[1.0, 5.443079060781413, 1.0]","[-1.0, 5.443079060781413, -1.0]",4.28449339485587,4.28449339485587,1.0
"[1.0, 6.1472832191532625, 1.0]","[-1.0, 6.1472832191532625, -1.0]",4.816010889371762,4.816010889371762,1.0
"[1.0, 5.442802589929404, 1.0]","[-1.0, 5.442802589929404, -1.0]",4.283855762329523,4.283855762329523,1.0
"[1.0, 3.572345457766649, 1.0]","[-1.0, 3.572345457766649, -1.0]",3.1151942242728765,3.1151942242728765,1.0
"[1.0, 2.2833030585920815, 1.0]","[-1.0, 2.2833030585920815, -1.0]",1.9598505497669447,1.9598505497669447,1.0
"[1.0, 2.2828937454006324, 1.0]","[-1.0, 2.2828937454006324, -1.0]",1.9609185092745764,1.9609185092745764,1.0
"[1.0, -0.5184557158222416, 1.0]","[-1.0, -0.5184557158222416, -1.0]",2.792743147111076,2.792743147111076,1.0
"[1.0, -2.2823917839169288, 1.0]","[-1.0, -2.2823917839169288, -1.0]",1.9588724429729854,1.9588724429729854,1.0
"[1.0, -0.5183899091250463, 1.0]","[-1.0, -0.5183899091250463, -1.0]",2.792623603719901,2.792623603719901,1.0
"[1.0, 0.5183133514855617, 1.0]","[-1.0, 0.5183133514855617, -1.0]",2.809579107020143,2.809579107020143,1.0
"[1.0, 3.5817170843689374, 1.0]","[-1.0, 3.5817170843689374, -1.0]",3.139479606626654,3.139479606626654,1.0
"[1.0, 3.65157145559985, 1.0]","[-1.0, 3.65157145559985, -1.0]",2.946774774601392,2.946774774601392,1.0
"[1.0, 6.149273179443968, 1.0]","[-1.0, 6.149273179443968, -1.0]",4.89158592215311,4.89158592215311,1.0
"[1.0, 7.356541851193634, 1.0]","[-1.0, 7.356541851193634, -1.0]",5.73325444141898,5.73325444141898,1.0
"[1.0, 7.356529510289896, 1.0]","[-1.0, 7.356529510289896, -1.0]",5.733414591653742,5.733414591653742,1.0
"[1.0, 7.355625798852565, 1.0]","[-1.0, 7.355625798852565, -1.0]",5.7333085081214055,5.7333085081214055,1.0
"[1.0, 6.1506938829780555, 1.0]","[-1.0, 6.1506938829780555, -1.0]",4.829242629970375,4.829242629970375,1.0
"[1.0, 5.446409327171998, 1.0]","[-1.0, 5.446409327171998, -1.0]",4.2985688663192185,4.2985688663192185,1.0
"[1.0, 5.441971746237128, 1.0]","[-1.0, 5.441971746237128, -1.0]",4.283029040032817,4.283029040032817,1.0
"[1.0, 7.354927599261534, 1.0]","[-1.0, 7.354927599261534, -1.0]",5.732142008102401,5.732142008102401,1.0
"[1.0, 6.146442463839903, 1.0]","[-1.0, 6.146442463839903, -1.0]",4.814959624413774,4.814959624413774,1.0
"[1.0, 6.145546132864615, 1.0]","[-1.0, 6.145546132864615, -1.0]",4.816447093982029,4.816447093982029,1.0
"[1.0, 6.777887998054583, 1.0]","[-1.0, 6.777887998054583, -1.0]",5.29450440562949,5.29450440562949,1.0
"[1.0, 4.5389277316246694, 1.0]","[-1.0, 4.5389277316246694, -1.0]",3.8407393931540605,3.8407393931540605,1.0
"[1.0, 5.442459316756875, 1.0]","[-1.0, 5.442459316756875, -1.0]",4.283600144766116,4.283600144766116,1.0
"[1.0, 5.335074030970046, 1.0]","[-1.0, 5.335074030970046, -1.0]",4.462622290156392,4.462622290156392,1.0
"[1.0, 5.335181533516199, 1.0]","[-1.0, 5.335181533516199, -1.0]",4.460685299743372,4.460685299743372,1.0
"[1.0, 2.266402229932614, 1.0]","[-1.0, 2.266402229932614, -1.0]",6.139474672675392,6.139474672675392,1.0
"[1.0, 0.25318694212043424, 1.0]","[-1.0, 0.25318694212043424, -1.0]",5.873097752649518,5.873097752649518,1.0
"[1.0, -1.61061408980644, 1.0]","[-1.0, -1.61061408980644, -1.0]",4.808125042398617,4.808125042398617,1.0
"[1.0, -3.647800376654732, 1.0]","[-1.0, -3.647800376654732, -1.0]",2.9438611385593343,2.9438611385593343,1.0
"[1.0, -5.335340030133982, 1.0]","[-1.0, -5.335340030133982, -1.0]",4.4621671603970885,4.4621671603970885,1.0
"[1.0, -6.7786628769207535, 1.0]","[-1.0, -6.7786628769207535, -1.0]",5.2942490460167795,5.2942490460167795,1.0
"[1.0, -4.536728787592931, 1.0]","[-1.0, -4.536728787592931, -1.0]",3.8323491151645386,3.8323491151645386,1.0
"[1.0, -6.146928836642446, 1.0]","[-1.0, -6.146928836642446, -1.0]",4.815085339535473,4.815085339535473,1.0
"[1.0, -4.553937012125974, 1.0]","[-1.0, -4.553937012125974, -1.0]",3.790600004444682,3.790600004444682,1.0
"[1.0, -4.543827194220396, 1.0]","[-1.0, -4.543827194220396, -1.0]",3.8585829196940455,3.8585829196940455,1.0
"[1.0, -4.543810505606067, 1.0]","[-1.0, -4.543810505606067, -1.0]",3.859044622384491,3.859044622384491,1.0
"[1.0, -5.442550070945814, 1.0]","[-1.0, -5.442550070945814, -1.0]",4.283573611537876,4.283573611537876,1.0
"[1.0, -4.5474644781098394, 1.0]","[-1.0, -4.5474644781098394, -1.0]",3.861048120535381,3.861048120535381,1.0
"[1.0, -4.543294703871611, 1.0]","[-1.0, -4.543294703871611, -1.0]",3.8582335811035406,3.8582335811035406,1.0
"[1.0, -5.442632251678357, 1.0]","[-1.0, -5.442632251678357, -1.0]",4.284136706516065,4.284136706516065,1.0
"[1.0, -5.426649391495312, 1.0]","[-1.0, -5.426649391495312, -1.0]",4.377424971657388,4.377424971657388,1.0
"[1.0, -5.335170523297464, 1.0]","[-1.0, -5.335170523297464, -1.0]",4.462632654422143,4.462632654422143,1.0
"[1.0, -4.544300561823875, 1.0]","[-1.0, -4.544300561823875, -1.0]",3.858815750783222,3.858815750783222,1.0
"[1.0, -1.6090506708234327, 1.0]","[-1.0, -1.6090506708234327, -1.0]",4.784656060445026,4.784656060445026,1.0
"[1.0, -4.543561767503461, 1.0]","[-1.0, -4.543561767503461, -1.0]",3.8584574734457275,3.8584574734457275,1.0
"[1.0, -5.441771170086919, 1.0]","[-1.0, -5.441771170086919, -1.0]",4.2831538809780945,4.2831538809780945,1.0
"[1.0, -6.77768523125987, 1.0]","[-1.0, -6.77768523125987, -1.0]",5.293195371688097,5.293195371688097,1.0
"[1.0, -6.778020063509203, 1.0]","[-1.0, -6.778020063509203, -1.0]",5.29314262057544,5.29314262057544,1.0
"[1.0, -5.441281548320633, 1.0]","[-1.0, -5.441281548320633, -1.0]",4.283380842921992,4.283380842921992,1.0
"[1.0, -4.544495662450375, 1.0]","[-1.0, -4.544495662450375, -1.0]",3.858860834886538,3.858860834886538,1.0
"[1.0, -4.543258922800292, 1.0]","[-1.0, -4.543258922800292, -1.0]",3.858744352070188,3.858744352070188,1.0
"[1.0, -4.631972418336244, 1.0]","[-1.0, -4.631972418336244, -1.0]",3.6748624927721365,3.6748624927721365,1.0
"[1.0, -5.441390103033122, 1.0]","[-1.0, -5.441390103033122, -1.0]",4.282296810854495,4.282296810854495,1.0
"[1.0, -6.776705225134344, 1.0]","[-1.0, -6.776705225134344, -1.0]",5.292360208118337,5.292360208118337,1.0
"[1.0, -4.545496434677245, 1.0]","[-1.0, -4.545496434677245, -1.0]",3.8598170178413316,3.8598170178413316,1.0
"[1.0, -1.6036747310779833, 1.0]","[-1.0, -1.6036747310779833, -1.0]",4.771717031515768,4.771717031515768,1.0
"[1.0, -3.5855421532954477, 1.0]","[-1.0, -3.5855421532954477, -1.0]",3.1413428190930466,3.1413428190930466,1.0
"[1.0, -2.233987301942149, 1.0]","[-1.0, -2.233987301942149, -1.0]",2.101469375961881,2.101469375961881,1.0
"[1.0, -0.5107408209096378, 1.0]","[-1.0, -0.5107408209096378, -1.0]",3.1769651949568427,3.1769651949568427,1.0
"[1.0, -0.5183902135924554, 1.0]","[-1.0, -0.5183902135924554, -1.0]",2.792421978295389,2.792421978295389,1.0
"[1.0, 0.5139069737912169, 1.0]","[-1.0, 0.5139069737912169, -1.0]",3.2923742362365527,3.2923742362365527,1.0
"[1.0, -0.5248532427205506, 1.0]","[-1.0, -0.5248532427205506, -1.0]",2.962690617792505,2.962690617792505,1.0
"[1.0, -2.245325380720804, 1.0]","[-1.0, -2.245325380720804, -1.0]",2.1939500370931677,2.1939500370931677,1.0
"[1.0, -3.6532282900584, 1.0]","[-1.0, -3.6532282900584, -1.0]",2.948428425462351,2.948428425462351,1.0
"[1.0, -5.444657068492006, 1.0]","[-1.0, -5.444657068492006, -1.0]",4.286070451820161,4.286070451820161,1.0
"[1.0, -4.635467106243211, 1.0]","[-1.0, -4.635467106243211, -1.0]",3.679167836319209,3.679167836319209,1.0
"[1.0, -3.577895260089549, 1.0]","[-1.0, -3.577895260089549, -1.0]",3.1360866152911555,3.1360866152911555,1.0
"[1.0, -2.290363468934094, 1.0]","[-1.0, -2.290363468934094, -1.0]",1.9626018894554922,1.9626018894554922,1.0
"[1.0, -2.2808079994337898, 1.0]","[-1.0, -2.2808079994337898, -1.0]",1.9591683745789734,1.9591683745789734,1.0
"[1.0, -2.288246328177379, 1.0]","[-1.0, -2.288246328177379, -1.0]",1.9613562564313225,1.9613562564313225,1.0
"[1.0, -2.286554938787312, 1.0]","[-1.0, -2.286554938787312, -1.0]",1.959956643432636,1.959956643432636,1.0
"[1.0, -2.2853655822165284, 1.0]","[-1.0, -2.2853655822165284, -1.0]",1.958744842736308,1.958744842736308,1.0
"[1.0, -3.649040106372335, 1.0]","[-1.0, -3.649040106372335, -1.0]",2.9445009059987513,2.9445009059987513,1.0
"[1.0, -3.649079690178169, 1.0]","[-1.0, -3.649079690178169, -1.0]",2.9441468589183306,2.9441468589183306,1.0
"[1.0, -2.2789811130384026, 1.0]","[-1.0, -2.2789811130384026, -1.0]",1.959408742404244,1.959408742404244,1.0
"[1.0, -5.334718146334129, 1.0]","[-1.0, -5.334718146334129, -1.0]",4.4709964084945515,4.4709964084945515,1.0
"[1.0, -3.578325232072133, 1.0]","[-1.0, -3.578325232072133, -1.0]",3.134850813077961,3.134850813077961,1.0
"[1.0, -1.6017672324419185, 1.0]","[-1.0, -1.6017672324419185, -1.0]",4.772352813393276,4.772352813393276,1.0
"[1.0, -4.542777239868286, 1.0]","[-1.0, -4.542777239868286, -1.0]",3.8582339290278065,3.8582339290278065,1.0
"[1.0, -3.581497546606331, 1.0]","[-1.0, -3.581497546606331, -1.0]",3.1396717581964007,3.1396717581964007,1.0
"[1.0, -4.637410808743055, 1.0]","[-1.0, -4.637410808743055, -1.0]",3.682676582308189,3.682676582308189,1.0
"[1.0, -5.442537579981293, 1.0]","[-1.0, -5.442537579981293, -1.0]",4.2838385703252655,4.2838385703252655,1.0
"[1.0, -6.146998718447416, 1.0]","[-1.0, -6.146998718447416, -1.0]",4.815111938274887,4.815111938274887,1.0
"[1.0, -5.442575179055774, 1.0]","[-1.0, -5.442575179055774, -1.0]",4.284315907919305,4.284315907919305,1.0
"[1.0, -4.632545548888726, 1.0]","[-1.0, -4.632545548888726, -1.0]",3.676769028906893,3.676769028906893,1.0
"[1.0, -3.6483136620514482, 1.0]","[-1.0, -3.6483136620514482, -1.0]",2.9440961602279034,2.9440961602279034,1.0
"[1.0, -2.2814395440425344, 1.0]","[-1.0, -2.2814395440425344, -1.0]",2.1776787382444027,2.1776787382444027,1.0
"[1.0, -0.5159596615769592, 1.0]","[-1.0, -0.5159596615769592, -1.0]",2.7991726545060365,2.7991726545060365,1.0
"[1.0, -2.29561024105626, 1.0]","[-1.0, -2.29561024105626, -1.0]",2.1458296562430297,2.1458296562430297,1.0
"[1.0, -0.518652128141901, 1.0]","[-1.0, -0.518652128141901, -1.0]",2.7934064826636393,2.7934064826636393,1.0
"[1.0, -2.298112755528574, 1.0]","[-1.0, -2.298112755528574, -1.0]",2.075628530191015,2.075628530191015,1.0
"[1.0, -3.6555138318806675, 1.0]","[-1.0, -3.6555138318806675, -1.0]",3.018620469111133,3.018620469111133,1.0
"[1.0, -0.5183790135841085, 1.0]","[-1.0, -0.5183790135841085, -1.0]",2.792588387769018,2.792588387769018,1.0
"[1.0, 0.5183701286153022, 1.0]","[-1.0, 0.5183701286153022, -1.0]",2.7927180858314524,2.7927180858314524,1.0
"[1.0, 2.283643271496532, 1.0]","[-1.0, 2.283643271496532, -1.0]",2.173338466630825,2.173338466630825,1.0
"[1.0, -0.5161804565987035, 1.0]","[-1.0, -0.5161804565987035, -1.0]",3.2891908932833824,3.2891908932833824,1.0
"[1.0, -2.260599848268081, 1.0]","[-1.0, -2.260599848268081, -1.0]",2.195082240913947,2.195082240913947,1.0
"[1.0, -2.2456615774031166, 1.0]","[-1.0, -2.2456615774031166, -1.0]",2.194712151317031,2.194712151317031,1.0
"[1.0, -2.301977926907019, 1.0]","[-1.0, -2.301977926907019, -1.0]",2.0027535957847062,2.0027535957847062,1.0
"[1.0, 0.5184425682091701, 1.0]","[-1.0, 0.5184425682091701, -1.0]",2.792551725560279,2.792551725560279,1.0
"[1.0, 0.5149904750650587, 1.0]","[-1.0, 0.5149904750650587, -1.0]",3.1692652824743246,3.1692652824743246,1.0
"[1.0, 3.5792898514844453, 1.0]","[-1.0, 3.5792898514844453, -1.0]",3.137164065414662,3.137164065414662,1.0
"[1.0, 2.2397587654885807, 1.0]","[-1.0, 2.2397587654885807, -1.0]",2.022626464123629,2.022626464123629,1.0
"[1.0, 2.2672303699108753, 1.0]","[-1.0, 2.2672303699108753, -1.0]",2.1927738700923762,2.1927738700923762,1.0
"[1.0, 2.246382125873029, 1.0]","[-1.0, 2.246382125873029, -1.0]",2.1961078988490206,2.1961078988490206,1.0
"[1.0, 2.281962662830902, 1.0]","[-1.0, 2.281962662830902, -1.0]",1.9577788672134908,1.9577788672134908,1.0
"[1.0, 0.5183912330913973, 1.0]","[-1.0, 0.5183912330913973, -1.0]",2.792270467390357,2.792270467390357,1.0
"[1.0, -0.8102507414849819, 1.0]","[-1.0, -0.8102507414849819, -1.0]",5.625798221445298,5.625798221445298,1.0
"[1.0, -4.54366782798848, 1.0]","[-1.0, -4.54366782798848, -1.0]",3.8592753858462667,3.8592753858462667,1.0
"[1.0, -5.442302403979578, 1.0]","[-1.0, -5.442302403979578, -1.0]",4.28320507923704,4.28320507923704,1.0
"[1.0, -4.5430974637220745, 1.0]","[-1.0, -4.5430974637220745, -1.0]",3.858499663779183,3.858499663779183,1.0
"[1.0, -4.632706854978083, 1.0]","[-1.0, -4.632706854978083, -1.0]",3.676470977028287,3.676470977028287,1.0
"[1.0, -6.146720772323481, 1.0]","[-1.0, -6.146720772323481, -1.0]",4.81502708759102,4.81502708759102,1.0
"[1.0, -6.777695671962154, 1.0]","[-1.0, -6.777695671962154, -1.0]",5.294255993566931,5.294255993566931,1.0
"[1.0, -6.146254709273789, 1.0]","[-1.0, -6.146254709273789, -1.0]",4.816478282055811,4.816478282055811,1.0
"[1.0, -4.540950328783716, 1.0]","[-1.0, -4.540950328783716, -1.0]",3.855198960669262,3.855198960669262,1.0
"[1.0, -6.147027010303288, 1.0]","[-1.0, -6.147027010303288, -1.0]",4.816562350723759,4.816562350723759,1.0
"[1.0, -5.4434074795326985, 1.0]","[-1.0, -5.4434074795326985, -1.0]",4.285101701793624,4.285101701793624,1.0
"[1.0, -4.544011165265236, 1.0]","[-1.0, -4.544011165265236, -1.0]",3.8595861364174855,3.8595861364174855,1.0
"[1.0, -5.442051645536564, 1.0]","[-1.0, -5.442051645536564, -1.0]",4.282027819874568,4.282027819874568,1.0
"[1.0, -5.441279254917892, 1.0]","[-1.0, -5.441279254917892, -1.0]",4.281853945165198,4.281853945165198,1.0
"[1.0, -5.441047790228624, 1.0]","[-1.0, -5.441047790228624, -1.0]",4.282282358522132,4.282282358522132,1.0
"[1.0, -3.5840182274999326, 1.0]","[-1.0, -3.5840182274999326, -1.0]",3.141220208439989,3.141220208439989,1.0
"[1.0, -4.638892985186669, 1.0]","[-1.0, -4.638892985186669, -1.0]",3.6966230714292663,3.6966230714292663,1.0
"[1.0, -5.337457685680131, 1.0]","[-1.0, -5.337457685680131, -1.0]",4.4647142220834235,4.4647142220834235,1.0
"[1.0, -5.439846087920396, 1.0]","[-1.0, -5.439846087920396, -1.0]",4.280204441241728,4.280204441241728,1.0
"[1.0, -5.441017176053928, 1.0]","[-1.0, -5.441017176053928, -1.0]",4.281170480052158,4.281170480052158,1.0
"[1.0, -3.6473758974773376, 1.0]","[-1.0, -3.6473758974773376, -1.0]",2.942862438439747,2.942862438439747,1.0
"[1.0, -3.5841001221027016, 1.0]","[-1.0, -3.5841001221027016, -1.0]",3.1417849379874476,3.1417849379874476,1.0
"[1.0, -3.6459452867389888, 1.0]","[-1.0, -3.6459452867389888, -1.0]",2.9433691057478404,2.9433691057478404,1.0
"[1.0, -0.5184300871722992, 1.0]","[-1.0, -0.5184300871722992, -1.0]",2.792733268069601,2.792733268069601,1.0
"[1.0, 2.251594181101443, 1.0]","[-1.0, 2.251594181101443, -1.0]",2.1967789824526487,2.1967789824526487,1.0
"[1.0, -0.5183834146157312, 1.0]","[-1.0, -0.5183834146157312, -1.0]",2.792822067743702,2.792822067743702,1.0
"[1.0, 0.5185329959270237, 1.0]","[-1.0, 0.5185329959270237, -1.0]",2.792773575802326,2.792773575802326,1.0
"[1.0, 0.5198169124224457, 1.0]","[-1.0, 0.5198169124224457, -1.0]",2.9016408191977185,2.9016408191977185,1.0
"[1.0, 0.5185375638719352, 1.0]","[-1.0, 0.5185375638719352, -1.0]",2.7923186323878273,2.7923186323878273,1.0
"[1.0, -2.242095302030722, 1.0]","[-1.0, -2.242095302030722, -1.0]",2.1894573045215058,2.1894573045215058,1.0
"[1.0, -2.292016305522467, 1.0]","[-1.0, -2.292016305522467, -1.0]",1.9649260651497709,1.9649260651497709,1.0
"[1.0, -2.2471285763693514, 1.0]","[-1.0, -2.2471285763693514, -1.0]",2.1961668173784306,2.1961668173784306,1.0
"[1.0, -2.2841945092756903, 1.0]","[-1.0, -2.2841945092756903, -1.0]",1.9672339065346534,1.9672339065346534,1.0
"[1.0, -0.5224807894389283, 1.0]","[-1.0, -0.5224807894389283, -1.0]",2.804254329738539,2.804254329738539,1.0
"[1.0, 2.2670030283763007, 1.0]","[-1.0, 2.2670030283763007, -1.0]",2.153649561245507,2.153649561245507,1.0
"[1.0, 4.633850559012776, 1.0]","[-1.0, 4.633850559012776, -1.0]",3.676861463951678,3.676861463951678,1.0
"[1.0, 4.639995986978826, 1.0]","[-1.0, 4.639995986978826, -1.0]",3.721961526922923,3.721961526922923,1.0
"[1.0, 6.777528130283554, 1.0]","[-1.0, 6.777528130283554, -1.0]",5.293611635267315,5.293611635267315,1.0
"[1.0, 5.408058288978435, 1.0]","[-1.0, 5.408058288978435, -1.0]",4.407712194951847,4.407712194951847,1.0
"[1.0, 4.543783679467138, 1.0]","[-1.0, 4.543783679467138, -1.0]",3.8586224812143137,3.8586224812143137,1.0
"[1.0, 3.5808586832504323, 1.0]","[-1.0, 3.5808586832504323, -1.0]",3.139649201306082,3.139649201306082,1.0
"[1.0, 3.64949397567302, 1.0]","[-1.0, 3.64949397567302, -1.0]",2.944722339162269,2.944722339162269,1.0
"[1.0, 3.64998708933543, 1.0]","[-1.0, 3.64998708933543, -1.0]",2.944923551368084,2.944923551368084,1.0
"[1.0, 4.633147387961104, 1.0]","[-1.0, 4.633147387961104, -1.0]",3.675725722857359,3.675725722857359,1.0
"[1.0, 5.442151914382835, 1.0]","[-1.0, 5.442151914382835, -1.0]",4.282627870833305,4.282627870833305,1.0
"[1.0, 3.58356277996187, 1.0]","[-1.0, 3.58356277996187, -1.0]",3.140506053586561,3.140506053586561,1.0
"[1.0, 3.5737771597440373, 1.0]","[-1.0, 3.5737771597440373, -1.0]",3.1131190397745834,3.1131190397745834,1.0
"[1.0, 4.6319601655294464, 1.0]","[-1.0, 4.6319601655294464, -1.0]",3.675606496384823,3.675606496384823,1.0
"[1.0, 2.2453394173922847, 1.0]","[-1.0, 2.2453394173922847, -1.0]",2.192264952996949,2.192264952996949,1.0
"[1.0, -0.5139286051862635, 1.0]","[-1.0, -0.5139286051862635, -1.0]",3.291846549216192,3.291846549216192,1.0
"[1.0, 2.248314579253898, 1.0]","[-1.0, 2.248314579253898, -1.0]",2.1965470156542666,2.1965470156542666,1.0
"[1.0, 3.652795068366852, 1.0]","[-1.0, 3.652795068366852, -1.0]",2.9479650612920976,2.9479650612920976,1.0
"[1.0, 2.2889614721738476, 1.0]","[-1.0, 2.2889614721738476, -1.0]",1.9609071954421355,1.9609071954421355,1.0
"[1.0, 2.2869684794290475, 1.0]","[-1.0, 2.2869684794290475, -1.0]",1.9621079498479226,1.9621079498479226,1.0
"[1.0, -0.518190136385627, 1.0]","[-1.0, -0.518190136385627, -1.0]",3.0811570781264344,3.0811570781264344,1.0
"[1.0, -3.579190345484383, 1.0]","[-1.0, -3.579190345484383, -1.0]",3.1333597439075986,3.1333597439075986,1.0
"[1.0, -2.2517023171587183, 1.0]","[-1.0, -2.2517023171587183, -1.0]",2.1992666199061306,2.1992666199061306,1.0
"[1.0, -0.5123145302216137, 1.0]","[-1.0, -0.5123145302216137, -1.0]",2.98964109003397,2.98964109003397,1.0
"[1.0, 1.6086627891253313, 1.0]","[-1.0, 1.6086627891253313, -1.0]",4.787289021628235,4.787289021628235,1.0
"[1.0, 0.2531854286300976, 1.0]","[-1.0, 0.2531854286300976, -1.0]",5.873420726616708,5.873420726616708,1.0
"[1.0, 1.608986520198947, 1.0]","[-1.0, 1.608986520198947, -1.0]",4.820926355365214,4.820926355365214,1.0
"[1.0, -2.243420372503556, 1.0]","[-1.0, -2.243420372503556, -1.0]",2.1895422462197054,2.1895422462197054,1.0
"[1.0, -0.5137514522972703, 1.0]","[-1.0, -0.5137514522972703, -1.0]",3.217482739346616,3.217482739346616,1.0
"[1.0, -3.5753379043918616, 1.0]","[-1.0, -3.5753379043918616, -1.0]",3.1305804286774324,3.1305804286774324,1.0
"[1.0, -3.6561104869462673, 1.0]","[-1.0, -3.6561104869462673, -1.0]",2.955222098015407,2.955222098015407,1.0
"[1.0, -2.238100883409793, 1.0]","[-1.0, -2.238100883409793, -1.0]",2.1806869276576286,2.1806869276576286,1.0
"[1.0, -0.5171388490366848, 1.0]","[-1.0, -0.5171388490366848, -1.0]",2.794599020747054,2.794599020747054,1.0
"[1.0, 2.2363238441260185, 1.0]","[-1.0, 2.2363238441260185, -1.0]",2.17203741808485,2.17203741808485,1.0
"[1.0, 2.244606117451004, 1.0]","[-1.0, 2.244606117451004, -1.0]",2.1915856617700844,2.1915856617700844,1.0
"[1.0, 0.5183962186139225, 1.0]","[-1.0, 0.5183962186139225, -1.0]",2.7929298148924,2.7929298148924,1.0
"[1.0, 0.8102061749475672, 1.0]","[-1.0, 0.8102061749475672, -1.0]",5.6274240398243505,5.6274240398243505,1.0
"[1.0, 0.8102215357137853, 1.0]","[-1.0, 0.8102215357137853, -1.0]",5.626415435827898,5.626415435827898,1.0
"[1.0, 1.5977749219412951, 1.0]","[-1.0, 1.5977749219412951, -1.0]",4.877392919240171,4.877392919240171,1.0
"[1.0, 0.8101941143382545, 1.0]","[-1.0, 0.8101941143382545, -1.0]",5.6255758097682405,5.6255758097682405,1.0
"[1.0, 1.607391979797926, 1.0]","[-1.0, 1.607391979797926, -1.0]",4.882930922952954,4.882930922952954,1.0
"[1.0, 4.540633976664902, 1.0]","[-1.0, 4.540633976664902, -1.0]",3.8548161101483074,3.8548161101483074,1.0
"[1.0, 2.247182656617308, 1.0]","[-1.0, 2.247182656617308, -1.0]",2.1959088481655273,2.1959088481655273,1.0
"[1.0, 3.6532588610451726, 1.0]","[-1.0, 3.6532588610451726, -1.0]",2.9500729488925272,2.9500729488925272,1.0
"[1.0, 1.607923177192032, 1.0]","[-1.0, 1.607923177192032, -1.0]",4.794197748169949,4.794197748169949,1.0
"[1.0, 2.24588429135576, 1.0]","[-1.0, 2.24588429135576, -1.0]",2.195429107790771,2.195429107790771,1.0
"[1.0, 4.635799862678433, 1.0]","[-1.0, 4.635799862678433, -1.0]",3.6798131295330467,3.6798131295330467,1.0
"[1.0, 5.444935314902969, 1.0]","[-1.0, 5.444935314902969, -1.0]",4.286998021688294,4.286998021688294,1.0
"[1.0, 6.148084054220176, 1.0]","[-1.0, 6.148084054220176, -1.0]",4.8183223190308695,4.8183223190308695,1.0
"[1.0, 5.334543759900717, 1.0]","[-1.0, 5.334543759900717, -1.0]",4.460646321865408,4.460646321865408,1.0
"[1.0, 6.779010925383219, 1.0]","[-1.0, 6.779010925383219, -1.0]",5.295099553071605,5.295099553071605,1.0
"[1.0, 6.778400928339623, 1.0]","[-1.0, 6.778400928339623, -1.0]",5.294579354385049,5.294579354385049,1.0
"[1.0, 6.150939677617069, 1.0]","[-1.0, 6.150939677617069, -1.0]",4.826167155297087,4.826167155297087,1.0
"[1.0, 6.146955878792307, 1.0]","[-1.0, 6.146955878792307, -1.0]",4.816654463442987,4.816654463442987,1.0
"[1.0, 6.146645907385207, 1.0]","[-1.0, 6.146645907385207, -1.0]",4.816599135959711,4.816599135959711,1.0
"[1.0, 6.143629328289938, 1.0]","[-1.0, 6.143629328289938, -1.0]",4.813646721212931,4.813646721212931,1.0
"[1.0, 6.777824028122685, 1.0]","[-1.0, 6.777824028122685, -1.0]",5.294289839489076,5.294289839489076,1.0
"[1.0, 4.546078556826264, 1.0]","[-1.0, 4.546078556826264, -1.0]",3.8578368922493738,3.8578368922493738,1.0
"[1.0, 1.6068236888393117, 1.0]","[-1.0, 1.6068236888393117, -1.0]",4.803060714270554,4.803060714270554,1.0
"[1.0, 4.54203918668507, 1.0]","[-1.0, 4.54203918668507, -1.0]",3.857590978497608,3.857590978497608,1.0
"[1.0, 3.5822546925618366, 1.0]","[-1.0, 3.5822546925618366, -1.0]",3.137830215270811,3.137830215270811,1.0
"[1.0, 2.238947925716141, 1.0]","[-1.0, 2.238947925716141, -1.0]",2.105602875239118,2.105602875239118,1.0
"[1.0, 3.5734849828471567, 1.0]","[-1.0, 3.5734849828471567, -1.0]",3.1168314781341824,3.1168314781341824,1.0
"[1.0, 4.632069259305008, 1.0]","[-1.0, 4.632069259305008, -1.0]",3.674536523547028,3.674536523547028,1.0
"[1.0, 3.583406315719456, 1.0]","[-1.0, 3.583406315719456, -1.0]",3.140875284579269,3.140875284579269,1.0
"[1.0, 0.5183987682673746, 1.0]","[-1.0, 0.5183987682673746, -1.0]",2.792475535534212,2.792475535534212,1.0
"[1.0, 2.244389764403227, 1.0]","[-1.0, 2.244389764403227, -1.0]",2.192483441577661,2.192483441577661,1.0
"[1.0, 3.5778456660374434, 1.0]","[-1.0, 3.5778456660374434, -1.0]",3.117449395894007,3.117449395894007,1.0
"[1.0, 2.286478081689719, 1.0]","[-1.0, 2.286478081689719, -1.0]",1.9586398852145606,1.9586398852145606,1.0
"[1.0, 3.5816853798840134, 1.0]","[-1.0, 3.5816853798840134, -1.0]",3.140147955351352,3.140147955351352,1.0
"[1.0, 3.6519110078036348, 1.0]","[-1.0, 3.6519110078036348, -1.0]",2.947311304792698,2.947311304792698,1.0
"[1.0, 2.2653642802692797, 1.0]","[-1.0, 2.2653642802692797, -1.0]",2.1942351153791275,2.1942351153791275,1.0
"[1.0, 3.5804927304752425, 1.0]","[-1.0, 3.5804927304752425, -1.0]",3.1390770310926737,3.1390770310926737,1.0
"[1.0, 4.638755129118858, 1.0]","[-1.0, 4.638755129118858, -1.0]",3.690021215558544,3.690021215558544,1.0
"[1.0, 4.6333331433886, 1.0]","[-1.0, 4.6333331433886, -1.0]",3.675993459488457,3.675993459488457,1.0
"[1.0, 2.286939434710074, 1.0]","[-1.0, 2.286939434710074, -1.0]",1.9598277173345282,1.9598277173345282,1.0
"[1.0, 3.64964820859395, 1.0]","[-1.0, 3.64964820859395, -1.0]",2.9447866075689584,2.9447866075689584,1.0
"[1.0, 0.5183854700564146, 1.0]","[-1.0, 0.5183854700564146, -1.0]",2.7922688280502928,2.7922688280502928,1.0
"[1.0, -2.246981969844057, 1.0]","[-1.0, -2.246981969844057, -1.0]",2.1957948653108166,2.1957948653108166,1.0
"[1.0, -0.5183874030871104, 1.0]","[-1.0, -0.5183874030871104, -1.0]",2.7925772901428907,2.7925772901428907,1.0
"[1.0, -3.5813475064587683, 1.0]","[-1.0, -3.5813475064587683, -1.0]",3.1391266476943245,3.1391266476943245,1.0
"[1.0, -4.542874216335667, 1.0]","[-1.0, -4.542874216335667, -1.0]",3.8582247135470524,3.8582247135470524,1.0
"[1.0, -4.6335419598695715, 1.0]","[-1.0, -4.6335419598695715, -1.0]",3.6765338288186973,3.6765338288186973,1.0
"[1.0, -2.248653069830354, 1.0]","[-1.0, -2.248653069830354, -1.0]",2.19670302559046,2.19670302559046,1.0
"[1.0, -3.6580949432602323, 1.0]","[-1.0, -3.6580949432602323, -1.0]",2.9746420344217603,2.9746420344217603,1.0
"[1.0, -5.335966937578852, 1.0]","[-1.0, -5.335966937578852, -1.0]",4.4629306737327115,4.4629306737327115,1.0
"[1.0, -7.355736333408254, 1.0]","[-1.0, -7.355736333408254, -1.0]",5.73191945776949,5.73191945776949,1.0
"[1.0, -7.355269822973733, 1.0]","[-1.0, -7.355269822973733, -1.0]",5.731841930184029,5.731841930184029,1.0
"[1.0, -5.446668412791294, 1.0]","[-1.0, -5.446668412791294, -1.0]",4.294098638767722,4.294098638767722,1.0
"[1.0, -5.427926841289747, 1.0]","[-1.0, -5.427926841289747, -1.0]",4.406553651794918,4.406553651794918,1.0
"[1.0, -3.6478811295352096, 1.0]","[-1.0, -3.6478811295352096, -1.0]",2.9438239250719214,2.9438239250719214,1.0
"[1.0, -3.575782487576298, 1.0]","[-1.0, -3.575782487576298, -1.0]",3.1316198395380304,3.1316198395380304,1.0
"[1.0, -3.6497071214167227, 1.0]","[-1.0, -3.6497071214167227, -1.0]",2.9446491514472726,2.9446491514472726,1.0
"[1.0, -4.6153482117326785, 1.0]","[-1.0, -4.6153482117326785, -1.0]",3.790470867322179,3.790470867322179,1.0
"[1.0, -5.334613382872777, 1.0]","[-1.0, -5.334613382872777, -1.0]",4.461915370492399,4.461915370492399,1.0
"[1.0, -5.442707183774023, 1.0]","[-1.0, -5.442707183774023, -1.0]",4.283143863179806,4.283143863179806,1.0
"[1.0, -3.6367116629950584, 1.0]","[-1.0, -3.6367116629950584, -1.0]",3.1081287688277093,3.1081287688277093,1.0
"[1.0, -4.632717028364599, 1.0]","[-1.0, -4.632717028364599, -1.0]",3.6761814874310126,3.6761814874310126,1.0
"[1.0, -1.5973792780064087, 1.0]","[-1.0, -1.5973792780064087, -1.0]",4.813782215415661,4.813782215415661,1.0
"[1.0, 0.5170936497980108, 1.0]","[-1.0, 0.5170936497980108, -1.0]",3.2819727258689997,3.2819727258689997,1.0
"[1.0, 0.5098075072688633, 1.0]","[-1.0, 0.5098075072688633, -1.0]",3.2432233814949205,3.2432233814949205,1.0
"[1.0, 2.2477263735376494, 1.0]","[-1.0, 2.2477263735376494, -1.0]",1.991771650769369,1.991771650769369,1.0
"[1.0, 4.635722821711932, 1.0]","[-1.0, 4.635722821711932, -1.0]",3.6795265157306334,3.6795265157306334,1.0
"[1.0, 1.6089403473582065, 1.0]","[-1.0, 1.6089403473582065, -1.0]",4.8041161505599455,4.8041161505599455,1.0
"[1.0, 4.540293326751304, 1.0]","[-1.0, 4.540293326751304, -1.0]",3.8538863660794744,3.8538863660794744,1.0
"[1.0, 5.4452988317937665, 1.0]","[-1.0, 5.4452988317937665, -1.0]",4.287919809986178,4.287919809986178,1.0
"[1.0, 5.4453736953489855, 1.0]","[-1.0, 5.4453736953489855, -1.0]",4.288367826142794,4.288367826142794,1.0
"[1.0, 6.1487292076148385, 1.0]","[-1.0, 6.1487292076148385, -1.0]",4.819976795183742,4.819976795183742,1.0
"[1.0, 5.4453163549833725, 1.0]","[-1.0, 5.4453163549833725, -1.0]",4.288034579591996,4.288034579591996,1.0
"[1.0, 4.540729469710907, 1.0]","[-1.0, 4.540729469710907, -1.0]",3.855145948086679,3.855145948086679,1.0
"[1.0, 6.148448840267574, 1.0]","[-1.0, 6.148448840267574, -1.0]",4.818610811963982,4.818610811963982,1.0
"[1.0, 5.444256437780108, 1.0]","[-1.0, 5.444256437780108, -1.0]",4.287606252082488,4.287606252082488,1.0
"[1.0, 4.636005331171557, 1.0]","[-1.0, 4.636005331171557, -1.0]",3.6806480081266786,3.6806480081266786,1.0
"[1.0, 4.5410320737528265, 1.0]","[-1.0, 4.5410320737528265, -1.0]",3.855504250993474,3.855504250993474,1.0
"[1.0, 6.147780921376932, 1.0]","[-1.0, 6.147780921376932, -1.0]",4.8180445239932395,4.8180445239932395,1.0
"[1.0, 6.149131692318343, 1.0]","[-1.0, 6.149131692318343, -1.0]",4.820258100058174,4.820258100058174,1.0
"[1.0, 5.442454967334224, 1.0]","[-1.0, 5.442454967334224, -1.0]",4.2849381204005015,4.2849381204005015,1.0
"[1.0, 6.146732430642708, 1.0]","[-1.0, 6.146732430642708, -1.0]",4.816336457198616,4.816336457198616,1.0
"[1.0, 5.336282561807711, 1.0]","[-1.0, 5.336282561807711, -1.0]",4.462062168719863,4.462062168719863,1.0
"[1.0, 4.543195477768329, 1.0]","[-1.0, 4.543195477768329, -1.0]",3.858795599124807,3.858795599124807,1.0
"[1.0, 6.145934754361294, 1.0]","[-1.0, 6.145934754361294, -1.0]",4.815077138845089,4.815077138845089,1.0
"[1.0, 6.021950570761994, 1.0]","[-1.0, 6.021950570761994, -1.0]",4.9854106278660035,4.9854106278660035,1.0
"[1.0, 6.145902158736637, 1.0]","[-1.0, 6.145902158736637, -1.0]",4.814409500712704,4.814409500712704,1.0
"[1.0, 6.777012484558971, 1.0]","[-1.0, 6.777012484558971, -1.0]",5.2936475402377825,5.2936475402377825,1.0
"[1.0, 5.357275789439088, 1.0]","[-1.0, 5.357275789439088, -1.0]",4.417817858453639,4.417817858453639,1.0
"[1.0, 5.441247616219836, 1.0]","[-1.0, 5.441247616219836, -1.0]",4.2822073107747896,4.2822073107747896,1.0
"[1.0, 5.441031459024461, 1.0]","[-1.0, 5.441031459024461, -1.0]",4.282354040860186,4.282354040860186,1.0
"[1.0, 5.441497856992141, 1.0]","[-1.0, 5.441497856992141, -1.0]",4.2829977718111945,4.2829977718111945,1.0
"[1.0, 2.268540083741081, 1.0]","[-1.0, 2.268540083741081, -1.0]",6.131298720962355,6.131298720962355,1.0
"[1.0, 5.337474023726471, 1.0]","[-1.0, 5.337474023726471, -1.0]",4.46487354155858,4.46487354155858,1.0
"[1.0, 3.6523059701182574, 1.0]","[-1.0, 3.6523059701182574, -1.0]",3.0032480034917555,3.0032480034917555,1.0
"[1.0, 3.646180730303104, 1.0]","[-1.0, 3.646180730303104, -1.0]",2.943437997744013,2.943437997744013,1.0
"[1.0, 0.81048446710633, 1.0]","[-1.0, 0.81048446710633, -1.0]",5.626153569747844,5.626153569747844,1.0
"[1.0, 3.582007907001994, 1.0]","[-1.0, 3.582007907001994, -1.0]",3.140715982303874,3.140715982303874,1.0
"[1.0, 3.6485064876635476, 1.0]","[-1.0, 3.6485064876635476, -1.0]",2.9431481909860104,2.9431481909860104,1.0
"[1.0, 2.2526048602948343, 1.0]","[-1.0, 2.2526048602948343, -1.0]",2.1988759046904773,2.1988759046904773,1.0
"[1.0, 0.5139475386745762, 1.0]","[-1.0, 0.5139475386745762, -1.0]",3.292189584757313,3.292189584757313,1.0
"[1.0, -0.5183993521417953, 1.0]","[-1.0, -0.5183993521417953, -1.0]",2.7924538877646023,2.7924538877646023,1.0
"[1.0, -2.2865230386182405, 1.0]","[-1.0, -2.2865230386182405, -1.0]",1.9593975398518022,1.9593975398518022,1.0
"[1.0, 0.5183923513594978, 1.0]","[-1.0, 0.5183923513594978, -1.0]",2.7926767652690847,2.7926767652690847,1.0
"[1.0, 2.2529009420138664, 1.0]","[-1.0, 2.2529009420138664, -1.0]",2.199016940669484,2.199016940669484,1.0
"[1.0, 2.2849142219061958, 1.0]","[-1.0, 2.2849142219061958, -1.0]",1.9578946229447367,1.9578946229447367,1.0
"[1.0, 3.64851022011745, 1.0]","[-1.0, 3.64851022011745, -1.0]",2.94429512551113,2.94429512551113,1.0
"[1.0, 5.442050498501592, 1.0]","[-1.0, 5.442050498501592, -1.0]",4.283109493312291,4.283109493312291,1.0
"[1.0, 5.442199363630773, 1.0]","[-1.0, 5.442199363630773, -1.0]",4.282993168593254,4.282993168593254,1.0
"[1.0, 6.146207449644369, 1.0]","[-1.0, 6.146207449644369, -1.0]",4.814540544920979,4.814540544920979,1.0
"[1.0, 6.777442316423623, 1.0]","[-1.0, 6.777442316423623, -1.0]",5.292680130765835,5.292680130765835,1.0
"[1.0, 5.442154825832269, 1.0]","[-1.0, 5.442154825832269, -1.0]",4.283246660424753,4.283246660424753,1.0
"[1.0, 6.146468292428834, 1.0]","[-1.0, 6.146468292428834, -1.0]",4.815290074501496,4.815290074501496,1.0
"[1.0, 5.335950466385374, 1.0]","[-1.0, 5.335950466385374, -1.0]",4.46261061246248,4.46261061246248,1.0
"[1.0, 5.441314733681231, 1.0]","[-1.0, 5.441314733681231, -1.0]",4.282654647872472,4.282654647872472,1.0
"[1.0, 6.776606512085015, 1.0]","[-1.0, 6.776606512085015, -1.0]",5.29310736735634,5.29310736735634,1.0
"[1.0, 6.145172492342743, 1.0]","[-1.0, 6.145172492342743, -1.0]",4.813385597295554,4.813385597295554,1.0
"[1.0, 6.1475519394607625, 1.0]","[-1.0, 6.1475519394607625, -1.0]",4.818365516519695,4.818365516519695,1.0
"[1.0, 4.54470418519767, 1.0]","[-1.0, 4.54470418519767, -1.0]",3.8581130802764196,3.8581130802764196,1.0
"[1.0, 4.63059402857963, 1.0]","[-1.0, 4.63059402857963, -1.0]",3.6752879479427216,3.6752879479427216,1.0
"[1.0, 5.440768088175964, 1.0]","[-1.0, 5.440768088175964, -1.0]",4.281804385712488,4.281804385712488,1.0
"[1.0, 6.776565290529474, 1.0]","[-1.0, 6.776565290529474, -1.0]",5.2915098097401785,5.2915098097401785,1.0
"[1.0, 4.5374050744605325, 1.0]","[-1.0, 4.5374050744605325, -1.0]",3.8072371115579866,3.8072371115579866,1.0
"[1.0, 4.630851400429856, 1.0]","[-1.0, 4.630851400429856, -1.0]",3.6739040520846378,3.6739040520846378,1.0
"[1.0, 5.338163115356895, 1.0]","[-1.0, 5.338163115356895, -1.0]",4.465421360463287,4.465421360463287,1.0
"[1.0, 4.538996759967918, 1.0]","[-1.0, 4.538996759967918, -1.0]",3.8468864625558314,3.8468864625558314,1.0
"[1.0, 5.339240621078607, 1.0]","[-1.0, 5.339240621078607, -1.0]",4.466023215555589,4.466023215555589,1.0
"[1.0, 5.337442073315906, 1.0]","[-1.0, 5.337442073315906, -1.0]",4.46455460226979,4.46455460226979,1.0
"[1.0, 4.544708102839662, 1.0]","[-1.0, 4.544708102839662, -1.0]",3.859686615125613,3.859686615125613,1.0
"[1.0, 5.446156587347323, 1.0]","[-1.0, 5.446156587347323, -1.0]",4.323391318688594,4.323391318688594,1.0
"[1.0, 4.5445945031235535, 1.0]","[-1.0, 4.5445945031235535, -1.0]",3.860334160646006,3.860334160646006,1.0
"[1.0, 4.631504906609682, 1.0]","[-1.0, 4.631504906609682, -1.0]",3.675239749139061,3.675239749139061,1.0
"[1.0, 3.5826989578994435, 1.0]","[-1.0, 3.5826989578994435, -1.0]",3.1404821633732194,3.1404821633732194,1.0
"[1.0, 5.441885406896848, 1.0]","[-1.0, 5.441885406896848, -1.0]",4.2821738969234975,4.2821738969234975,1.0
"[1.0, 4.54494956256223, 1.0]","[-1.0, 4.54494956256223, -1.0]",3.8601699525313826,3.8601699525313826,1.0
"[1.0, 4.544610283395097, 1.0]","[-1.0, 4.544610283395097, -1.0]",3.859826337103795,3.859826337103795,1.0
"[1.0, 4.544395880095358, 1.0]","[-1.0, 4.544395880095358, -1.0]",3.858626715189634,3.858626715189634,1.0
"[1.0, 5.3364614156804615, 1.0]","[-1.0, 5.3364614156804615, -1.0]",4.463772822557304,4.463772822557304,1.0
"[1.0, 3.647966292204914, 1.0]","[-1.0, 3.647966292204914, -1.0]",2.9438433236455492,2.9438433236455492,1.0
"[1.0, 3.5848100554979383, 1.0]","[-1.0, 3.5848100554979383, -1.0]",3.1412685301881624,3.1412685301881624,1.0
"[1.0, 2.253365554202518, 1.0]","[-1.0, 2.253365554202518, -1.0]",2.1983688181753918,2.1983688181753918,1.0
"[1.0, 3.6430691260158867, 1.0]","[-1.0, 3.6430691260158867, -1.0]",2.941284973922915,2.941284973922915,1.0
"[1.0, 0.5183829304762273, 1.0]","[-1.0, 0.5183829304762273, -1.0]",2.7922212687954633,2.7922212687954633,1.0
"[1.0, -0.5183869107587615, 1.0]","[-1.0, -0.5183869107587615, -1.0]",2.792017557569328,2.792017557569328,1.0
"[1.0, -0.5205996838005182, 1.0]","[-1.0, -0.5205996838005182, -1.0]",3.138258489776681,3.138258489776681,1.0
"[1.0, 2.2371928878859366, 1.0]","[-1.0, 2.2371928878859366, -1.0]",2.030308856560118,2.030308856560118,1.0
"[1.0, 2.3010271857462126, 1.0]","[-1.0, 2.3010271857462126, -1.0]",2.0141970219388496,2.0141970219388496,1.0
"[1.0, 3.646525064803825, 1.0]","[-1.0, 3.646525064803825, -1.0]",2.9424513297268042,2.9424513297268042,1.0
"[1.0, 2.2526626481038274, 1.0]","[-1.0, 2.2526626481038274, -1.0]",2.1989064857319316,2.1989064857319316,1.0
"[1.0, 0.5183777757208964, 1.0]","[-1.0, 0.5183777757208964, -1.0]",2.792293032168864,2.792293032168864,1.0
"[1.0, -2.2538823510495125, 1.0]","[-1.0, -2.2538823510495125, -1.0]",2.1985376201215905,2.1985376201215905,1.0
"[1.0, -3.5934904153641463, 1.0]","[-1.0, -3.5934904153641463, -1.0]",3.0104440772566967,3.0104440772566967,1.0
"[1.0, -2.285545512654463, 1.0]","[-1.0, -2.285545512654463, -1.0]",1.95852902814079,1.95852902814079,1.0
"[1.0, 0.5183750470288377, 1.0]","[-1.0, 0.5183750470288377, -1.0]",2.792383354557034,2.792383354557034,1.0
"[1.0, 0.25318464298336235, 1.0]","[-1.0, 0.25318464298336235, -1.0]",5.872956246822297,5.872956246822297,1.0
"[1.0, 2.2555133757908075, 1.0]","[-1.0, 2.2555133757908075, -1.0]",2.1974499649661863,2.1974499649661863,1.0
"[1.0, 0.5183772935795713, 1.0]","[-1.0, 0.5183772935795713, -1.0]",2.7923527038940494,2.7923527038940494,1.0
"[1.0, 2.283628268773635, 1.0]","[-1.0, 2.283628268773635, -1.0]",1.9594244864442567,1.9594244864442567,1.0
"[1.0, 0.5187828909945401, 1.0]","[-1.0, 0.5187828909945401, -1.0]",3.2303435981537953,3.2303435981537953,1.0
"[1.0, 0.5183896323516363, 1.0]","[-1.0, 0.5183896323516363, -1.0]",2.792204534274436,2.792204534274436,1.0
"[1.0, -2.2511065457678407, 1.0]","[-1.0, -2.2511065457678407, -1.0]",2.1956195522132504,2.1956195522132504,1.0
"[1.0, -2.2366558041374796, 1.0]","[-1.0, -2.2366558041374796, -1.0]",2.1026078092881963,2.1026078092881963,1.0
"[1.0, -3.6513148693903457, 1.0]","[-1.0, -3.6513148693903457, -1.0]",2.9463026052297603,2.9463026052297603,1.0
"[1.0, -0.5183892258919522, 1.0]","[-1.0, -0.5183892258919522, -1.0]",2.7924814891898455,2.7924814891898455,1.0
"[1.0, -0.5183989891122586, 1.0]","[-1.0, -0.5183989891122586, -1.0]",2.7920344960685104,2.7920344960685104,1.0
"[1.0, 2.246586980208491, 1.0]","[-1.0, 2.246586980208491, -1.0]",2.194466628145682,2.194466628145682,1.0
"[1.0, 3.5815330843428814, 1.0]","[-1.0, 3.5815330843428814, -1.0]",3.1397359486805487,3.1397359486805487,1.0
"[1.0, 0.5157239628896928, 1.0]","[-1.0, 0.5157239628896928, -1.0]",2.7966366326821444,2.7966366326821444,1.0
"[1.0, 2.2421696005354206, 1.0]","[-1.0, 2.2421696005354206, -1.0]",2.1887139952268857,2.1887139952268857,1.0
"[1.0, 2.290029736624652, 1.0]","[-1.0, 2.290029736624652, -1.0]",1.9617862842519693,1.9617862842519693,1.0
"[1.0, -0.518576240045247, 1.0]","[-1.0, -0.518576240045247, -1.0]",2.792458967276044,2.792458967276044,1.0
"[1.0, 2.2455202508644323, 1.0]","[-1.0, 2.2455202508644323, -1.0]",2.193923381430875,2.193923381430875,1.0
"[1.0, 2.2919863899493786, 1.0]","[-1.0, 2.2919863899493786, -1.0]",1.9651769547783315,1.9651769547783315,1.0
"[1.0, -0.5184101218992662, 1.0]","[-1.0, -0.5184101218992662, -1.0]",2.792587924385772,2.792587924385772,1.0
"[1.0, 2.2463791343448962, 1.0]","[-1.0, 2.2463791343448962, -1.0]",2.19529090781935,2.19529090781935,1.0
"[1.0, -0.5184443099643418, 1.0]","[-1.0, -0.5184443099643418, -1.0]",2.79279840245684,2.79279840245684,1.0
"[1.0, 2.2405171958093333, 1.0]","[-1.0, 2.2405171958093333, -1.0]",2.1861624870950314,2.1861624870950314,1.0
"[1.0, -0.5185675903657095, 1.0]","[-1.0, -0.5185675903657095, -1.0]",2.793037474702796,2.793037474702796,1.0
"[1.0, 2.245358388489241, 1.0]","[-1.0, 2.245358388489241, -1.0]",2.195107875236578,2.195107875236578,1.0
"[1.0, 3.5774882937617196, 1.0]","[-1.0, 3.5774882937617196, -1.0]",3.1360666845821443,3.1360666845821443,1.0
"[1.0, 2.24609995003826, 1.0]","[-1.0, 2.24609995003826, -1.0]",2.1945341220261874,2.1945341220261874,1.0
"[1.0, 3.652836752249009, 1.0]","[-1.0, 3.652836752249009, -1.0]",2.948412178477959,2.948412178477959,1.0
"[1.0, 3.577030059203335, 1.0]","[-1.0, 3.577030059203335, -1.0]",3.136566598981831,3.136566598981831,1.0
"[1.0, 0.5079777626934394, 1.0]","[-1.0, 0.5079777626934394, -1.0]",2.963663413767232,2.963663413767232,1.0
"[1.0, 0.5184175318241877, 1.0]","[-1.0, 0.5184175318241877, -1.0]",2.792760284305563,2.792760284305563,1.0
"[1.0, -1.6027597205766952, 1.0]","[-1.0, -1.6027597205766952, -1.0]",4.771169886745784,4.771169886745784,1.0
"[1.0, -3.5791987554014306, 1.0]","[-1.0, -3.5791987554014306, -1.0]",3.1376178481470633,3.1376178481470633,1.0
"[1.0, -3.5790549708326043, 1.0]","[-1.0, -3.5790549708326043, -1.0]",3.138257573776335,3.138257573776335,1.0
"[1.0, -2.2477341674344715, 1.0]","[-1.0, -2.2477341674344715, -1.0]",2.1974188524057334,2.1974188524057334,1.0
"[1.0, -3.65142713515013, 1.0]","[-1.0, -3.65142713515013, -1.0]",2.945984561754083,2.945984561754083,1.0
"[1.0, -2.2857127139425946, 1.0]","[-1.0, -2.2857127139425946, -1.0]",1.959733303020899,1.959733303020899,1.0
"[1.0, -2.285536500457144, 1.0]","[-1.0, -2.285536500457144, -1.0]",1.9616680144560619,1.9616680144560619,1.0
"[1.0, -0.5247797054160869, 1.0]","[-1.0, -0.5247797054160869, -1.0]",2.8668303100961943,2.8668303100961943,1.0
"[1.0, -0.5144943614097579, 1.0]","[-1.0, -0.5144943614097579, -1.0]",3.286374645301485,3.286374645301485,1.0
"[1.0, -2.2444610461013954, 1.0]","[-1.0, -2.2444610461013954, -1.0]",2.193450959695248,2.193450959695248,1.0
"[1.0, -2.2935177970077096, 1.0]","[-1.0, -2.2935177970077096, -1.0]",1.9676412835506698,1.9676412835506698,1.0
"[1.0, 0.5184504161977601, 1.0]","[-1.0, 0.5184504161977601, -1.0]",2.792671126115975,2.792671126115975,1.0
"[1.0, -0.5184488292889997, 1.0]","[-1.0, -0.5184488292889997, -1.0]",2.7926090587972365,2.7926090587972365,1.0
"[1.0, 0.5183946626604317, 1.0]","[-1.0, 0.5183946626604317, -1.0]",2.7927410757393747,2.7927410757393747,1.0
"[1.0, 3.57866494165749, 1.0]","[-1.0, 3.57866494165749, -1.0]",3.136272801289077,3.136272801289077,1.0
"[1.0, 3.578722592566178, 1.0]","[-1.0, 3.578722592566178, -1.0]",3.136349520469603,3.136349520469603,1.0
"[1.0, 0.5182552269053031, 1.0]","[-1.0, 0.5182552269053031, -1.0]",2.7923651635532063,2.7923651635532063,1.0
"[1.0, 2.2449839139922405, 1.0]","[-1.0, 2.2449839139922405, -1.0]",2.1933007980594796,2.1933007980594796,1.0
"[1.0, 3.659414943571541, 1.0]","[-1.0, 3.659414943571541, -1.0]",3.0083700287348636,3.0083700287348636,1.0
"[1.0, 3.653453759140793, 1.0]","[-1.0, 3.653453759140793, -1.0]",2.949406384275833,2.949406384275833,1.0
"[1.0, 3.652838714477438, 1.0]","[-1.0, 3.652838714477438, -1.0]",2.9483583715088546,2.9483583715088546,1.0
"[1.0, 3.5724878093920407, 1.0]","[-1.0, 3.5724878093920407, -1.0]",3.1198465068464625,3.1198465068464625,1.0
"[1.0, 0.8102259398441878, 1.0]","[-1.0, 0.8102259398441878, -1.0]",5.6256337691658675,5.6256337691658675,1.0
"[1.0, 1.599463230677038, 1.0]","[-1.0, 1.599463230677038, -1.0]",4.820797886712025,4.820797886712025,1.0
"[1.0, -0.2531873328604319, 1.0]","[-1.0, -0.2531873328604319, -1.0]",5.872896783898775,5.872896783898775,1.0
"[1.0, -0.5139106496812709, 1.0]","[-1.0, -0.5139106496812709, -1.0]",3.2922637700948623,3.2922637700948623,1.0
"[1.0, 0.5183860799746957, 1.0]","[-1.0, 0.5183860799746957, -1.0]",2.7924110785560337,2.7924110785560337,1.0
"[1.0, -2.2488931845803615, 1.0]","[-1.0, -2.2488931845803615, -1.0]",2.1959064187303445,2.1959064187303445,1.0
"[1.0, -3.5800021904982886, 1.0]","[-1.0, -3.5800021904982886, -1.0]",3.13811880706733,3.13811880706733,1.0
"[1.0, -0.5183867570573852, 1.0]","[-1.0, -0.5183867570573852, -1.0]",2.7926429784164903,2.7926429784164903,1.0
"[1.0, -3.5811188956429065, 1.0]","[-1.0, -3.5811188956429065, -1.0]",3.139603770340829,3.139603770340829,1.0
"[1.0, -1.6035693833555735, 1.0]","[-1.0, -1.6035693833555735, -1.0]",4.768247802004671,4.768247802004671,1.0
"[1.0, -4.545316106797221, 1.0]","[-1.0, -4.545316106797221, -1.0]",3.852543392968649,3.852543392968649,1.0
"[1.0, -6.777575196470474, 1.0]","[-1.0, -6.777575196470474, -1.0]",5.292610487903373,5.292610487903373,1.0
"[1.0, -5.4415831480564245, 1.0]","[-1.0, -5.4415831480564245, -1.0]",4.2824082522867,4.2824082522867,1.0
"[1.0, -5.4419629113312515, 1.0]","[-1.0, -5.4419629113312515, -1.0]",4.282276644723946,4.282276644723946,1.0
"[1.0, -3.579814947969433, 1.0]","[-1.0, -3.579814947969433, -1.0]",3.1392282635280933,3.1392282635280933,1.0
"[1.0, -4.542952014220327, 1.0]","[-1.0, -4.542952014220327, -1.0]",3.857434168801256,3.857434168801256,1.0
"[1.0, -4.632857557176076, 1.0]","[-1.0, -4.632857557176076, -1.0]",3.6749539765169055,3.6749539765169055,1.0
"[1.0, -4.632627004094936, 1.0]","[-1.0, -4.632627004094936, -1.0]",3.6755384264259403,3.6755384264259403,1.0
"[1.0, -4.632917757117628, 1.0]","[-1.0, -4.632917757117628, -1.0]",3.6760250975238944,3.6760250975238944,1.0
"[1.0, -4.63343215462714, 1.0]","[-1.0, -4.63343215462714, -1.0]",3.676487914318934,3.676487914318934,1.0
"[1.0, -6.146405835385777, 1.0]","[-1.0, -6.146405835385777, -1.0]",4.8146587075517155,4.8146587075517155,1.0
"[1.0, -5.444422492910379, 1.0]","[-1.0, -5.444422492910379, -1.0]",4.371559041474814,4.371559041474814,1.0
"[1.0, -4.5432681649698345, 1.0]","[-1.0, -4.5432681649698345, -1.0]",3.8579570295073973,3.8579570295073973,1.0
"[1.0, -5.442022631353417, 1.0]","[-1.0, -5.442022631353417, -1.0]",4.283956161578068,4.283956161578068,1.0
"[1.0, -4.633186068361291, 1.0]","[-1.0, -4.633186068361291, -1.0]",3.676010301691676,3.676010301691676,1.0
"[1.0, -4.632977095820867, 1.0]","[-1.0, -4.632977095820867, -1.0]",3.6758900673222343,3.6758900673222343,1.0
"[1.0, -5.44209859107546, 1.0]","[-1.0, -5.44209859107546, -1.0]",4.283172418474007,4.283172418474007,1.0
"[1.0, -6.777449518780116, 1.0]","[-1.0, -6.777449518780116, -1.0]",5.29366146597133,5.29366146597133,1.0
"[1.0, -4.54530404303321, 1.0]","[-1.0, -4.54530404303321, -1.0]",3.8583530072476577,3.8583530072476577,1.0
"[1.0, -3.5804466181840353, 1.0]","[-1.0, -3.5804466181840353, -1.0]",3.1366253640993413,3.1366253640993413,1.0
"[1.0, -4.631435990168312, 1.0]","[-1.0, -4.631435990168312, -1.0]",3.675592287758178,3.675592287758178,1.0
"[1.0, -1.6097693164334277, 1.0]","[-1.0, -1.6097693164334277, -1.0]",4.833684976966274,4.833684976966274,1.0
"[1.0, -0.8094305384382149, 1.0]","[-1.0, -0.8094305384382149, -1.0]",5.627587230494407,5.627587230494407,1.0
"[1.0, -2.268486869081842, 1.0]","[-1.0, -2.268486869081842, -1.0]",6.126645323063848,6.126645323063848,1.0
"[1.0, -5.333642327815156, 1.0]","[-1.0, -5.333642327815156, -1.0]",4.459596446553435,4.459596446553435,1.0
"[1.0, -2.2706584837035333, 1.0]","[-1.0, -2.2706584837035333, -1.0]",6.119285038694789,6.119285038694789,1.0
"[1.0, -0.25318769202075503, 1.0]","[-1.0, -0.25318769202075503, -1.0]",5.872966645861262,5.872966645861262,1.0
"[1.0, -0.8100783339761245, 1.0]","[-1.0, -0.8100783339761245, -1.0]",5.626337166157096,5.626337166157096,1.0
"[1.0, -4.540043358421097, 1.0]","[-1.0, -4.540043358421097, -1.0]",3.853656933270201,3.853656933270201,1.0
"[1.0, -6.14859804941773, 1.0]","[-1.0, -6.14859804941773, -1.0]",4.819233897332781,4.819233897332781,1.0
"[1.0, -6.1484627848949716, 1.0]","[-1.0, -6.1484627848949716, -1.0]",4.819029644067697,4.819029644067697,1.0
"[1.0, -6.779527964015053, 1.0]","[-1.0, -6.779527964015053, -1.0]",5.296138799066869,5.296138799066869,1.0
"[1.0, -5.444255239670868, 1.0]","[-1.0, -5.444255239670868, -1.0]",4.287036747590445,4.287036747590445,1.0
"[1.0, -5.444558937956758, 1.0]","[-1.0, -5.444558937956758, -1.0]",4.287392611559581,4.287392611559581,1.0
"[1.0, -5.443430210455825, 1.0]","[-1.0, -5.443430210455825, -1.0]",4.2873838641813276,4.2873838641813276,1.0
"[1.0, -6.148286795747302, 1.0]","[-1.0, -6.148286795747302, -1.0]",4.817861688535151,4.817861688535151,1.0
"[1.0, -6.147857407448633, 1.0]","[-1.0, -6.147857407448633, -1.0]",4.8181016049110985,4.8181016049110985,1.0
"[1.0, -4.634323872993704, 1.0]","[-1.0, -4.634323872993704, -1.0]",3.680846262952804,3.680846262952804,1.0
"[1.0, -3.5847953841433227, 1.0]","[-1.0, -3.5847953841433227, -1.0]",3.1319538543762286,3.1319538543762286,1.0
"[1.0, -4.5447316583255075, 1.0]","[-1.0, -4.5447316583255075, -1.0]",3.856190165647539,3.856190165647539,1.0
"[1.0, -4.545959571243188, 1.0]","[-1.0, -4.545959571243188, -1.0]",3.8573571206075195,3.8573571206075195,1.0
"[1.0, -3.5752976463095956, 1.0]","[-1.0, -3.5752976463095956, -1.0]",3.126928588332789,3.126928588332789,1.0
"[1.0, -3.651290129801416, 1.0]","[-1.0, -3.651290129801416, -1.0]",2.9478358935582287,2.9478358935582287,1.0
"[1.0, -0.516451257446953, 1.0]","[-1.0, -0.516451257446953, -1.0]",3.066947025407631,3.066947025407631,1.0
"[1.0, -0.5187289291975361, 1.0]","[-1.0, -0.5187289291975361, -1.0]",2.792995404147645,2.792995404147645,1.0
"[1.0, -3.5772972272435517, 1.0]","[-1.0, -3.5772972272435517, -1.0]",3.1331669867800716,3.1331669867800716,1.0
"[1.0, -4.540481301388657, 1.0]","[-1.0, -4.540481301388657, -1.0]",3.8537909421684553,3.8537909421684553,1.0
"[1.0, -3.5716545866388025, 1.0]","[-1.0, -3.5716545866388025, -1.0]",3.1102694204130334,3.1102694204130334,1.0
"[1.0, -4.634212739055164, 1.0]","[-1.0, -4.634212739055164, -1.0]",3.677360626012661,3.677360626012661,1.0
"[1.0, -6.14745119038683, 1.0]","[-1.0, -6.14745119038683, -1.0]",4.816389935457886,4.816389935457886,1.0
"[1.0, -6.7787731150429416, 1.0]","[-1.0, -6.7787731150429416, -1.0]",5.295067073790199,5.295067073790199,1.0
"[1.0, -6.778650324396783, 1.0]","[-1.0, -6.778650324396783, -1.0]",5.294074349142959,5.294074349142959,1.0
"[1.0, -4.634390751261939, 1.0]","[-1.0, -4.634390751261939, -1.0]",3.677070949429318,3.677070949429318,1.0
"[1.0, -4.5429050822818615, 1.0]","[-1.0, -4.5429050822818615, -1.0]",3.856476271469526,3.856476271469526,1.0
"[1.0, -2.2671688727083703, 1.0]","[-1.0, -2.2671688727083703, -1.0]",6.130534141274213,6.130534141274213,1.0
"[1.0, -5.336037348431528, 1.0]","[-1.0, -5.336037348431528, -1.0]",4.463214239300899,4.463214239300899,1.0
"[1.0, -4.536417839884051, 1.0]","[-1.0, -4.536417839884051, -1.0]",3.8153742283075656,3.8153742283075656,1.0
"[1.0, -4.54299612991492, 1.0]","[-1.0, -4.54299612991492, -1.0]",3.8590146285146125,3.8590146285146125,1.0
"[1.0, -6.146678862241372, 1.0]","[-1.0, -6.146678862241372, -1.0]",4.814669282490216,4.814669282490216,1.0
"[1.0, -6.777916619860601, 1.0]","[-1.0, -6.777916619860601, -1.0]",5.293653550242695,5.293653550242695,1.0
"[1.0, -5.441996711055122, 1.0]","[-1.0, -5.441996711055122, -1.0]",4.284173353275153,4.284173353275153,1.0
"[1.0, -5.329732971650404, 1.0]","[-1.0, -5.329732971650404, -1.0]",4.3988622577881475,4.3988622577881475,1.0
"[1.0, -4.547250012210968, 1.0]","[-1.0, -4.547250012210968, -1.0]",3.860719264151069,3.860719264151069,1.0
"[1.0, -2.2819900185748243, 1.0]","[-1.0, -2.2819900185748243, -1.0]",1.9589795863307529,1.9589795863307529,1.0
"[1.0, -3.6485476186244648, 1.0]","[-1.0, -3.6485476186244648, -1.0]",2.944358237642018,2.944358237642018,1.0
"[1.0, -2.2810874375115486, 1.0]","[-1.0, -2.2810874375115486, -1.0]",1.959093280550929,1.959093280550929,1.0
"[1.0, -3.6488188366180663, 1.0]","[-1.0, -3.6488188366180663, -1.0]",2.9440872062677745,2.9440872062677745,1.0
"[1.0, -2.2536550603677132, 1.0]","[-1.0, -2.2536550603677132, -1.0]",1.9807015745050633,1.9807015745050633,1.0
"[1.0, -4.5455967323686854, 1.0]","[-1.0, -4.5455967323686854, -1.0]",3.8552524945872695,3.8552524945872695,1.0
"[1.0, -2.271554404660103, 1.0]","[-1.0, -2.271554404660103, -1.0]",2.1822190322991792,2.1822190322991792,1.0
"[1.0, -3.5775164686509986, 1.0]","[-1.0, -3.5775164686509986, -1.0]",3.1312713996361388,3.1312713996361388,1.0
"[1.0, -2.290308362315786, 1.0]","[-1.0, -2.290308362315786, -1.0]",1.963052914695685,1.963052914695685,1.0
"[1.0, 0.5184887444285249, 1.0]","[-1.0, 0.5184887444285249, -1.0]",2.792194760583811,2.792194760583811,1.0
"[1.0, -0.5134677717628118, 1.0]","[-1.0, -0.5134677717628118, -1.0]",3.2919352530363803,3.2919352530363803,1.0
"[1.0, -2.246442371450738, 1.0]","[-1.0, -2.246442371450738, -1.0]",2.1949562135851832,2.1949562135851832,1.0
"[1.0, -0.5184030782467616, 1.0]","[-1.0, -0.5184030782467616, -1.0]",2.792557731395705,2.792557731395705,1.0
"[1.0, 0.5140397290559152, 1.0]","[-1.0, 0.5140397290559152, -1.0]",3.29247520347965,3.29247520347965,1.0
"[1.0, 2.291191029766394, 1.0]","[-1.0, 2.291191029766394, -1.0]",1.9622902767427512,1.9622902767427512,1.0
"[1.0, 2.2865573342412873, 1.0]","[-1.0, 2.2865573342412873, -1.0]",1.9590935173091424,1.9590935173091424,1.0
"[1.0, 2.2783215930162255, 1.0]","[-1.0, 2.2783215930162255, -1.0]",1.9630011721020717,1.9630011721020717,1.0
"[1.0, 0.5216058622278839, 1.0]","[-1.0, 0.5216058622278839, -1.0]",3.1487227680786556,3.1487227680786556,1.0
"[1.0, -0.811219826398785, 1.0]","[-1.0, -0.811219826398785, -1.0]",5.633054197432019,5.633054197432019,1.0
"[1.0, -3.5775559263105974, 1.0]","[-1.0, -3.5775559263105974, -1.0]",3.134671026118761,3.134671026118761,1.0
"[1.0, -3.652752488947654, 1.0]","[-1.0, -3.652752488947654, -1.0]",2.948704652218679,2.948704652218679,1.0
"[1.0, -3.57640026817085, 1.0]","[-1.0, -3.57640026817085, -1.0]",3.014170663255785,3.014170663255785,1.0
"[1.0, -2.2864346055149523, 1.0]","[-1.0, -2.2864346055149523, -1.0]",1.9609587522490912,1.9609587522490912,1.0
"[1.0, -3.573444575561138, 1.0]","[-1.0, -3.573444575561138, -1.0]",3.1214097468175814,3.1214097468175814,1.0
"[1.0, -4.542919775991031, 1.0]","[-1.0, -4.542919775991031, -1.0]",3.8580857379012645,3.8580857379012645,1.0
"[1.0, -3.6497694103247493, 1.0]","[-1.0, -3.6497694103247493, -1.0]",2.9451659542296165,2.9451659542296165,1.0
"[1.0, -2.301043694801519, 1.0]","[-1.0, -2.301043694801519, -1.0]",2.015693429082465,2.015693429082465,1.0
"[1.0, -2.2830246669814453, 1.0]","[-1.0, -2.2830246669814453, -1.0]",1.9578026177936876,1.9578026177936876,1.0
"[1.0, -2.2629330159628265, 1.0]","[-1.0, -2.2629330159628265, -1.0]",2.1932894866267088,2.1932894866267088,1.0
"[1.0, -3.5817197995250583, 1.0]","[-1.0, -3.5817197995250583, -1.0]",3.1402409246964638,3.1402409246964638,1.0
"[1.0, -4.633052566831849, 1.0]","[-1.0, -4.633052566831849, -1.0]",3.675003301463468,3.675003301463468,1.0
"[1.0, -3.648534635268377, 1.0]","[-1.0, -3.648534635268377, -1.0]",2.94359123736735,2.94359123736735,1.0
"[1.0, -2.2935879661395235, 1.0]","[-1.0, -2.2935879661395235, -1.0]",2.1190222811564654,2.1190222811564654,1.0
"[1.0, 0.5183831860396366, 1.0]","[-1.0, 0.5183831860396366, -1.0]",2.7924124926066276,2.7924124926066276,1.0
"[1.0, 2.2475996787900856, 1.0]","[-1.0, 2.2475996787900856, -1.0]",2.196251942757589,2.196251942757589,1.0
"[1.0, -0.51836312737386, 1.0]","[-1.0, -0.51836312737386, -1.0]",2.792692501504818,2.792692501504818,1.0
"[1.0, 2.2515854917893257, 1.0]","[-1.0, 2.2515854917893257, -1.0]",2.1971820732543796,2.1971820732543796,1.0
"[1.0, 3.6508395345466655, 1.0]","[-1.0, 3.6508395345466655, -1.0]",2.9460689357967613,2.9460689357967613,1.0
"[1.0, 5.3314585237389105, 1.0]","[-1.0, 5.3314585237389105, -1.0]",4.452881124603294,4.452881124603294,1.0
"[1.0, 5.4429332184538435, 1.0]","[-1.0, 5.4429332184538435, -1.0]",4.28418505744799,4.28418505744799,1.0
"[1.0, 2.2764793089974495, 1.0]","[-1.0, 2.2764793089974495, -1.0]",6.125761998244309,6.125761998244309,1.0
"[1.0, 2.2709057596794624, 1.0]","[-1.0, 2.2709057596794624, -1.0]",6.119032624450837,6.119032624450837,1.0
"[1.0, 4.617617147765451, 1.0]","[-1.0, 4.617617147765451, -1.0]",3.783962855681088,3.783962855681088,1.0
"[1.0, 6.1458662837346845, 1.0]","[-1.0, 6.1458662837346845, -1.0]",4.814181702259652,4.814181702259652,1.0
"[1.0, 5.336718239085304, 1.0]","[-1.0, 5.336718239085304, -1.0]",4.46433248011508,4.46433248011508,1.0
"[1.0, 3.5821467410708134, 1.0]","[-1.0, 3.5821467410708134, -1.0]",3.1409892461975533,3.1409892461975533,1.0
"[1.0, 2.283045768066699, 1.0]","[-1.0, 2.283045768066699, -1.0]",2.119774843610602,2.119774843610602,1.0
"[1.0, 2.2842837892927728, 1.0]","[-1.0, 2.2842837892927728, -1.0]",1.958351993309882,1.958351993309882,1.0
"[1.0, 0.5183930201998854, 1.0]","[-1.0, 0.5183930201998854, -1.0]",2.791947526581079,2.791947526581079,1.0
"[1.0, -0.5183950729201339, 1.0]","[-1.0, -0.5183950729201339, -1.0]",2.7922541173498856,2.7922541173498856,1.0
"[1.0, 2.250326602417402, 1.0]","[-1.0, 2.250326602417402, -1.0]",2.1982409906272324,2.1982409906272324,1.0
"[1.0, 0.5146217281014516, 1.0]","[-1.0, 0.5146217281014516, -1.0]",3.290075645810212,3.290075645810212,1.0
"[1.0, 3.581919161819211, 1.0]","[-1.0, 3.581919161819211, -1.0]",3.1400598372518,3.1400598372518,1.0
"[1.0, 3.5819746018002245, 1.0]","[-1.0, 3.5819746018002245, -1.0]",3.1412792548977055,3.1412792548977055,1.0
"[1.0, 0.5199480027887322, 1.0]","[-1.0, 0.5199480027887322, -1.0]",3.08910320991931,3.08910320991931,1.0
"[1.0, -2.250161466060768, 1.0]","[-1.0, -2.250161466060768, -1.0]",2.2011932162579764,2.2011932162579764,1.0
"[1.0, -0.5247678458973418, 1.0]","[-1.0, -0.5247678458973418, -1.0]",3.047345476459767,3.047345476459767,1.0
"[1.0, -3.5805467751645015, 1.0]","[-1.0, -3.5805467751645015, -1.0]",3.1391445594722858,3.1391445594722858,1.0
"[1.0, -1.6040961409778767, 1.0]","[-1.0, -1.6040961409778767, -1.0]",4.763190838972029,4.763190838972029,1.0
"[1.0, 0.5178484996966716, 1.0]","[-1.0, 0.5178484996966716, -1.0]",2.838555926921857,2.838555926921857,1.0
"[1.0, -0.5126997709891652, 1.0]","[-1.0, -0.5126997709891652, -1.0]",3.291958001116494,3.291958001116494,1.0
"[1.0, -3.579939943717825, 1.0]","[-1.0, -3.579939943717825, -1.0]",3.138406838645114,3.138406838645114,1.0
"[1.0, -3.6508186708273476, 1.0]","[-1.0, -3.6508186708273476, -1.0]",2.9459944709970376,2.9459944709970376,1.0
"[1.0, -2.255663205296615, 1.0]","[-1.0, -2.255663205296615, -1.0]",1.9795250279273398,1.9795250279273398,1.0
"[1.0, -0.5183922108006246, 1.0]","[-1.0, -0.5183922108006246, -1.0]",2.79235628195887,2.79235628195887,1.0
"[1.0, -0.5139380742832275, 1.0]","[-1.0, -0.5139380742832275, -1.0]",3.2921934367701953,3.2921934367701953,1.0
"[1.0, -1.6041993085467685, 1.0]","[-1.0, -1.6041993085467685, -1.0]",4.767747170631911,4.767747170631911,1.0
"[1.0, -3.5805799794832076, 1.0]","[-1.0, -3.5805799794832076, -1.0]",3.139743810583945,3.139743810583945,1.0
"[1.0, -2.3009245377629375, 1.0]","[-1.0, -2.3009245377629375, -1.0]",1.9914253050290205,1.9914253050290205,1.0
"[1.0, -2.2506222945228243, 1.0]","[-1.0, -2.2506222945228243, -1.0]",2.172241471832383,2.172241471832383,1.0
"[1.0, -2.2853498540003625, 1.0]","[-1.0, -2.2853498540003625, -1.0]",1.9596255738727304,1.9596255738727304,1.0
"[1.0, -3.648980275370668, 1.0]","[-1.0, -3.648980275370668, -1.0]",2.9446122757577635,2.9446122757577635,1.0
"[1.0, -0.5183882917844342, 1.0]","[-1.0, -0.5183882917844342, -1.0]",2.792090897243507,2.792090897243507,1.0
"[1.0, 2.249325094784249, 1.0]","[-1.0, 2.249325094784249, -1.0]",2.1971501947448813,2.1971501947448813,1.0
"[1.0, 2.2373400380703106, 1.0]","[-1.0, 2.2373400380703106, -1.0]",2.1370133152920876,2.1370133152920876,1.0
"[1.0, 0.5229234214201993, 1.0]","[-1.0, 0.5229234214201993, -1.0]",2.998621696156641,2.998621696156641,1.0
"[1.0, 2.24733166099775, 1.0]","[-1.0, 2.24733166099775, -1.0]",2.196847697164886,2.196847697164886,1.0
"[1.0, 0.5183971181254624, 1.0]","[-1.0, 0.5183971181254624, -1.0]",2.7924106412483316,2.7924106412483316,1.0
"[1.0, 3.57978231071364, 1.0]","[-1.0, 3.57978231071364, -1.0]",3.138343445475584,3.138343445475584,1.0
"[1.0, 3.5791945972262016, 1.0]","[-1.0, 3.5791945972262016, -1.0]",3.137523997393655,3.137523997393655,1.0
"[1.0, 2.2373083886150837, 1.0]","[-1.0, 2.2373083886150837, -1.0]",2.1764147834468184,2.1764147834468184,1.0
"[1.0, 2.2981661427202047, 1.0]","[-1.0, 2.2981661427202047, -1.0]",1.9757393556498914,1.9757393556498914,1.0
"[1.0, 3.6504896297966494, 1.0]","[-1.0, 3.6504896297966494, -1.0]",2.944907905184167,2.944907905184167,1.0
"[1.0, 3.6500894681163136, 1.0]","[-1.0, 3.6500894681163136, -1.0]",2.9448989614065524,2.9448989614065524,1.0
"[1.0, 3.5874286573493857, 1.0]","[-1.0, 3.5874286573493857, -1.0]",3.143179547884401,3.143179547884401,1.0
"[1.0, 2.2500524650269167, 1.0]","[-1.0, 2.2500524650269167, -1.0]",2.1984995137411443,2.1984995137411443,1.0
"[1.0, 2.2859411647765673, 1.0]","[-1.0, 2.2859411647765673, -1.0]",1.9585557278352728,1.9585557278352728,1.0
"[1.0, 3.5801888942192748, 1.0]","[-1.0, 3.5801888942192748, -1.0]",3.1384303992962517,3.1384303992962517,1.0
"[1.0, 4.542580642697948, 1.0]","[-1.0, 4.542580642697948, -1.0]",3.858367601127063,3.858367601127063,1.0
"[1.0, 3.580064875481603, 1.0]","[-1.0, 3.580064875481603, -1.0]",3.1389450545457165,3.1389450545457165,1.0
"[1.0, 0.5149500909237963, 1.0]","[-1.0, 0.5149500909237963, -1.0]",3.0885900478156283,3.0885900478156283,1.0
"[1.0, 0.5152771121003321, 1.0]","[-1.0, 0.5152771121003321, -1.0]",2.799443110322468,2.799443110322468,1.0
"[1.0, 0.5121218431477278, 1.0]","[-1.0, 0.5121218431477278, -1.0]",3.1944826578628107,3.1944826578628107,1.0
"[1.0, -2.2465056959648257, 1.0]","[-1.0, -2.2465056959648257, -1.0]",2.1957788891102688,2.1957788891102688,1.0
"[1.0, -2.2911211402564207, 1.0]","[-1.0, -2.2911211402564207, -1.0]",1.9623247006765694,1.9623247006765694,1.0
"[1.0, -2.2470257988396987, 1.0]","[-1.0, -2.2470257988396987, -1.0]",2.1959276316159575,2.1959276316159575,1.0
"[1.0, -2.2894749619233443, 1.0]","[-1.0, -2.2894749619233443, -1.0]",1.9612578722076626,1.9612578722076626,1.0
"[1.0, -3.6553252099688938, 1.0]","[-1.0, -3.6553252099688938, -1.0]",2.9543172671536566,2.9543172671536566,1.0
"[1.0, -4.635504934125882, 1.0]","[-1.0, -4.635504934125882, -1.0]",3.6781239081983537,3.6781239081983537,1.0
"[1.0, -3.651942114745494, 1.0]","[-1.0, -3.651942114745494, -1.0]",2.9466505680500488,2.9466505680500488,1.0
"[1.0, -4.546462135807048, 1.0]","[-1.0, -4.546462135807048, -1.0]",3.8357770805041405,3.8357770805041405,1.0
"[1.0, -3.6504287642238613, 1.0]","[-1.0, -3.6504287642238613, -1.0]",2.946691969002882,2.946691969002882,1.0
"[1.0, -3.6509888131709913, 1.0]","[-1.0, -3.6509888131709913, -1.0]",2.946127524018024,2.946127524018024,1.0
"[1.0, -2.252574527510596, 1.0]","[-1.0, -2.252574527510596, -1.0]",2.1976733015567183,2.1976733015567183,1.0
"[1.0, -2.286142842854997, 1.0]","[-1.0, -2.286142842854997, -1.0]",1.9597136134792463,1.9597136134792463,1.0
"[1.0, 0.5183889760288054, 1.0]","[-1.0, 0.5183889760288054, -1.0]",2.7923671688752503,2.7923671688752503,1.0
"[1.0, 0.5132781553439695, 1.0]","[-1.0, 0.5132781553439695, -1.0]",3.28579935040598,3.28579935040598,1.0
"[1.0, -0.5182898421940072, 1.0]","[-1.0, -0.5182898421940072, -1.0]",2.79224890245265,2.79224890245265,1.0
"[1.0, -1.6051715741285542, 1.0]","[-1.0, -1.6051715741285542, -1.0]",4.771843170312095,4.771843170312095,1.0
"[1.0, -2.271192462733545, 1.0]","[-1.0, -2.271192462733545, -1.0]",6.118338508600782,6.118338508600782,1.0
"[1.0, -5.333583337108942, 1.0]","[-1.0, -5.333583337108942, -1.0]",4.4603587192548035,4.4603587192548035,1.0
"[1.0, -3.5782214026117254, 1.0]","[-1.0, -3.5782214026117254, -1.0]",3.136211892622562,3.136211892622562,1.0
"[1.0, -2.269638432887852, 1.0]","[-1.0, -2.269638432887852, -1.0]",6.120382153178001,6.120382153178001,1.0
"[1.0, -5.334234702774589, 1.0]","[-1.0, -5.334234702774589, -1.0]",4.460977941650889,4.460977941650889,1.0
"[1.0, -4.635505876012311, 1.0]","[-1.0, -4.635505876012311, -1.0]",3.678367257487066,3.678367257487066,1.0
"[1.0, -6.147948840379228, 1.0]","[-1.0, -6.147948840379228, -1.0]",4.816754272961948,4.816754272961948,1.0
"[1.0, -4.542517652439866, 1.0]","[-1.0, -4.542517652439866, -1.0]",3.856294729603011,3.856294729603011,1.0
"[1.0, -4.5447583705281165, 1.0]","[-1.0, -4.5447583705281165, -1.0]",3.859124523087388,3.859124523087388,1.0
"[1.0, -3.581742155635804, 1.0]","[-1.0, -3.581742155635804, -1.0]",3.1395356613877015,3.1395356613877015,1.0
"[1.0, -4.633224480985821, 1.0]","[-1.0, -4.633224480985821, -1.0]",3.6758453699304887,3.6758453699304887,1.0
"[1.0, -5.335651234077578, 1.0]","[-1.0, -5.335651234077578, -1.0]",4.46308298962813,4.46308298962813,1.0
"[1.0, -4.543466082249451, 1.0]","[-1.0, -4.543466082249451, -1.0]",3.859454963735383,3.859454963735383,1.0
"[1.0, -5.442704315221703, 1.0]","[-1.0, -5.442704315221703, -1.0]",4.283270484841627,4.283270484841627,1.0
"[1.0, -3.5739719523276134, 1.0]","[-1.0, -3.5739719523276134, -1.0]",3.0695043662683124,3.0695043662683124,1.0
"[1.0, -5.336682005606016, 1.0]","[-1.0, -5.336682005606016, -1.0]",4.464189752357852,4.464189752357852,1.0
"[1.0, -3.58278051609912, 1.0]","[-1.0, -3.58278051609912, -1.0]",3.1413752970776403,3.1413752970776403,1.0
"[1.0, -0.5183851371309871, 1.0]","[-1.0, -0.5183851371309871, -1.0]",2.7925025665204104,2.7925025665204104,1.0
"[1.0, 0.515846251597295, 1.0]","[-1.0, 0.515846251597295, -1.0]",3.2284453475829147,3.2284453475829147,1.0
"[1.0, 2.266002293319548, 1.0]","[-1.0, 2.266002293319548, -1.0]",2.1948954220828742,2.1948954220828742,1.0
"[1.0, 0.5184011593708763, 1.0]","[-1.0, 0.5184011593708763, -1.0]",2.792216219556909,2.792216219556909,1.0
"[1.0, 2.283927276528509, 1.0]","[-1.0, 2.283927276528509, -1.0]",2.1087792868794897,2.1087792868794897,1.0
"[1.0, -0.5186947534754068, 1.0]","[-1.0, -0.5186947534754068, -1.0]",2.794056177421098,2.794056177421098,1.0
"[1.0, -0.5123595120079063, 1.0]","[-1.0, -0.5123595120079063, -1.0]",3.2856247862183134,3.2856247862183134,1.0
"[1.0, 0.5187869747513622, 1.0]","[-1.0, 0.5187869747513622, -1.0]",2.793377659741373,2.793377659741373,1.0
"[1.0, 1.593454852169662, 1.0]","[-1.0, 1.593454852169662, -1.0]",4.81034075577555,4.81034075577555,1.0
"[1.0, 0.5206392602422154, 1.0]","[-1.0, 0.5206392602422154, -1.0]",2.7966255302239635,2.7966255302239635,1.0
"[1.0, -2.245407786476188, 1.0]","[-1.0, -2.245407786476188, -1.0]",2.192472790405048,2.192472790405048,1.0
"[1.0, -3.57988882826869, 1.0]","[-1.0, -3.57988882826869, -1.0]",3.138709521920401,3.138709521920401,1.0
"[1.0, -4.542425119782769, 1.0]","[-1.0, -4.542425119782769, -1.0]",3.8570199068595907,3.8570199068595907,1.0
"[1.0, -3.57981525746511, 1.0]","[-1.0, -3.57981525746511, -1.0]",3.13777098314391,3.13777098314391,1.0
"[1.0, -2.2887965769512686, 1.0]","[-1.0, -2.2887965769512686, -1.0]",1.9607728045354207,1.9607728045354207,1.0
"[1.0, -0.5183854520573108, 1.0]","[-1.0, -0.5183854520573108, -1.0]",2.792229680614546,2.792229680614546,1.0
"[1.0, -0.5139096798010208, 1.0]","[-1.0, -0.5139096798010208, -1.0]",3.2923039426209333,3.2923039426209333,1.0
"[1.0, 0.5144611289570724, 1.0]","[-1.0, 0.5144611289570724, -1.0]",3.1552394695919928,3.1552394695919928,1.0
"[1.0, 0.5139046252364579, 1.0]","[-1.0, 0.5139046252364579, -1.0]",3.291827278159815,3.291827278159815,1.0
"[1.0, -0.5155076064294234, 1.0]","[-1.0, -0.5155076064294234, -1.0]",3.1005759824007346,3.1005759824007346,1.0
"[1.0, -0.5175926934667958, 1.0]","[-1.0, -0.5175926934667958, -1.0]",3.2856576631938172,3.2856576631938172,1.0
"[1.0, -2.242765697705598, 1.0]","[-1.0, -2.242765697705598, -1.0]",2.192130713436188,2.192130713436188,1.0
"[1.0, -2.2497193623822707, 1.0]","[-1.0, -2.2497193623822707, -1.0]",2.197456689826368,2.197456689826368,1.0
"[1.0, 0.5259307769321749, 1.0]","[-1.0, 0.5259307769321749, -1.0]",2.9108339820133624,2.9108339820133624,1.0
"[1.0, 2.243486023323568, 1.0]","[-1.0, 2.243486023323568, -1.0]",2.1922375394329485,2.1922375394329485,1.0
"[1.0, 0.8102502605721373, 1.0]","[-1.0, 0.8102502605721373, -1.0]",5.6260995934062885,5.6260995934062885,1.0
"[1.0, -0.8102608471559916, 1.0]","[-1.0, -0.8102608471559916, -1.0]",5.625766267511841,5.625766267511841,1.0
"[1.0, -3.5780538811347777, 1.0]","[-1.0, -3.5780538811347777, -1.0]",3.135759630411935,3.135759630411935,1.0
"[1.0, -4.63568586691924, 1.0]","[-1.0, -4.63568586691924, -1.0]",3.6790254849323594,3.6790254849323594,1.0
"[1.0, -5.329759676381526, 1.0]","[-1.0, -5.329759676381526, -1.0]",4.39891595015361,4.39891595015361,1.0
"[1.0, -3.579706788846843, 1.0]","[-1.0, -3.579706788846843, -1.0]",3.1379776986908676,3.1379776986908676,1.0
"[1.0, -3.579142037775377, 1.0]","[-1.0, -3.579142037775377, -1.0]",3.1381299075265785,3.1381299075265785,1.0
"[1.0, -3.6114780068251084, 1.0]","[-1.0, -3.6114780068251084, -1.0]",2.9727380540570056,2.9727380540570056,1.0
"[1.0, -4.634339442382109, 1.0]","[-1.0, -4.634339442382109, -1.0]",3.6775641426665566,3.6775641426665566,1.0
"[1.0, -4.542126363404922, 1.0]","[-1.0, -4.542126363404922, -1.0]",3.8567069764063624,3.8567069764063624,1.0
"[1.0, -1.6085505844406722, 1.0]","[-1.0, -1.6085505844406722, -1.0]",4.777960857008759,4.777960857008759,1.0
"[1.0, -1.5992733270752877, 1.0]","[-1.0, -1.5992733270752877, -1.0]",4.772962434924339,4.772962434924339,1.0
"[1.0, -0.5139142983768851, 1.0]","[-1.0, -0.5139142983768851, -1.0]",3.292490573955567,3.292490573955567,1.0
"[1.0, -2.2886246906106145, 1.0]","[-1.0, -2.2886246906106145, -1.0]",1.960531138846574,1.960531138846574,1.0
"[1.0, 0.5184003734875338, 1.0]","[-1.0, 0.5184003734875338, -1.0]",2.7924532280472687,2.7924532280472687,1.0
"[1.0, 0.5184065299506505, 1.0]","[-1.0, 0.5184065299506505, -1.0]",2.792105507218949,2.792105507218949,1.0
"[1.0, 0.518395513920119, 1.0]","[-1.0, 0.518395513920119, -1.0]",2.7921261393941386,2.7921261393941386,1.0
"[1.0, -2.248333538358476, 1.0]","[-1.0, -2.248333538358476, -1.0]",2.196697245207413,2.196697245207413,1.0
"[1.0, -0.5184052967079555, 1.0]","[-1.0, -0.5184052967079555, -1.0]",2.7925245211295615,2.7925245211295615,1.0
"[1.0, 2.2794191724058033, 1.0]","[-1.0, 2.2794191724058033, -1.0]",1.9731782009068386,1.9731782009068386,1.0
"[1.0, 2.24597711205039, 1.0]","[-1.0, 2.24597711205039, -1.0]",2.195616014937636,2.195616014937636,1.0
"[1.0, 2.2441823152873375, 1.0]","[-1.0, 2.2441823152873375, -1.0]",2.1930761026615415,2.1930761026615415,1.0
"[1.0, 0.5183976951826655, 1.0]","[-1.0, 0.5183976951826655, -1.0]",2.7925137421037816,2.7925137421037816,1.0
"[1.0, -0.5208228986523467, 1.0]","[-1.0, -0.5208228986523467, -1.0]",2.7959098705424874,2.7959098705424874,1.0
"[1.0, -3.57732245727415, 1.0]","[-1.0, -3.57732245727415, -1.0]",3.1358562519302,3.1358562519302,1.0
"[1.0, -2.246068059338164, 1.0]","[-1.0, -2.246068059338164, -1.0]",2.195029515112716,2.195029515112716,1.0
"[1.0, -0.5184350040379976, 1.0]","[-1.0, -0.5184350040379976, -1.0]",2.79241126685901,2.79241126685901,1.0
"[1.0, 1.6058951689861372, 1.0]","[-1.0, 1.6058951689861372, -1.0]",4.769636986139783,4.769636986139783,1.0
"[1.0, 0.8102677582162168, 1.0]","[-1.0, 0.8102677582162168, -1.0]",5.626061611322587,5.626061611322587,1.0
"[1.0, -0.8102356725296475, 1.0]","[-1.0, -0.8102356725296475, -1.0]",5.625608181612377,5.625608181612377,1.0
"[1.0, 1.5987542330237465, 1.0]","[-1.0, 1.5987542330237465, -1.0]",4.935251197180446,4.935251197180446,1.0
"[1.0, 4.540163832588693, 1.0]","[-1.0, 4.540163832588693, -1.0]",3.8546258329751044,3.8546258329751044,1.0
"[1.0, 6.148538621899729, 1.0]","[-1.0, 6.148538621899729, -1.0]",4.818210517158328,4.818210517158328,1.0
"[1.0, 6.779980549979569, 1.0]","[-1.0, 6.779980549979569, -1.0]",5.296334434611615,5.296334434611615,1.0
"[1.0, 6.1484729886840235, 1.0]","[-1.0, 6.1484729886840235, -1.0]",4.818420972290138,4.818420972290138,1.0
"[1.0, 3.653563179104201, 1.0]","[-1.0, 3.653563179104201, -1.0]",2.950593673395647,2.950593673395647,1.0
"[1.0, 0.5207727546220845, 1.0]","[-1.0, 0.5207727546220845, -1.0]",2.827517256268311,2.827517256268311,1.0
"[1.0, 3.5769643061702467, 1.0]","[-1.0, 3.5769643061702467, -1.0]",3.1341622071268427,3.1341622071268427,1.0
"[1.0, 0.518754982015305, 1.0]","[-1.0, 0.518754982015305, -1.0]",2.7926852832030455,2.7926852832030455,1.0
"[1.0, -1.5986370341746399, 1.0]","[-1.0, -1.5986370341746399, -1.0]",4.787124394124257,4.787124394124257,1.0
"[1.0, 0.5111927448109611, 1.0]","[-1.0, 0.5111927448109611, -1.0]",3.287033504726607,3.287033504726607,1.0
"[1.0, 2.302625352381991, 1.0]","[-1.0, 2.302625352381991, -1.0]",2.0505694245255506,2.0505694245255506,1.0
"[1.0, 2.2628938479231904, 1.0]","[-1.0, 2.2628938479231904, -1.0]",2.1949786808028366,2.1949786808028366,1.0
"[1.0, -0.2531841751428201, 1.0]","[-1.0, -0.2531841751428201, -1.0]",5.8734544347347635,5.8734544347347635,1.0
"[1.0, -0.8100756278843548, 1.0]","[-1.0, -0.8100756278843548, -1.0]",5.627536435997186,5.627536435997186,1.0
"[1.0, 0.5138264069816834, 1.0]","[-1.0, 0.5138264069816834, -1.0]",3.2915211098839876,3.2915211098839876,1.0
"[1.0, 2.2925062270282797, 1.0]","[-1.0, 2.2925062270282797, -1.0]",2.159845135225073,2.159845135225073,1.0
"[1.0, 3.653991954273821, 1.0]","[-1.0, 3.653991954273821, -1.0]",2.9516512009107174,2.9516512009107174,1.0
"[1.0, 3.580799166294083, 1.0]","[-1.0, 3.580799166294083, -1.0]",3.1390466790036986,3.1390466790036986,1.0
"[1.0, 3.5719738596207895, 1.0]","[-1.0, 3.5719738596207895, -1.0]",3.0922032720718944,3.0922032720718944,1.0
"[1.0, 4.636054256257682, 1.0]","[-1.0, 4.636054256257682, -1.0]",3.6797568940176686,3.6797568940176686,1.0
"[1.0, 6.1482602285788515, 1.0]","[-1.0, 6.1482602285788515, -1.0]",4.818349680884162,4.818349680884162,1.0
"[1.0, 5.334313232846082, 1.0]","[-1.0, 5.334313232846082, -1.0]",4.459996845343478,4.459996845343478,1.0
"[1.0, 4.633983128923158, 1.0]","[-1.0, 4.633983128923158, -1.0]",3.677793867139119,3.677793867139119,1.0
"[1.0, 1.593827229680484, 1.0]","[-1.0, 1.593827229680484, -1.0]",4.81449522546866,4.81449522546866,1.0
"[1.0, 4.543226878986541, 1.0]","[-1.0, 4.543226878986541, -1.0]",3.8587492409565183,3.8587492409565183,1.0
"[1.0, 4.6322725479039955, 1.0]","[-1.0, 4.6322725479039955, -1.0]",3.6751156469706707,3.6751156469706707,1.0
"[1.0, 3.65854397005979, 1.0]","[-1.0, 3.65854397005979, -1.0]",3.0344762693629157,3.0344762693629157,1.0
"[1.0, 3.6469248976674193, 1.0]","[-1.0, 3.6469248976674193, -1.0]",2.9424425022772867,2.9424425022772867,1.0
"[1.0, 2.2356434279331108, 1.0]","[-1.0, 2.2356434279331108, -1.0]",2.133093445350743,2.133093445350743,1.0
"[1.0, 0.5183829330956782, 1.0]","[-1.0, 0.5183829330956782, -1.0]",2.79221651224802,2.79221651224802,1.0
"[1.0, 0.5183796887949108, 1.0]","[-1.0, 0.5183796887949108, -1.0]",2.7923581653418035,2.7923581653418035,1.0
"[1.0, 0.5209353248370527, 1.0]","[-1.0, 0.5209353248370527, -1.0]",2.831204585242304,2.831204585242304,1.0
"[1.0, 0.5183944585789697, 1.0]","[-1.0, 0.5183944585789697, -1.0]",2.7922587372656613,2.7922587372656613,1.0
"[1.0, -2.2491245757598857, 1.0]","[-1.0, -2.2491245757598857, -1.0]",2.197949706445708,2.197949706445708,1.0
"[1.0, -0.5183987340902438, 1.0]","[-1.0, -0.5183987340902438, -1.0]",2.792232842957548,2.792232842957548,1.0
"[1.0, 0.516135027823661, 1.0]","[-1.0, 0.516135027823661, -1.0]",2.7967192240289855,2.7967192240289855,1.0
"[1.0, -2.2665688365316923, 1.0]","[-1.0, -2.2665688365316923, -1.0]",2.187585560454666,2.187585560454666,1.0
"[1.0, 0.5185179889342093, 1.0]","[-1.0, 0.5185179889342093, -1.0]",2.7931364030259287,2.7931364030259287,1.0
"[1.0, 2.2640426111955816, 1.0]","[-1.0, 2.2640426111955816, -1.0]",2.1942881406150074,2.1942881406150074,1.0
"[1.0, 0.5183825157816592, 1.0]","[-1.0, 0.5183825157816592, -1.0]",2.792539357480209,2.792539357480209,1.0
"[1.0, 2.28366020960652, 1.0]","[-1.0, 2.28366020960652, -1.0]",2.1691345055973463,2.1691345055973463,1.0
"[1.0, 0.5183902142656232, 1.0]","[-1.0, 0.5183902142656232, -1.0]",2.7923204387007945,2.7923204387007945,1.0
"[1.0, 0.5222389904418436, 1.0]","[-1.0, 0.5222389904418436, -1.0]",2.974611496670899,2.974611496670899,1.0
"[1.0, 0.8099953490643726, 1.0]","[-1.0, 0.8099953490643726, -1.0]",5.626504539174978,5.626504539174978,1.0
"[1.0, -1.6104360495305194, 1.0]","[-1.0, -1.6104360495305194, -1.0]",4.792550423197345,4.792550423197345,1.0
"[1.0, -0.5139044378145208, 1.0]","[-1.0, -0.5139044378145208, -1.0]",3.292411712680531,3.292411712680531,1.0
"[1.0, -0.5168070617897946, 1.0]","[-1.0, -0.5168070617897946, -1.0]",3.2786814710932117,3.2786814710932117,1.0
"[1.0, -2.2445796948247096, 1.0]","[-1.0, -2.2445796948247096, -1.0]",2.194652531122218,2.194652531122218,1.0
"[1.0, -0.5150817811626669, 1.0]","[-1.0, -0.5150817811626669, -1.0]",3.0819255867761957,3.0819255867761957,1.0
"[1.0, -0.5139001646391622, 1.0]","[-1.0, -0.5139001646391622, -1.0]",3.2920941240462325,3.2920941240462325,1.0
"[1.0, -0.51617203057338, 1.0]","[-1.0, -0.51617203057338, -1.0]",3.277862971691564,3.277862971691564,1.0
"[1.0, 0.5184206075925093, 1.0]","[-1.0, 0.5184206075925093, -1.0]",2.792372200797138,2.792372200797138,1.0
"[1.0, -0.5184244276868366, 1.0]","[-1.0, -0.5184244276868366, -1.0]",2.792668090031527,2.792668090031527,1.0
"[1.0, -1.6013984265635517, 1.0]","[-1.0, -1.6013984265635517, -1.0]",4.7681088290304485,4.7681088290304485,1.0
"[1.0, -1.610856835494147, 1.0]","[-1.0, -1.610856835494147, -1.0]",4.956661816618441,4.956661816618441,1.0
"[1.0, 0.5139073284777812, 1.0]","[-1.0, 0.5139073284777812, -1.0]",3.292277842944597,3.292277842944597,1.0
"[1.0, 2.234921778171456, 1.0]","[-1.0, 2.234921778171456, -1.0]",2.1505095041172364,2.1505095041172364,1.0
"[1.0, 3.574942368538646, 1.0]","[-1.0, 3.574942368538646, -1.0]",3.1292620294306586,3.1292620294306586,1.0
"[1.0, 5.369465942228073, 1.0]","[-1.0, 5.369465942228073, -1.0]",4.313114147068169,4.313114147068169,1.0
"[1.0, 5.4448788090502385, 1.0]","[-1.0, 5.4448788090502385, -1.0]",4.286887878762315,4.286887878762315,1.0
"[1.0, 6.779481800004216, 1.0]","[-1.0, 6.779481800004216, -1.0]",5.295268729354624,5.295268729354624,1.0
"[1.0, 6.023877145961869, 1.0]","[-1.0, 6.023877145961869, -1.0]",4.993642146397058,4.993642146397058,1.0
"[1.0, 6.779134147890471, 1.0]","[-1.0, 6.779134147890471, -1.0]",5.295128720003698,5.295128720003698,1.0
"[1.0, 5.3309963758961905, 1.0]","[-1.0, 5.3309963758961905, -1.0]",4.396658462761134,4.396658462761134,1.0
"[1.0, 3.5725263140985613, 1.0]","[-1.0, 3.5725263140985613, -1.0]",3.02942631985,3.02942631985,1.0
"[1.0, 3.58060245202585, 1.0]","[-1.0, 3.58060245202585, -1.0]",3.1393531646281856,3.1393531646281856,1.0
"[1.0, 4.536282703238316, 1.0]","[-1.0, 4.536282703238316, -1.0]",3.7909690757226495,3.7909690757226495,1.0
"[1.0, 3.6494846691950342, 1.0]","[-1.0, 3.6494846691950342, -1.0]",2.9440398340524534,2.9440398340524534,1.0
"[1.0, 3.648963811401394, 1.0]","[-1.0, 3.648963811401394, -1.0]",2.944396516028473,2.944396516028473,1.0
"[1.0, 4.63280454738006, 1.0]","[-1.0, 4.63280454738006, -1.0]",3.6751845947200645,3.6751845947200645,1.0
"[1.0, 3.582701091415671, 1.0]","[-1.0, 3.582701091415671, -1.0]",3.1411983435852773,3.1411983435852773,1.0
"[1.0, 3.648828188012495, 1.0]","[-1.0, 3.648828188012495, -1.0]",2.944811615537654,2.944811615537654,1.0
"[1.0, 3.648582559081964, 1.0]","[-1.0, 3.648582559081964, -1.0]",2.9444757365834087,2.9444757365834087,1.0
"[1.0, 4.632383032810065, 1.0]","[-1.0, 4.632383032810065, -1.0]",3.6744771679594534,3.6744771679594534,1.0
"[1.0, 3.6525334279460053, 1.0]","[-1.0, 3.6525334279460053, -1.0]",2.9475732746168943,2.9475732746168943,1.0
"[1.0, 2.2779146958085095, 1.0]","[-1.0, 2.2779146958085095, -1.0]",1.9579533800252968,1.9579533800252968,1.0
"[1.0, 3.6417509686598555, 1.0]","[-1.0, 3.6417509686598555, -1.0]",2.9402273314012413,2.9402273314012413,1.0
"[1.0, 3.646970280837215, 1.0]","[-1.0, 3.646970280837215, -1.0]",2.94258023638276,2.94258023638276,1.0
"[1.0, 0.810217586295965, 1.0]","[-1.0, 0.810217586295965, -1.0]",5.625583652422797,5.625583652422797,1.0
"[1.0, 0.5139309627305768, 1.0]","[-1.0, 0.5139309627305768, -1.0]",3.2925686875045805,3.2925686875045805,1.0
"[1.0, -0.5157903364000116, 1.0]","[-1.0, -0.5157903364000116, -1.0]",3.129837634437602,3.129837634437602,1.0
"[1.0, 2.2465068784289928, 1.0]","[-1.0, 2.2465068784289928, -1.0]",2.195495308621351,2.195495308621351,1.0
"[1.0, 2.2361330602214733, 1.0]","[-1.0, 2.2361330602214733, -1.0]",2.0347819958993254,2.0347819958993254,1.0
"[1.0, -0.5183889278670331, 1.0]","[-1.0, -0.5183889278670331, -1.0]",2.7922974146888944,2.7922974146888944,1.0
"[1.0, -0.5198792826560141, 1.0]","[-1.0, -0.5198792826560141, -1.0]",2.8039369916525736,2.8039369916525736,1.0
"[1.0, -2.302692423715053, 1.0]","[-1.0, -2.302692423715053, -1.0]",2.012234775973616,2.012234775973616,1.0
"[1.0, -0.5059800744896007, 1.0]","[-1.0, -0.5059800744896007, -1.0]",3.048650279243514,3.048650279243514,1.0
"[1.0, 0.810217885147851, 1.0]","[-1.0, 0.810217885147851, -1.0]",5.625736187611279,5.625736187611279,1.0
"[1.0, -0.25318796098235885, 1.0]","[-1.0, -0.25318796098235885, -1.0]",5.872829118259512,5.872829118259512,1.0
"[1.0, -0.5138996018613304, 1.0]","[-1.0, -0.5138996018613304, -1.0]",3.2925158432322723,3.2925158432322723,1.0
"[1.0, 0.5166923971086561, 1.0]","[-1.0, 0.5166923971086561, -1.0]",2.7988306668831275,2.7988306668831275,1.0
"[1.0, -2.2439617022935, 1.0]","[-1.0, -2.2439617022935, -1.0]",2.193323954172885,2.193323954172885,1.0
"[1.0, 0.5219644254455363, 1.0]","[-1.0, 0.5219644254455363, -1.0]",3.148001844977664,3.148001844977664,1.0
"[1.0, -1.5964391287457758, 1.0]","[-1.0, -1.5964391287457758, -1.0]",4.791915557702446,4.791915557702446,1.0
"[1.0, -3.5764365761344172, 1.0]","[-1.0, -3.5764365761344172, -1.0]",3.1336545122157116,3.1336545122157116,1.0
"[1.0, -0.5184287445902118, 1.0]","[-1.0, -0.5184287445902118, -1.0]",2.79222807820518,2.79222807820518,1.0
"[1.0, -2.301672948457009, 1.0]","[-1.0, -2.301672948457009, -1.0]",2.03764368628784,2.03764368628784,1.0
"[1.0, -2.2909306860540624, 1.0]","[-1.0, -2.2909306860540624, -1.0]",1.9627746934296968,1.9627746934296968,1.0
"[1.0, -3.5789086907755663, 1.0]","[-1.0, -3.5789086907755663, -1.0]",3.1367413127576826,3.1367413127576826,1.0
"[1.0, -4.635768815971107, 1.0]","[-1.0, -4.635768815971107, -1.0]",3.6792164307987107,3.6792164307987107,1.0
"[1.0, -4.634777703689127, 1.0]","[-1.0, -4.634777703689127, -1.0]",3.6781477614187104,3.6781477614187104,1.0
"[1.0, -4.542135702899679, 1.0]","[-1.0, -4.542135702899679, -1.0]",3.8565076188257312,3.8565076188257312,1.0
"[1.0, -3.656837517182911, 1.0]","[-1.0, -3.656837517182911, -1.0]",2.95943952834109,2.95943952834109,1.0
"[1.0, -3.5808070725446037, 1.0]","[-1.0, -3.5808070725446037, -1.0]",3.138694547277243,3.138694547277243,1.0
"[1.0, -4.542456470832443, 1.0]","[-1.0, -4.542456470832443, -1.0]",3.8581871672544814,3.8581871672544814,1.0
"[1.0, -5.443555060205218, 1.0]","[-1.0, -5.443555060205218, -1.0]",4.28423608733311,4.28423608733311,1.0
"[1.0, -3.580692975532739, 1.0]","[-1.0, -3.580692975532739, -1.0]",3.138395752862682,3.138395752862682,1.0
"[1.0, -3.6505787829442067, 1.0]","[-1.0, -3.6505787829442067, -1.0]",2.9467513044443425,2.9467513044443425,1.0
"[1.0, -4.633549826826734, 1.0]","[-1.0, -4.633549826826734, -1.0]",3.676734010047541,3.676734010047541,1.0
"[1.0, -3.6366773135854182, 1.0]","[-1.0, -3.6366773135854182, -1.0]",2.9764191076776503,2.9764191076776503,1.0
"[1.0, -3.5723238387013136, 1.0]","[-1.0, -3.5723238387013136, -1.0]",3.1134670933894073,3.1134670933894073,1.0
"[1.0, -0.8101994065966867, 1.0]","[-1.0, -0.8101994065966867, -1.0]",5.625328532734881,5.625328532734881,1.0
"[1.0, -3.5825499568556727, 1.0]","[-1.0, -3.5825499568556727, -1.0]",3.140430581488622,3.140430581488622,1.0
"[1.0, -2.2840373459861176, 1.0]","[-1.0, -2.2840373459861176, -1.0]",1.958247260643412,1.958247260643412,1.0
"[1.0, -2.2838440569289546, 1.0]","[-1.0, -2.2838440569289546, -1.0]",1.958971720980681,1.958971720980681,1.0
"[1.0, -2.272582147305467, 1.0]","[-1.0, -2.272582147305467, -1.0]",2.1872868839907613,2.1872868839907613,1.0
"[1.0, -3.6503996815402924, 1.0]","[-1.0, -3.6503996815402924, -1.0]",2.9461400556790274,2.9461400556790274,1.0
"[1.0, -2.2848178838458915, 1.0]","[-1.0, -2.2848178838458915, -1.0]",1.959628951453443,1.959628951453443,1.0
"[1.0, -2.2689046557672716, 1.0]","[-1.0, -2.2689046557672716, -1.0]",1.9660463731134183,1.9660463731134183,1.0
"[1.0, -0.5240272466155338, 1.0]","[-1.0, -0.5240272466155338, -1.0]",2.841889703929089,2.841889703929089,1.0
"[1.0, 0.5167780686098926, 1.0]","[-1.0, 0.5167780686098926, -1.0]",2.795930259446453,2.795930259446453,1.0
"[1.0, 3.575444768550964, 1.0]","[-1.0, 3.575444768550964, -1.0]",3.0878805767113477,3.0878805767113477,1.0
"[1.0, 1.6096589690232688, 1.0]","[-1.0, 1.6096589690232688, -1.0]",4.8243916920293115,4.8243916920293115,1.0
"[1.0, -0.5216298835841173, 1.0]","[-1.0, -0.5216298835841173, -1.0]",3.2594962832410084,3.2594962832410084,1.0
"[1.0, -2.242683296339231, 1.0]","[-1.0, -2.242683296339231, -1.0]",2.0058477352487825,2.0058477352487825,1.0
"[1.0, 0.5188406630466861, 1.0]","[-1.0, 0.5188406630466861, -1.0]",3.2557728366236245,3.2557728366236245,1.0
"[1.0, 1.597394253047113, 1.0]","[-1.0, 1.597394253047113, -1.0]",4.846503233424268,4.846503233424268,1.0
"[1.0, 4.540003773276141, 1.0]","[-1.0, 4.540003773276141, -1.0]",3.854291676622264,3.854291676622264,1.0
"[1.0, 3.576947381139983, 1.0]","[-1.0, 3.576947381139983, -1.0]",3.1345176021436334,3.1345176021436334,1.0
"[1.0, 3.5788478410224296, 1.0]","[-1.0, 3.5788478410224296, -1.0]",3.136690216263484,3.136690216263484,1.0
"[1.0, 1.6059521030260084, 1.0]","[-1.0, 1.6059521030260084, -1.0]",4.77136353866138,4.77136353866138,1.0
"[1.0, 0.5138862785295913, 1.0]","[-1.0, 0.5138862785295913, -1.0]",3.29224931957438,3.29224931957438,1.0
"[1.0, 0.5183128693062967, 1.0]","[-1.0, 0.5183128693062967, -1.0]",2.792278692825201,2.792278692825201,1.0
"[1.0, -0.5146180071172767, 1.0]","[-1.0, -0.5146180071172767, -1.0]",3.2886944858384246,3.2886944858384246,1.0
"[1.0, -0.8098880728023431, 1.0]","[-1.0, -0.8098880728023431, -1.0]",5.626527774858054,5.626527774858054,1.0
"[1.0, -1.6101136399819627, 1.0]","[-1.0, -1.6101136399819627, -1.0]",4.942619630963405,4.942619630963405,1.0
"[1.0, -4.538950469708285, 1.0]","[-1.0, -4.538950469708285, -1.0]",3.8513133574890124,3.8513133574890124,1.0
"[1.0, -1.6019472107055779, 1.0]","[-1.0, -1.6019472107055779, -1.0]",4.772511743188851,4.772511743188851,1.0
"[1.0, 0.5138986759117031, 1.0]","[-1.0, 0.5138986759117031, -1.0]",3.2921390748448247,3.2921390748448247,1.0
"[1.0, -2.2428686987991706, 1.0]","[-1.0, -2.2428686987991706, -1.0]",2.191650734199904,2.191650734199904,1.0
"[1.0, -3.653662556630757, 1.0]","[-1.0, -3.653662556630757, -1.0]",2.949890996490471,2.949890996490471,1.0
"[1.0, -5.3333416713934945, 1.0]","[-1.0, -5.3333416713934945, -1.0]",4.459805527949951,4.459805527949951,1.0
"[1.0, -5.387165859647735, 1.0]","[-1.0, -5.387165859647735, -1.0]",4.320339214595992,4.320339214595992,1.0
"[1.0, -3.579396848538369, 1.0]","[-1.0, -3.579396848538369, -1.0]",3.137325224156943,3.137325224156943,1.0
"[1.0, -3.5784782440319463, 1.0]","[-1.0, -3.5784782440319463, -1.0]",3.1371031971700183,3.1371031971700183,1.0
"[1.0, -4.541210786892164, 1.0]","[-1.0, -4.541210786892164, -1.0]",3.8568921763355153,3.8568921763355153,1.0
"[1.0, -4.635076053589581, 1.0]","[-1.0, -4.635076053589581, -1.0]",3.678229400354749,3.678229400354749,1.0
"[1.0, -5.443420053878555, 1.0]","[-1.0, -5.443420053878555, -1.0]",4.285208787799854,4.285208787799854,1.0
"[1.0, -5.4434598863806505, 1.0]","[-1.0, -5.4434598863806505, -1.0]",4.284997627544799,4.284997627544799,1.0
"[1.0, -7.356012135433539, 1.0]","[-1.0, -7.356012135433539, -1.0]",5.73263347256897,5.73263347256897,1.0
"[1.0, -6.77779166940667, 1.0]","[-1.0, -6.77779166940667, -1.0]",5.293617843150836,5.293617843150836,1.0
"[1.0, -5.4420291338789655, 1.0]","[-1.0, -5.4420291338789655, -1.0]",4.284361245435376,4.284361245435376,1.0
"[1.0, -4.633044528513241, 1.0]","[-1.0, -4.633044528513241, -1.0]",3.6763866015535718,3.6763866015535718,1.0
"[1.0, -4.633171130055554, 1.0]","[-1.0, -4.633171130055554, -1.0]",3.6769506217330723,3.6769506217330723,1.0
"[1.0, -5.443022543808003, 1.0]","[-1.0, -5.443022543808003, -1.0]",4.283870057537153,4.283870057537153,1.0
"[1.0, -5.429377533897135, 1.0]","[-1.0, -5.429377533897135, -1.0]",4.279632948617551,4.279632948617551,1.0
"[1.0, -6.146630567191896, 1.0]","[-1.0, -6.146630567191896, -1.0]",4.814651355395208,4.814651355395208,1.0
"[1.0, -5.441319289547193, 1.0]","[-1.0, -5.441319289547193, -1.0]",4.282465222901064,4.282465222901064,1.0
"[1.0, -6.145632891813221, 1.0]","[-1.0, -6.145632891813221, -1.0]",4.8133791082309605,4.8133791082309605,1.0
"[1.0, -5.440604407040433, 1.0]","[-1.0, -5.440604407040433, -1.0]",4.283067533744585,4.283067533744585,1.0
"[1.0, -3.57415636270179, 1.0]","[-1.0, -3.57415636270179, -1.0]",3.1224668550264196,3.1224668550264196,1.0
"[1.0, -3.5711953815204254, 1.0]","[-1.0, -3.5711953815204254, -1.0]",3.0499586782210506,3.0499586782210506,1.0
"[1.0, -0.5125780848729421, 1.0]","[-1.0, -0.5125780848729421, -1.0]",3.1746743356921745,3.1746743356921745,1.0
"[1.0, -0.5184138888645737, 1.0]","[-1.0, -0.5184138888645737, -1.0]",2.792502335114895,2.792502335114895,1.0
"[1.0, 2.2687388426058384, 1.0]","[-1.0, 2.2687388426058384, -1.0]",1.9677487849823194,1.9677487849823194,1.0
"[1.0, 2.2988102311082086, 1.0]","[-1.0, 2.2988102311082086, -1.0]",2.055627960108838,2.055627960108838,1.0
"[1.0, 2.2870189111958967, 1.0]","[-1.0, 2.2870189111958967, -1.0]",1.9603743332543435,1.9603743332543435,1.0
"[1.0, 0.5184032367037635, 1.0]","[-1.0, 0.5184032367037635, -1.0]",2.7924993765249093,2.7924993765249093,1.0
"[1.0, 2.2834951795449125, 1.0]","[-1.0, 2.2834951795449125, -1.0]",1.9464116385189045,1.9464116385189045,1.0
"[1.0, 4.537586277937277, 1.0]","[-1.0, 4.537586277937277, -1.0]",3.8077804055533675,3.8077804055533675,1.0
"[1.0, 4.629252983791419, 1.0]","[-1.0, 4.629252983791419, -1.0]",3.676013292331467,3.676013292331467,1.0
"[1.0, 6.020391578920771, 1.0]","[-1.0, 6.020391578920771, -1.0]",4.942761907287697,4.942761907287697,1.0
"[1.0, 6.144562077578697, 1.0]","[-1.0, 6.144562077578697, -1.0]",4.813612623819502,4.813612623819502,1.0
"[1.0, 5.3364004042421245, 1.0]","[-1.0, 5.3364004042421245, -1.0]",4.464417253247297,4.464417253247297,1.0
"[1.0, 5.44166365952957, 1.0]","[-1.0, 5.44166365952957, -1.0]",4.282168389369047,4.282168389369047,1.0
"[1.0, 6.145802857056173, 1.0]","[-1.0, 6.145802857056173, -1.0]",4.814199277652329,4.814199277652329,1.0
"[1.0, 6.77822566790676, 1.0]","[-1.0, 6.77822566790676, -1.0]",5.295056275645054,5.295056275645054,1.0
"[1.0, 4.630651440594484, 1.0]","[-1.0, 4.630651440594484, -1.0]",3.6754102644256146,3.6754102644256146,1.0
"[1.0, 4.633357463296056, 1.0]","[-1.0, 4.633357463296056, -1.0]",3.758676737263255,3.758676737263255,1.0
"[1.0, 4.630469761200266, 1.0]","[-1.0, 4.630469761200266, -1.0]",3.674947022804948,3.674947022804948,1.0
"[1.0, 3.5713712036411627, 1.0]","[-1.0, 3.5713712036411627, -1.0]",3.0822697450197705,3.0822697450197705,1.0
"[1.0, 3.572521901751447, 1.0]","[-1.0, 3.572521901751447, -1.0]",3.0455746201828067,3.0455746201828067,1.0
"[1.0, 0.5169174497951496, 1.0]","[-1.0, 0.5169174497951496, -1.0]",3.248114200528659,3.248114200528659,1.0
"[1.0, 4.541963451213232, 1.0]","[-1.0, 4.541963451213232, -1.0]",3.8575229318227087,3.8575229318227087,1.0
"[1.0, 3.580440154407491, 1.0]","[-1.0, 3.580440154407491, -1.0]",3.139381308887783,3.139381308887783,1.0
"[1.0, 3.6505900604829904, 1.0]","[-1.0, 3.6505900604829904, -1.0]",2.945391824979432,2.945391824979432,1.0
"[1.0, 5.442824687900233, 1.0]","[-1.0, 5.442824687900233, -1.0]",4.284324929421911,4.284324929421911,1.0
"[1.0, 2.2691360574735078, 1.0]","[-1.0, 2.2691360574735078, -1.0]",6.12806943208158,6.12806943208158,1.0
"[1.0, -0.2531877451708132, 1.0]","[-1.0, -0.2531877451708132, -1.0]",5.872963760477108,5.872963760477108,1.0
"[1.0, 1.6020896828585656, 1.0]","[-1.0, 1.6020896828585656, -1.0]",4.783081215054641,4.783081215054641,1.0
"[1.0, 3.578137261637854, 1.0]","[-1.0, 3.578137261637854, -1.0]",3.136655824085651,3.136655824085651,1.0
"[1.0, 4.635957689729929, 1.0]","[-1.0, 4.635957689729929, -1.0]",3.6791911543871665,3.6791911543871665,1.0
"[1.0, 3.6533350127368194, 1.0]","[-1.0, 3.6533350127368194, -1.0]",2.9498112954247575,2.9498112954247575,1.0
"[1.0, 1.6024608985287605, 1.0]","[-1.0, 1.6024608985287605, -1.0]",4.777718138022381,4.777718138022381,1.0
"[1.0, 2.2489564039122056, 1.0]","[-1.0, 2.2489564039122056, -1.0]",2.197727162320326,2.197727162320326,1.0
"[1.0, 2.248870111893289, 1.0]","[-1.0, 2.248870111893289, -1.0]",2.196419564070681,2.196419564070681,1.0
"[1.0, 2.2880439979482006, 1.0]","[-1.0, 2.2880439979482006, -1.0]",1.9605415368408954,1.9605415368408954,1.0
"[1.0, 3.651938147861871, 1.0]","[-1.0, 3.651938147861871, -1.0]",2.946844653133882,2.946844653133882,1.0
"[1.0, 4.538963739795581, 1.0]","[-1.0, 4.538963739795581, -1.0]",3.85165129417218,3.85165129417218,1.0
"[1.0, 3.5802438201219546, 1.0]","[-1.0, 3.5802438201219546, -1.0]",3.1384492345947685,3.1384492345947685,1.0
"[1.0, 4.633749528123313, 1.0]","[-1.0, 4.633749528123313, -1.0]",3.677043009252897,3.677043009252897,1.0
"[1.0, 4.634141164986308, 1.0]","[-1.0, 4.634141164986308, -1.0]",3.676924871272362,3.676924871272362,1.0
"[1.0, 6.147088823358944, 1.0]","[-1.0, 6.147088823358944, -1.0]",4.816477158088475,4.816477158088475,1.0
"[1.0, 4.542486840442591, 1.0]","[-1.0, 4.542486840442591, -1.0]",3.857902760972931,3.857902760972931,1.0
"[1.0, 5.442805900834088, 1.0]","[-1.0, 5.442805900834088, -1.0]",4.285045708994036,4.285045708994036,1.0
"[1.0, 7.35581217769397, 1.0]","[-1.0, 7.35581217769397, -1.0]",5.733247269252658,5.733247269252658,1.0
"[1.0, 6.778388253118328, 1.0]","[-1.0, 6.778388253118328, -1.0]",5.294858247109395,5.294858247109395,1.0
"[1.0, 4.631755967488428, 1.0]","[-1.0, 4.631755967488428, -1.0]",3.676451842804892,3.676451842804892,1.0
"[1.0, 2.253843024057219, 1.0]","[-1.0, 2.253843024057219, -1.0]",2.1932803352677435,2.1932803352677435,1.0
"[1.0, 3.571789258367684, 1.0]","[-1.0, 3.571789258367684, -1.0]",3.0700994638940102,3.0700994638940102,1.0
"[1.0, 0.5184689259134222, 1.0]","[-1.0, 0.5184689259134222, -1.0]",2.7924857318093848,2.7924857318093848,1.0
"[1.0, -2.2584652449238605, 1.0]","[-1.0, -2.2584652449238605, -1.0]",2.1951328510886867,2.1951328510886867,1.0
"[1.0, -2.2489162589766627, 1.0]","[-1.0, -2.2489162589766627, -1.0]",2.195396365301497,2.195396365301497,1.0
"[1.0, -3.652143976242835, 1.0]","[-1.0, -3.652143976242835, -1.0]",2.9478754932464275,2.9478754932464275,1.0
"[1.0, -3.652779693089095, 1.0]","[-1.0, -3.652779693089095, -1.0]",2.9480181034288355,2.9480181034288355,1.0
"[1.0, -4.542863417297314, 1.0]","[-1.0, -4.542863417297314, -1.0]",3.857340187154814,3.857340187154814,1.0
"[1.0, -5.334960570981974, 1.0]","[-1.0, -5.334960570981974, -1.0]",4.462173863211733,4.462173863211733,1.0
"[1.0, -5.443277285402048, 1.0]","[-1.0, -5.443277285402048, -1.0]",4.28411355488182,4.28411355488182,1.0
"[1.0, -5.442239405906208, 1.0]","[-1.0, -5.442239405906208, -1.0]",4.283984382291311,4.283984382291311,1.0
"[1.0, -5.341145452382016, 1.0]","[-1.0, -5.341145452382016, -1.0]",4.462676505774427,4.462676505774427,1.0
"[1.0, -4.5436598280206875, 1.0]","[-1.0, -4.5436598280206875, -1.0]",3.8588211578476863,3.8588211578476863,1.0
"[1.0, -3.5825015878234354, 1.0]","[-1.0, -3.5825015878234354, -1.0]",3.139990694140731,3.139990694140731,1.0
"[1.0, -3.649511950734596, 1.0]","[-1.0, -3.649511950734596, -1.0]",2.9448275265851684,2.9448275265851684,1.0
"[1.0, -2.286009296258356, 1.0]","[-1.0, -2.286009296258356, -1.0]",1.9595181692706478,1.9595181692706478,1.0
"[1.0, -2.283100015000287, 1.0]","[-1.0, -2.283100015000287, -1.0]",2.174534293045699,2.174534293045699,1.0
"[1.0, -0.5183946888217859, 1.0]","[-1.0, -0.5183946888217859, -1.0]",2.792070611468708,2.792070611468708,1.0
"[1.0, -3.6025939809778156, 1.0]","[-1.0, -3.6025939809778156, -1.0]",2.99323809843427,2.99323809843427,1.0
"[1.0, -2.284903977455695, 1.0]","[-1.0, -2.284903977455695, -1.0]",1.9589690087123022,1.9589690087123022,1.0
"[1.0, -0.5183790860756441, 1.0]","[-1.0, -0.5183790860756441, -1.0]",2.7927031166423855,2.7927031166423855,1.0
"[1.0, -0.5113698276078605, 1.0]","[-1.0, -0.5113698276078605, -1.0]",3.1434777658490596,3.1434777658490596,1.0
"[1.0, -0.5183827142631351, 1.0]","[-1.0, -0.5183827142631351, -1.0]",2.7922838814278017,2.7922838814278017,1.0
"[1.0, -2.2504752402188863, 1.0]","[-1.0, -2.2504752402188863, -1.0]",2.1968376265595646,2.1968376265595646,1.0
"[1.0, -3.580944208424218, 1.0]","[-1.0, -3.580944208424218, -1.0]",3.1392187727540173,3.1392187727540173,1.0
"[1.0, -2.2502850410386492, 1.0]","[-1.0, -2.2502850410386492, -1.0]",2.196282865307785,2.196282865307785,1.0
"[1.0, -2.2874743585478012, 1.0]","[-1.0, -2.2874743585478012, -1.0]",1.9596241336710092,1.9596241336710092,1.0
"[1.0, -2.2728830456055387, 1.0]","[-1.0, -2.2728830456055387, -1.0]",1.961591924304778,1.961591924304778,1.0
"[1.0, -3.648511994732541, 1.0]","[-1.0, -3.648511994732541, -1.0]",2.9468613724424952,2.9468613724424952,1.0
"[1.0, -3.6480499237397397, 1.0]","[-1.0, -3.6480499237397397, -1.0]",2.9479272834330406,2.9479272834330406,1.0
"[1.0, -2.302146232358051, 1.0]","[-1.0, -2.302146232358051, -1.0]",2.0433857824555726,2.0433857824555726,1.0
"[1.0, -0.5183710022424476, 1.0]","[-1.0, -0.5183710022424476, -1.0]",2.792144628427019,2.792144628427019,1.0
"[1.0, 0.513596488309469, 1.0]","[-1.0, 0.513596488309469, -1.0]",3.290444234344231,3.290444234344231,1.0
"[1.0, 2.2547267761040226, 1.0]","[-1.0, 2.2547267761040226, -1.0]",2.1973029361887852,2.1973029361887852,1.0
"[1.0, 0.5183655923190202, 1.0]","[-1.0, 0.5183655923190202, -1.0]",2.792456545637714,2.792456545637714,1.0
"[1.0, -1.6062692247220396, 1.0]","[-1.0, -1.6062692247220396, -1.0]",4.770275694019865,4.770275694019865,1.0
"[1.0, -0.8099096261578187, 1.0]","[-1.0, -0.8099096261578187, -1.0]",5.625722087637983,5.625722087637983,1.0
"[1.0, -1.6084998296971735, 1.0]","[-1.0, -1.6084998296971735, -1.0]",4.7777717989037605,4.7777717989037605,1.0
"[1.0, -4.540449590708856, 1.0]","[-1.0, -4.540449590708856, -1.0]",3.8553237437279866,3.8553237437279866,1.0
"[1.0, -5.4451901308657265, 1.0]","[-1.0, -5.4451901308657265, -1.0]",4.286893930282282,4.286893930282282,1.0
"[1.0, -4.540292439105269, 1.0]","[-1.0, -4.540292439105269, -1.0]",3.854996109081605,3.854996109081605,1.0
"[1.0, -6.147870665706015, 1.0]","[-1.0, -6.147870665706015, -1.0]",4.817610508172528,4.817610508172528,1.0
"[1.0, -7.356711314193783, 1.0]","[-1.0, -7.356711314193783, -1.0]",5.733917857211432,5.733917857211432,1.0
"[1.0, -5.442133849759662, 1.0]","[-1.0, -5.442133849759662, -1.0]",4.283476116040386,4.283476116040386,1.0
"[1.0, -2.2843479579480013, 1.0]","[-1.0, -2.2843479579480013, -1.0]",1.9608978561857093,1.9608978561857093,1.0
"[1.0, -2.2815880439447214, 1.0]","[-1.0, -2.2815880439447214, -1.0]",1.959517500911644,1.959517500911644,1.0
"[1.0, -2.2889304327433386, 1.0]","[-1.0, -2.2889304327433386, -1.0]",1.9608583004073605,1.9608583004073605,1.0
"[1.0, -3.65912184075199, 1.0]","[-1.0, -3.65912184075199, -1.0]",2.982398411171058,2.982398411171058,1.0
"[1.0, -3.648413206621473, 1.0]","[-1.0, -3.648413206621473, -1.0]",2.9445367270251066,2.9445367270251066,1.0
"[1.0, -3.6565179855085277, 1.0]","[-1.0, -3.6565179855085277, -1.0]",2.9679589512283595,2.9679589512283595,1.0
"[1.0, -4.53656673567794, 1.0]","[-1.0, -4.53656673567794, -1.0]",3.83393388478274,3.83393388478274,1.0
"[1.0, -6.145600976729873, 1.0]","[-1.0, -6.145600976729873, -1.0]",4.813450419839046,4.813450419839046,1.0
"[1.0, -6.777045814199958, 1.0]","[-1.0, -6.777045814199958, -1.0]",5.292044163865612,5.292044163865612,1.0
"[1.0, -6.14513714415246, 1.0]","[-1.0, -6.14513714415246, -1.0]",4.814312509547435,4.814312509547435,1.0
"[1.0, -6.1453209997379625, 1.0]","[-1.0, -6.1453209997379625, -1.0]",4.8135999929957185,4.8135999929957185,1.0
"[1.0, -6.020932866870742, 1.0]","[-1.0, -6.020932866870742, -1.0]",5.001266013107281,5.001266013107281,1.0
"[1.0, -6.145406806376228, 1.0]","[-1.0, -6.145406806376228, -1.0]",4.813356593699454,4.813356593699454,1.0
"[1.0, -4.545107297697107, 1.0]","[-1.0, -4.545107297697107, -1.0]",3.8596895994524156,3.8596895994524156,1.0
"[1.0, -6.1457401948859935, 1.0]","[-1.0, -6.1457401948859935, -1.0]",4.8142231076343975,4.8142231076343975,1.0
"[1.0, -6.145133624990092, 1.0]","[-1.0, -6.145133624990092, -1.0]",4.814315717471677,4.814315717471677,1.0
"[1.0, -4.543327209159105, 1.0]","[-1.0, -4.543327209159105, -1.0]",3.8582305586510803,3.8582305586510803,1.0
"[1.0, -5.339310023875288, 1.0]","[-1.0, -5.339310023875288, -1.0]",4.4661570303554035,4.4661570303554035,1.0
"[1.0, -6.145718955961055, 1.0]","[-1.0, -6.145718955961055, -1.0]",4.813963178338077,4.813963178338077,1.0
"[1.0, -6.777041700250062, 1.0]","[-1.0, -6.777041700250062, -1.0]",5.292129465034902,5.292129465034902,1.0
"[1.0, -6.145132381509461, 1.0]","[-1.0, -6.145132381509461, -1.0]",4.8134766697646,4.8134766697646,1.0
"[1.0, -5.339151194882332, 1.0]","[-1.0, -5.339151194882332, -1.0]",4.4648842697654665,4.4648842697654665,1.0
"[1.0, -4.627491964093682, 1.0]","[-1.0, -4.627491964093682, -1.0]",3.759486862457687,3.759486862457687,1.0
"[1.0, -4.555675264279787, 1.0]","[-1.0, -4.555675264279787, -1.0]",3.8631400706866525,3.8631400706866525,1.0
"[1.0, -5.3297578970003405, 1.0]","[-1.0, -5.3297578970003405, -1.0]",4.442691879876287,4.442691879876287,1.0
"[1.0, -5.440448259975367, 1.0]","[-1.0, -5.440448259975367, -1.0]",4.282457118831593,4.282457118831593,1.0
"[1.0, -4.630997725048805, 1.0]","[-1.0, -4.630997725048805, -1.0]",3.6747951681539184,3.6747951681539184,1.0
"[1.0, -3.649595435063518, 1.0]","[-1.0, -3.649595435063518, -1.0]",2.9450289069949656,2.9450289069949656,1.0
"[1.0, -0.5210042296442563, 1.0]","[-1.0, -0.5210042296442563, -1.0]",3.02545085856086,3.02545085856086,1.0
"[1.0, -0.508470517954148, 1.0]","[-1.0, -0.508470517954148, -1.0]",2.969791073569665,2.969791073569665,1.0
"[1.0, -2.2891922641979545, 1.0]","[-1.0, -2.2891922641979545, -1.0]",1.9616637931138905,1.9616637931138905,1.0
"[1.0, -3.652209901914266, 1.0]","[-1.0, -3.652209901914266, -1.0]",2.9482861530899807,2.9482861530899807,1.0
"[1.0, -4.635472681490652, 1.0]","[-1.0, -4.635472681490652, -1.0]",3.678457428855269,3.678457428855269,1.0
"[1.0, -3.655906249951892, 1.0]","[-1.0, -3.655906249951892, -1.0]",2.9600352510027967,2.9600352510027967,1.0
"[1.0, -5.330740912941197, 1.0]","[-1.0, -5.330740912941197, -1.0]",4.449529562768315,4.449529562768315,1.0
"[1.0, -6.034733392835281, 1.0]","[-1.0, -6.034733392835281, -1.0]",4.892753404430441,4.892753404430441,1.0
"[1.0, -4.54269639020108, 1.0]","[-1.0, -4.54269639020108, -1.0]",3.8573175298819318,3.8573175298819318,1.0
"[1.0, -3.581135784843128, 1.0]","[-1.0, -3.581135784843128, -1.0]",3.139740422580113,3.139740422580113,1.0
"[1.0, -0.5140358262723048, 1.0]","[-1.0, -0.5140358262723048, -1.0]",2.9702748066672733,2.9702748066672733,1.0
"[1.0, 0.8102654834028351, 1.0]","[-1.0, 0.8102654834028351, -1.0]",5.625773691327367,5.625773691327367,1.0
"[1.0, 4.541045383803883, 1.0]","[-1.0, 4.541045383803883, -1.0]",3.856145183312291,3.856145183312291,1.0
"[1.0, 5.444293958458994, 1.0]","[-1.0, 5.444293958458994, -1.0]",4.285181006749237,4.285181006749237,1.0
"[1.0, 6.1479702347826315, 1.0]","[-1.0, 6.1479702347826315, -1.0]",4.816638338048402,4.816638338048402,1.0
"[1.0, 5.444049928582334, 1.0]","[-1.0, 5.444049928582334, -1.0]",4.285455766873358,4.285455766873358,1.0
"[1.0, 5.443901460641633, 1.0]","[-1.0, 5.443901460641633, -1.0]",4.286243957874311,4.286243957874311,1.0
"[1.0, 6.779549291715107, 1.0]","[-1.0, 6.779549291715107, -1.0]",5.29562469734881,5.29562469734881,1.0
"[1.0, 5.443794843427731, 1.0]","[-1.0, 5.443794843427731, -1.0]",4.287488060054058,4.287488060054058,1.0
"[1.0, 3.6505957706786183, 1.0]","[-1.0, 3.6505957706786183, -1.0]",2.9503761594445135,2.9503761594445135,1.0
"[1.0, 4.536907159340419, 1.0]","[-1.0, 4.536907159340419, -1.0]",3.7837964117784404,3.7837964117784404,1.0
"[1.0, 4.632389081187754, 1.0]","[-1.0, 4.632389081187754, -1.0]",3.6771221601215975,3.6771221601215975,1.0
"[1.0, 6.145881558797581, 1.0]","[-1.0, 6.145881558797581, -1.0]",4.815226963771197,4.815226963771197,1.0
"[1.0, 4.544628952951332, 1.0]","[-1.0, 4.544628952951332, -1.0]",3.8581083720157463,3.8581083720157463,1.0
"[1.0, 4.543940587787498, 1.0]","[-1.0, 4.543940587787498, -1.0]",3.857671300786016,3.857671300786016,1.0
"[1.0, 4.549716146180592, 1.0]","[-1.0, 4.549716146180592, -1.0]",3.818933092147483,3.818933092147483,1.0
"[1.0, 6.1463890990895695, 1.0]","[-1.0, 6.1463890990895695, -1.0]",4.8143673507361635,4.8143673507361635,1.0
"[1.0, 4.54264048700421, 1.0]","[-1.0, 4.54264048700421, -1.0]",3.8582690049017923,3.8582690049017923,1.0
"[1.0, 5.442178102273181, 1.0]","[-1.0, 5.442178102273181, -1.0]",4.28375344061168,4.28375344061168,1.0
"[1.0, 5.332409941957307, 1.0]","[-1.0, 5.332409941957307, -1.0]",4.4526588516851575,4.4526588516851575,1.0
"[1.0, 2.268259471927323, 1.0]","[-1.0, 2.268259471927323, -1.0]",6.133081128379549,6.133081128379549,1.0
"[1.0, 4.55936078845703, 1.0]","[-1.0, 4.55936078845703, -1.0]",3.8129513006023417,3.8129513006023417,1.0
"[1.0, 3.583909301009017, 1.0]","[-1.0, 3.583909301009017, -1.0]",3.1409672664678956,3.1409672664678956,1.0
"[1.0, 4.631100681420922, 1.0]","[-1.0, 4.631100681420922, -1.0]",3.6736190043388093,3.6736190043388093,1.0
"[1.0, 1.601957207194121, 1.0]","[-1.0, 1.601957207194121, -1.0]",4.767775493854563,4.767775493854563,1.0
"[1.0, 3.657600421069873, 1.0]","[-1.0, 3.657600421069873, -1.0]",2.9794480703908413,2.9794480703908413,1.0
"[1.0, 1.6052796483530807, 1.0]","[-1.0, 1.6052796483530807, -1.0]",4.765063986474409,4.765063986474409,1.0
"[1.0, 0.5139313163448047, 1.0]","[-1.0, 0.5139313163448047, -1.0]",3.2923012958562783,3.2923012958562783,1.0
"[1.0, 2.248748731321621, 1.0]","[-1.0, 2.248748731321621, -1.0]",2.196987832002107,2.196987832002107,1.0
"[1.0, 0.512336613212338, 1.0]","[-1.0, 0.512336613212338, -1.0]",3.2840456146253425,3.2840456146253425,1.0
"[1.0, -1.6046832631153054, 1.0]","[-1.0, -1.6046832631153054, -1.0]",4.765655184252586,4.765655184252586,1.0
"[1.0, 0.8102550090082964, 1.0]","[-1.0, 0.8102550090082964, -1.0]",5.625513568869394,5.625513568869394,1.0
"[1.0, 1.606737882528423, 1.0]","[-1.0, 1.606737882528423, -1.0]",4.805412496523392,4.805412496523392,1.0
"[1.0, 2.2725664776659, 1.0]","[-1.0, 2.2725664776659, -1.0]",6.11423992629708,6.11423992629708,1.0
"[1.0, 4.5419180899123335, 1.0]","[-1.0, 4.5419180899123335, -1.0]",3.857741053292769,3.857741053292769,1.0
"[1.0, 5.444073779324878, 1.0]","[-1.0, 5.444073779324878, -1.0]",4.284758683575256,4.284758683575256,1.0
"[1.0, 4.634424172865653, 1.0]","[-1.0, 4.634424172865653, -1.0]",3.676578587135026,3.676578587135026,1.0
"[1.0, 4.63432490394109, 1.0]","[-1.0, 4.63432490394109, -1.0]",3.6780933150703543,3.6780933150703543,1.0
"[1.0, 4.541979908780735, 1.0]","[-1.0, 4.541979908780735, -1.0]",3.8570883829520004,3.8570883829520004,1.0
"[1.0, 1.6028245585148082, 1.0]","[-1.0, 1.6028245585148082, -1.0]",4.824683077755051,4.824683077755051,1.0
"[1.0, 0.513744826796304, 1.0]","[-1.0, 0.513744826796304, -1.0]",3.2917147328890293,3.2917147328890293,1.0
"[1.0, -0.5139893681882169, 1.0]","[-1.0, -0.5139893681882169, -1.0]",3.2921273278673,3.2921273278673,1.0
"[1.0, -0.5167156964840323, 1.0]","[-1.0, -0.5167156964840323, -1.0]",3.1031588446386817,3.1031588446386817,1.0
"[1.0, 2.2953373828919506, 1.0]","[-1.0, 2.2953373828919506, -1.0]",2.109837643171601,2.109837643171601,1.0
"[1.0, 2.2919767605067722, 1.0]","[-1.0, 2.2919767605067722, -1.0]",1.9638964359283846,1.9638964359283846,1.0
"[1.0, 2.2871152046704157, 1.0]","[-1.0, 2.2871152046704157, -1.0]",2.1601480629865715,2.1601480629865715,1.0
"[1.0, 0.5241095939648565, 1.0]","[-1.0, 0.5241095939648565, -1.0]",3.0220110601149694,3.0220110601149694,1.0
"[1.0, 2.249593173374191, 1.0]","[-1.0, 2.249593173374191, -1.0]",2.1955708898570214,2.1955708898570214,1.0
"[1.0, -0.5185050710324056, 1.0]","[-1.0, -0.5185050710324056, -1.0]",2.7930884613025264,2.7930884613025264,1.0
"[1.0, -2.248228595364617, 1.0]","[-1.0, -2.248228595364617, -1.0]",2.1963534630327026,2.1963534630327026,1.0
"[1.0, -2.2902651123460407, 1.0]","[-1.0, -2.2902651123460407, -1.0]",1.9615960056384039,1.9615960056384039,1.0
"[1.0, -0.5184139615697935, 1.0]","[-1.0, -0.5184139615697935, -1.0]",2.7923660856089523,2.7923660856089523,1.0
"[1.0, 2.2921597116578445, 1.0]","[-1.0, 2.2921597116578445, -1.0]",2.149645429235958,2.149645429235958,1.0
"[1.0, 3.649582372895668, 1.0]","[-1.0, 3.649582372895668, -1.0]",2.9464237934303372,2.9464237934303372,1.0
"[1.0, 2.269659348294712, 1.0]","[-1.0, 2.269659348294712, -1.0]",1.9627867404860007,1.9627867404860007,1.0
"[1.0, 0.5172937597240785, 1.0]","[-1.0, 0.5172937597240785, -1.0]",2.8011742679459988,2.8011742679459988,1.0
"[1.0, -0.5139009808708612, 1.0]","[-1.0, -0.5139009808708612, -1.0]",3.2903591438362825,3.2903591438362825,1.0
"[1.0, -0.5108471707721911, 1.0]","[-1.0, -0.5108471707721911, -1.0]",3.2830596753552346,3.2830596753552346,1.0
"[1.0, -3.5767940995059404, 1.0]","[-1.0, -3.5767940995059404, -1.0]",3.131030555176847,3.131030555176847,1.0
"[1.0, -4.636229030471677, 1.0]","[-1.0, -4.636229030471677, -1.0]",3.6823501775173653,3.6823501775173653,1.0
"[1.0, -3.6543697727706657, 1.0]","[-1.0, -3.6543697727706657, -1.0]",2.9523225457748246,2.9523225457748246,1.0
"[1.0, -4.6354442813883034, 1.0]","[-1.0, -4.6354442813883034, -1.0]",3.679260963877518,3.679260963877518,1.0
"[1.0, -4.541685441095109, 1.0]","[-1.0, -4.541685441095109, -1.0]",3.854900510976367,3.854900510976367,1.0
"[1.0, -4.634960382937603, 1.0]","[-1.0, -4.634960382937603, -1.0]",3.679672562255996,3.679672562255996,1.0
"[1.0, -4.5399493893589336, 1.0]","[-1.0, -4.5399493893589336, -1.0]",3.8506207935860295,3.8506207935860295,1.0
"[1.0, -4.5400598003216315, 1.0]","[-1.0, -4.5400598003216315, -1.0]",3.8535160016858145,3.8535160016858145,1.0
"[1.0, -1.5964004546876533, 1.0]","[-1.0, -1.5964004546876533, -1.0]",4.809236152882579,4.809236152882579,1.0
"[1.0, -3.5823317415869957, 1.0]","[-1.0, -3.5823317415869957, -1.0]",3.139714041240235,3.139714041240235,1.0
"[1.0, -5.334390977079805, 1.0]","[-1.0, -5.334390977079805, -1.0]",4.461537791575684,4.461537791575684,1.0
"[1.0, -6.779329878881377, 1.0]","[-1.0, -6.779329878881377, -1.0]",5.29523716037609,5.29523716037609,1.0
"[1.0, -5.4441040391718785, 1.0]","[-1.0, -5.4441040391718785, -1.0]",4.2859743479594865,4.2859743479594865,1.0
"[1.0, -6.77933869840222, 1.0]","[-1.0, -6.77933869840222, -1.0]",5.295850760189871,5.295850760189871,1.0
"[1.0, -6.148224625327094, 1.0]","[-1.0, -6.148224625327094, -1.0]",4.8176065288657135,4.8176065288657135,1.0
"[1.0, -5.334935401088766, 1.0]","[-1.0, -5.334935401088766, -1.0]",4.460477230702442,4.460477230702442,1.0
"[1.0, -4.541507495252903, 1.0]","[-1.0, -4.541507495252903, -1.0]",3.8545337288293493,3.8545337288293493,1.0
"[1.0, -1.5976924053354171, 1.0]","[-1.0, -1.5976924053354171, -1.0]",4.938020726729431,4.938020726729431,1.0
"[1.0, -3.579666209019571, 1.0]","[-1.0, -3.579666209019571, -1.0]",3.1363701656262903,3.1363701656262903,1.0
"[1.0, -3.6500860423177572, 1.0]","[-1.0, -3.6500860423177572, -1.0]",2.946189477334587,2.946189477334587,1.0
"[1.0, -3.632487941783958, 1.0]","[-1.0, -3.632487941783958, -1.0]",3.077223306555535,3.077223306555535,1.0
"[1.0, -4.6327937638595404, 1.0]","[-1.0, -4.6327937638595404, -1.0]",3.6751270847762516,3.6751270847762516,1.0
"[1.0, -5.336353928138306, 1.0]","[-1.0, -5.336353928138306, -1.0]",4.463148656896375,4.463148656896375,1.0
"[1.0, -6.1462838212244995, 1.0]","[-1.0, -6.1462838212244995, -1.0]",4.814904509954318,4.814904509954318,1.0
"[1.0, -5.440411804828648, 1.0]","[-1.0, -5.440411804828648, -1.0]",4.364413496943869,4.364413496943869,1.0
"[1.0, -3.5831598428119684, 1.0]","[-1.0, -3.5831598428119684, -1.0]",3.1402141632137592,3.1402141632137592,1.0
"[1.0, -3.644505836467644, 1.0]","[-1.0, -3.644505836467644, -1.0]",2.9412813245660177,2.9412813245660177,1.0
"[1.0, -2.28138502980926, 1.0]","[-1.0, -2.28138502980926, -1.0]",1.9578886510025353,1.9578886510025353,1.0
"[1.0, 0.5184046194776644, 1.0]","[-1.0, 0.5184046194776644, -1.0]",2.792412465932532,2.792412465932532,1.0
"[1.0, 2.25072822845783, 1.0]","[-1.0, 2.25072822845783, -1.0]",2.197060798485086,2.197060798485086,1.0
"[1.0, 0.518372512992943, 1.0]","[-1.0, 0.518372512992943, -1.0]",2.7928730200624696,2.7928730200624696,1.0
"[1.0, -2.2489222313413175, 1.0]","[-1.0, -2.2489222313413175, -1.0]",2.1960824084277033,2.1960824084277033,1.0
"[1.0, -3.6457977494557134, 1.0]","[-1.0, -3.6457977494557134, -1.0]",2.942790120314264,2.942790120314264,1.0
"[1.0, -3.6501960142788357, 1.0]","[-1.0, -3.6501960142788357, -1.0]",2.9452535017107757,2.9452535017107757,1.0
"[1.0, -4.535847084123947, 1.0]","[-1.0, -4.535847084123947, -1.0]",3.78847495379988,3.78847495379988,1.0
"[1.0, -2.2682502943600324, 1.0]","[-1.0, -2.2682502943600324, -1.0]",2.1936387261093633,2.1936387261093633,1.0
"[1.0, -3.6490054907711786, 1.0]","[-1.0, -3.6490054907711786, -1.0]",2.9443856567138114,2.9443856567138114,1.0
"[1.0, -3.6489142406489825, 1.0]","[-1.0, -3.6489142406489825, -1.0]",2.9453106845364907,2.9453106845364907,1.0
"[1.0, -3.6492562279722165, 1.0]","[-1.0, -3.6492562279722165, -1.0]",2.9452892051163606,2.9452892051163606,1.0
"[1.0, -4.632528287567604, 1.0]","[-1.0, -4.632528287567604, -1.0]",3.674472459661876,3.674472459661876,1.0
"[1.0, -2.2524979268354133, 1.0]","[-1.0, -2.2524979268354133, -1.0]",2.1977590334382358,2.1977590334382358,1.0
"[1.0, -0.518367657057724, 1.0]","[-1.0, -0.518367657057724, -1.0]",2.792781662787018,2.792781662787018,1.0
"[1.0, -1.6079808420514186, 1.0]","[-1.0, -1.6079808420514186, -1.0]",4.807153184577226,4.807153184577226,1.0
"[1.0, -5.334834219600309, 1.0]","[-1.0, -5.334834219600309, -1.0]",4.461196718194792,4.461196718194792,1.0
"[1.0, -4.634677751587597, 1.0]","[-1.0, -4.634677751587597, -1.0]",3.6774092580105044,3.6774092580105044,1.0
"[1.0, -5.44299691950411, 1.0]","[-1.0, -5.44299691950411, -1.0]",4.285371091203409,4.285371091203409,1.0
"[1.0, -5.335374690187201, 1.0]","[-1.0, -5.335374690187201, -1.0]",4.462486892133876,4.462486892133876,1.0
"[1.0, -6.14652505894118, 1.0]","[-1.0, -6.14652505894118, -1.0]",4.816220203129852,4.816220203129852,1.0
"[1.0, -5.334918446456695, 1.0]","[-1.0, -5.334918446456695, -1.0]",4.46228102281575,4.46228102281575,1.0
"[1.0, -3.6483404224850875, 1.0]","[-1.0, -3.6483404224850875, -1.0]",2.9450744260002892,2.9450744260002892,1.0
"[1.0, -5.441605983725056, 1.0]","[-1.0, -5.441605983725056, -1.0]",4.282419206941926,4.282419206941926,1.0
"[1.0, -6.1455957161325605, 1.0]","[-1.0, -6.1455957161325605, -1.0]",4.814088032407583,4.814088032407583,1.0
"[1.0, -6.145375616462432, 1.0]","[-1.0, -6.145375616462432, -1.0]",4.814096110052236,4.814096110052236,1.0
"[1.0, -4.545857396420629, 1.0]","[-1.0, -4.545857396420629, -1.0]",3.8608425695621005,3.8608425695621005,1.0
"[1.0, -3.58462947869428, 1.0]","[-1.0, -3.58462947869428, -1.0]",3.140903403744033,3.140903403744033,1.0
"[1.0, -5.440947565585224, 1.0]","[-1.0, -5.440947565585224, -1.0]",4.281832294745029,4.281832294745029,1.0
"[1.0, -2.2714103536608428, 1.0]","[-1.0, -2.2714103536608428, -1.0]",6.118654880299704,6.118654880299704,1.0
"[1.0, -1.5918029901569528, 1.0]","[-1.0, -1.5918029901569528, -1.0]",4.8449131632002045,4.8449131632002045,1.0
"[1.0, 0.8102202108363088, 1.0]","[-1.0, 0.8102202108363088, -1.0]",5.625635377593467,5.625635377593467,1.0
"[1.0, 0.8102154804255195, 1.0]","[-1.0, 0.8102154804255195, -1.0]",5.625930195223552,5.625930195223552,1.0
"[1.0, -0.5139240815947285, 1.0]","[-1.0, -0.5139240815947285, -1.0]",3.2925756373969723,3.2925756373969723,1.0
"[1.0, -2.237004087653864, 1.0]","[-1.0, -2.237004087653864, -1.0]",2.170705555405329,2.170705555405329,1.0
"[1.0, -2.288346807504497, 1.0]","[-1.0, -2.288346807504497, -1.0]",1.9601600684030673,1.9601600684030673,1.0
"[1.0, -2.287734915898636, 1.0]","[-1.0, -2.287734915898636, -1.0]",1.9605401665013968,1.9605401665013968,1.0
"[1.0, -2.2860815287839755, 1.0]","[-1.0, -2.2860815287839755, -1.0]",1.9600561881666492,1.9600561881666492,1.0
"[1.0, 0.5183993649602039, 1.0]","[-1.0, 0.5183993649602039, -1.0]",2.7925574752509466,2.7925574752509466,1.0
"[1.0, -2.258894631424617, 1.0]","[-1.0, -2.258894631424617, -1.0]",2.1973374509724537,2.1973374509724537,1.0
"[1.0, -2.2657271263616083, 1.0]","[-1.0, -2.2657271263616083, -1.0]",1.9784570009091582,1.9784570009091582,1.0
"[1.0, -0.513884050264039, 1.0]","[-1.0, -0.513884050264039, -1.0]",3.2926650999953684,3.2926650999953684,1.0
"[1.0, -0.5139073717216655, 1.0]","[-1.0, -0.5139073717216655, -1.0]",3.2922532999189924,3.2922532999189924,1.0
"[1.0, 1.6027466230492093, 1.0]","[-1.0, 1.6027466230492093, -1.0]",4.767218351293463,4.767218351293463,1.0
"[1.0, 3.5783876096444827, 1.0]","[-1.0, 3.5783876096444827, -1.0]",3.137463181422676,3.137463181422676,1.0
"[1.0, 2.247111532977975, 1.0]","[-1.0, 2.247111532977975, -1.0]",2.195644074850207,2.195644074850207,1.0
"[1.0, 3.652729063441526, 1.0]","[-1.0, 3.652729063441526, -1.0]",2.9482711547162213,2.9482711547162213,1.0
"[1.0, 2.2815578164571924, 1.0]","[-1.0, 2.2815578164571924, -1.0]",2.1339743650293914,2.1339743650293914,1.0
"[1.0, -0.5183973217009561, 1.0]","[-1.0, -0.5183973217009561, -1.0]",2.792131581908181,2.792131581908181,1.0
"[1.0, 0.5274621755363397, 1.0]","[-1.0, 0.5274621755363397, -1.0]",2.9899549561350933,2.9899549561350933,1.0
"[1.0, 0.518393992853975, 1.0]","[-1.0, 0.518393992853975, -1.0]",2.792520964617476,2.792520964617476,1.0
"[1.0, 3.580070759943965, 1.0]","[-1.0, 3.580070759943965, -1.0]",3.1393187170682433,3.1393187170682433,1.0
"[1.0, 0.5183867607661907, 1.0]","[-1.0, 0.5183867607661907, -1.0]",2.792706483574045,2.792706483574045,1.0
"[1.0, -0.5184014087622938, 1.0]","[-1.0, -0.5184014087622938, -1.0]",2.7924072955452073,2.7924072955452073,1.0
"[1.0, -2.2512617678300284, 1.0]","[-1.0, -2.2512617678300284, -1.0]",2.1979663813228827,2.1979663813228827,1.0
"[1.0, -1.6007814426494518, 1.0]","[-1.0, -1.6007814426494518, -1.0]",4.770561555615773,4.770561555615773,1.0
"[1.0, -0.5139268824830054, 1.0]","[-1.0, -0.5139268824830054, -1.0]",3.292457040596882,3.292457040596882,1.0
"[1.0, -0.5184884819932567, 1.0]","[-1.0, -0.5184884819932567, -1.0]",2.792752471826561,2.792752471826561,1.0
"[1.0, -3.578787168791176, 1.0]","[-1.0, -3.578787168791176, -1.0]",3.137627259500211,3.137627259500211,1.0
"[1.0, -5.334084513156191, 1.0]","[-1.0, -5.334084513156191, -1.0]",4.461707138064224,4.461707138064224,1.0
"[1.0, -6.778927370623732, 1.0]","[-1.0, -6.778927370623732, -1.0]",5.295191068018341,5.295191068018341,1.0
"[1.0, -7.35662799112284, 1.0]","[-1.0, -7.35662799112284, -1.0]",5.733793145813334,5.733793145813334,1.0
"[1.0, -7.356758900720426, 1.0]","[-1.0, -7.356758900720426, -1.0]",5.734040894327812,5.734040894327812,1.0
"[1.0, -5.443803871989391, 1.0]","[-1.0, -5.443803871989391, -1.0]",4.287253462995059,4.287253462995059,1.0
"[1.0, -6.778606398787974, 1.0]","[-1.0, -6.778606398787974, -1.0]",5.294382096372984,5.294382096372984,1.0
"[1.0, -7.355690813285664, 1.0]","[-1.0, -7.355690813285664, -1.0]",5.733545357429851,5.733545357429851,1.0
"[1.0, -6.146598100843085, 1.0]","[-1.0, -6.146598100843085, -1.0]",4.817330030548527,4.817330030548527,1.0
"[1.0, -6.15006623501336, 1.0]","[-1.0, -6.15006623501336, -1.0]",4.827667646970834,4.827667646970834,1.0
"[1.0, -3.60249460576094, 1.0]","[-1.0, -3.60249460576094, -1.0]",3.0295725686927577,3.0295725686927577,1.0
"[1.0, -2.2798016553905542, 1.0]","[-1.0, -2.2798016553905542, -1.0]",1.9597859333481586,1.9597859333481586,1.0
"[1.0, -2.2832928001330357, 1.0]","[-1.0, -2.2832928001330357, -1.0]",1.962262919498935,1.962262919498935,1.0
"[1.0, -3.6500767520825104, 1.0]","[-1.0, -3.6500767520825104, -1.0]",2.9487544798615,2.9487544798615,1.0
"[1.0, -4.5460836973981715, 1.0]","[-1.0, -4.5460836973981715, -1.0]",3.8595244545375103,3.8595244545375103,1.0
"[1.0, -5.442671160624631, 1.0]","[-1.0, -5.442671160624631, -1.0]",4.283117692519234,4.283117692519234,1.0
"[1.0, -6.028097671420737, 1.0]","[-1.0, -6.028097671420737, -1.0]",4.9980515547723865,4.9980515547723865,1.0
"[1.0, -6.035557130549676, 1.0]","[-1.0, -6.035557130549676, -1.0]",4.977051262382153,4.977051262382153,1.0
"[1.0, -6.777375272582351, 1.0]","[-1.0, -6.777375272582351, -1.0]",5.293278450283536,5.293278450283536,1.0
"[1.0, -5.442563889965322, 1.0]","[-1.0, -5.442563889965322, -1.0]",4.284140527470713,4.284140527470713,1.0
"[1.0, -6.145914609387597, 1.0]","[-1.0, -6.145914609387597, -1.0]",4.814999419511643,4.814999419511643,1.0
"[1.0, -5.335346223668885, 1.0]","[-1.0, -5.335346223668885, -1.0]",4.4629911985515625,4.4629911985515625,1.0
"[1.0, -4.631310153182283, 1.0]","[-1.0, -4.631310153182283, -1.0]",3.674977026377854,3.674977026377854,1.0
"[1.0, -3.582904478399861, 1.0]","[-1.0, -3.582904478399861, -1.0]",3.139602034600428,3.139602034600428,1.0
"[1.0, -6.144063254558479, 1.0]","[-1.0, -6.144063254558479, -1.0]",4.812347631891105,4.812347631891105,1.0
"[1.0, -6.776571741978095, 1.0]","[-1.0, -6.776571741978095, -1.0]",5.292588451437057,5.292588451437057,1.0
"[1.0, -5.3364875010187935, 1.0]","[-1.0, -5.3364875010187935, -1.0]",4.464098159543493,4.464098159543493,1.0
"[1.0, -6.777178345402417, 1.0]","[-1.0, -6.777178345402417, -1.0]",5.292829828243164,5.292829828243164,1.0
"[1.0, -6.777487400807223, 1.0]","[-1.0, -6.777487400807223, -1.0]",5.292885075526379,5.292885075526379,1.0
"[1.0, -6.1447727334020374, 1.0]","[-1.0, -6.1447727334020374, -1.0]",4.814340218441188,4.814340218441188,1.0
"[1.0, -6.145409834483253, 1.0]","[-1.0, -6.145409834483253, -1.0]",4.814193308443275,4.814193308443275,1.0
"[1.0, -6.776336929885184, 1.0]","[-1.0, -6.776336929885184, -1.0]",5.292954041998058,5.292954041998058,1.0
"[1.0, -7.354343617299582, 1.0]","[-1.0, -7.354343617299582, -1.0]",5.731483053360071,5.731483053360071,1.0
"[1.0, -5.443929486796149, 1.0]","[-1.0, -5.443929486796149, -1.0]",4.33857205143959,4.33857205143959,1.0
"[1.0, -4.547776045141376, 1.0]","[-1.0, -4.547776045141376, -1.0]",3.86152251462849,3.86152251462849,1.0
"[1.0, -6.777745941180629, 1.0]","[-1.0, -6.777745941180629, -1.0]",5.29285232708657,5.29285232708657,1.0
"[1.0, -7.353801383019265, 1.0]","[-1.0, -7.353801383019265, -1.0]",5.731030159697683,5.731030159697683,1.0
"[1.0, -7.8890166409995315, 1.0]","[-1.0, -7.8890166409995315, -1.0]",6.138710995085071,6.138710995085071,1.0
"[1.0, -7.353613981131199, 1.0]","[-1.0, -7.353613981131199, -1.0]",5.730978053639242,5.730978053639242,1.0
"[1.0, -7.88887631098477, 1.0]","[-1.0, -7.88887631098477, -1.0]",6.138563115568622,6.138563115568622,1.0
"[1.0, -5.440494498634257, 1.0]","[-1.0, -5.440494498634257, -1.0]",4.281728752201955,4.281728752201955,1.0
"[1.0, -5.439009379761019, 1.0]","[-1.0, -5.439009379761019, -1.0]",4.282190473527816,4.282190473527816,1.0
"[1.0, -4.583514380092766, 1.0]","[-1.0, -4.583514380092766, -1.0]",3.8505664010295204,3.8505664010295204,1.0
"[1.0, -5.439320178961446, 1.0]","[-1.0, -5.439320178961446, -1.0]",4.281939828970412,4.281939828970412,1.0
"[1.0, -4.543520520132436, 1.0]","[-1.0, -4.543520520132436, -1.0]",3.8575678261553787,3.8575678261553787,1.0
"[1.0, -6.143840288698112, 1.0]","[-1.0, -6.143840288698112, -1.0]",4.812932007237664,4.812932007237664,1.0
"[1.0, -5.440899787034316, 1.0]","[-1.0, -5.440899787034316, -1.0]",4.282631332625245,4.282631332625245,1.0
"[1.0, -6.144100834538009, 1.0]","[-1.0, -6.144100834538009, -1.0]",4.812841851651791,4.812841851651791,1.0
"[1.0, -6.144312989540744, 1.0]","[-1.0, -6.144312989540744, -1.0]",4.812956373286287,4.812956373286287,1.0
"[1.0, -6.146680174866602, 1.0]","[-1.0, -6.146680174866602, -1.0]",4.816953729246438,4.816953729246438,1.0
"[1.0, -5.442691375274189, 1.0]","[-1.0, -5.442691375274189, -1.0]",4.284467609272784,4.284467609272784,1.0
"[1.0, -3.5773271675065716, 1.0]","[-1.0, -3.5773271675065716, -1.0]",3.032462101853001,3.032462101853001,1.0
"[1.0, -3.6453004839349537, 1.0]","[-1.0, -3.6453004839349537, -1.0]",2.943433163642946,2.943433163642946,1.0
"[1.0, -2.301604407942868, 1.0]","[-1.0, -2.301604407942868, -1.0]",2.055834906034171,2.055834906034171,1.0
"[1.0, -0.5183855468443854, 1.0]","[-1.0, -0.5183855468443854, -1.0]",2.792231370242255,2.792231370242255,1.0
"[1.0, -2.282334622129727, 1.0]","[-1.0, -2.282334622129727, -1.0]",1.9589317854676913,1.9589317854676913,1.0
"[1.0, -2.2820202040819244, 1.0]","[-1.0, -2.2820202040819244, -1.0]",1.9583962700622333,1.9583962700622333,1.0
"[1.0, 0.5183827433282624, 1.0]","[-1.0, 0.5183827433282624, -1.0]",2.79287000794452,2.79287000794452,1.0
"[1.0, -2.2550910528302563, 1.0]","[-1.0, -2.2550910528302563, -1.0]",2.1969563477857124,2.1969563477857124,1.0
"[1.0, -2.297660698712778, 1.0]","[-1.0, -2.297660698712778, -1.0]",1.981189803645659,1.981189803645659,1.0
"[1.0, -2.2792320643352566, 1.0]","[-1.0, -2.2792320643352566, -1.0]",1.9566379985560722,1.9566379985560722,1.0
"[1.0, -3.6126426694847993, 1.0]","[-1.0, -3.6126426694847993, -1.0]",2.954521346461815,2.954521346461815,1.0
"[1.0, -5.440310186170735, 1.0]","[-1.0, -5.440310186170735, -1.0]",4.281653466924125,4.281653466924125,1.0
"[1.0, -6.776557154897292, 1.0]","[-1.0, -6.776557154897292, -1.0]",5.29187751492236,5.29187751492236,1.0
"[1.0, -5.440991520055371, 1.0]","[-1.0, -5.440991520055371, -1.0]",4.281357954038816,4.281357954038816,1.0
"[1.0, -2.270602416412677, 1.0]","[-1.0, -2.270602416412677, -1.0]",6.122104829111572,6.122104829111572,1.0
"[1.0, -0.5139158184919582, 1.0]","[-1.0, -0.5139158184919582, -1.0]",3.2924941251551663,3.2924941251551663,1.0
"[1.0, 0.5184067887071486, 1.0]","[-1.0, 0.5184067887071486, -1.0]",2.792437223760159,2.792437223760159,1.0
"[1.0, 2.2857660394195594, 1.0]","[-1.0, 2.2857660394195594, -1.0]",1.9595158293591204,1.9595158293591204,1.0
"[1.0, 0.5183911829181844, 1.0]","[-1.0, 0.5183911829181844, -1.0]",2.7923203845066613,2.7923203845066613,1.0
"[1.0, -0.5184243091723121, 1.0]","[-1.0, -0.5184243091723121, -1.0]",2.7923151023583426,2.7923151023583426,1.0
"[1.0, -2.288866550198039, 1.0]","[-1.0, -2.288866550198039, -1.0]",1.9615752988372102,1.9615752988372102,1.0
"[1.0, -2.2874742114755344, 1.0]","[-1.0, -2.2874742114755344, -1.0]",1.9601840182843275,1.9601840182843275,1.0
"[1.0, -1.610271556063695, 1.0]","[-1.0, -1.610271556063695, -1.0]",4.797126413602397,4.797126413602397,1.0
"[1.0, -2.255320680420788, 1.0]","[-1.0, -2.255320680420788, -1.0]",2.197196479228479,2.197196479228479,1.0
"[1.0, -0.5183867441977716, 1.0]","[-1.0, -0.5183867441977716, -1.0]",2.792665732128305,2.792665732128305,1.0
"[1.0, -3.578770717181337, 1.0]","[-1.0, -3.578770717181337, -1.0]",3.1360443058411476,3.1360443058411476,1.0
"[1.0, -0.5241530024538661, 1.0]","[-1.0, -0.5241530024538661, -1.0]",3.182632847456828,3.182632847456828,1.0
"[1.0, -0.810232229974309, 1.0]","[-1.0, -0.810232229974309, -1.0]",5.625565643082717,5.625565643082717,1.0
"[1.0, -2.2493488195106863, 1.0]","[-1.0, -2.2493488195106863, -1.0]",2.197330561033126,2.197330561033126,1.0
"[1.0, -2.2484949358468524, 1.0]","[-1.0, -2.2484949358468524, -1.0]",2.196860957506963,2.196860957506963,1.0
"[1.0, -0.5256610634656308, 1.0]","[-1.0, -0.5256610634656308, -1.0]",3.106193899657943,3.106193899657943,1.0
"[1.0, -2.2711899459284663, 1.0]","[-1.0, -2.2711899459284663, -1.0]",6.1161710275514185,6.1161710275514185,1.0
"[1.0, -1.5959067938606566, 1.0]","[-1.0, -1.5959067938606566, -1.0]",4.787862375403131,4.787862375403131,1.0
"[1.0, 0.8102224309909373, 1.0]","[-1.0, 0.8102224309909373, -1.0]",5.625602656117465,5.625602656117465,1.0
"[1.0, 0.810243312030823, 1.0]","[-1.0, 0.810243312030823, -1.0]",5.625622868890509,5.625622868890509,1.0
"[1.0, 4.541323733544702, 1.0]","[-1.0, 4.541323733544702, -1.0]",3.856339826658324,3.856339826658324,1.0
"[1.0, 4.53559645243277, 1.0]","[-1.0, 4.53559645243277, -1.0]",3.8195463415150566,3.8195463415150566,1.0
"[1.0, 6.147962503369926, 1.0]","[-1.0, 6.147962503369926, -1.0]",4.816970584721692,4.816970584721692,1.0
"[1.0, 4.54262914213415, 1.0]","[-1.0, 4.54262914213415, -1.0]",3.8577171356097475,3.8577171356097475,1.0
"[1.0, 2.248436773281424, 1.0]","[-1.0, 2.248436773281424, -1.0]",2.1980630647317043,2.1980630647317043,1.0
"[1.0, -0.5139234655580351, 1.0]","[-1.0, -0.5139234655580351, -1.0]",3.2922113775878454,3.2922113775878454,1.0
"[1.0, -3.5782856521272173, 1.0]","[-1.0, -3.5782856521272173, -1.0]",3.1369212610278097,3.1369212610278097,1.0
"[1.0, -3.5778237990813353, 1.0]","[-1.0, -3.5778237990813353, -1.0]",3.1355141867071596,3.1355141867071596,1.0
"[1.0, -0.8103864434254007, 1.0]","[-1.0, -0.8103864434254007, -1.0]",5.6256913009642675,5.6256913009642675,1.0
"[1.0, -3.5776835852247135, 1.0]","[-1.0, -3.5776835852247135, -1.0]",3.13605380500413,3.13605380500413,1.0
"[1.0, -4.6355516467737585, 1.0]","[-1.0, -4.6355516467737585, -1.0]",3.6787964172811782,3.6787964172811782,1.0
"[1.0, -6.147867723282356, 1.0]","[-1.0, -6.147867723282356, -1.0]",4.817807069084017,4.817807069084017,1.0
"[1.0, -5.331227385220307, 1.0]","[-1.0, -5.331227385220307, -1.0]",4.449311170408039,4.449311170408039,1.0
"[1.0, -5.334177926197796, 1.0]","[-1.0, -5.334177926197796, -1.0]",4.461011843469871,4.461011843469871,1.0
"[1.0, -6.779187279989592, 1.0]","[-1.0, -6.779187279989592, -1.0]",5.295879124934215,5.295879124934215,1.0
"[1.0, -6.778768378698353, 1.0]","[-1.0, -6.778768378698353, -1.0]",5.295439673054091,5.295439673054091,1.0
"[1.0, -5.4429592599795145, 1.0]","[-1.0, -5.4429592599795145, -1.0]",4.285935353385879,4.285935353385879,1.0
"[1.0, -4.6343229141099895, 1.0]","[-1.0, -4.6343229141099895, -1.0]",3.6778807602011807,3.6778807602011807,1.0
"[1.0, -5.3364183306091, 1.0]","[-1.0, -5.3364183306091, -1.0]",4.430365941344365,4.430365941344365,1.0
"[1.0, -5.442148864639871, 1.0]","[-1.0, -5.442148864639871, -1.0]",4.283833020369478,4.283833020369478,1.0
"[1.0, -6.146533063040552, 1.0]","[-1.0, -6.146533063040552, -1.0]",4.814973454479899,4.814973454479899,1.0
"[1.0, -7.354548464856373, 1.0]","[-1.0, -7.354548464856373, -1.0]",5.732333182528434,5.732333182528434,1.0
"[1.0, -5.444881706491321, 1.0]","[-1.0, -5.444881706491321, -1.0]",4.328455961735242,4.328455961735242,1.0
"[1.0, -4.545638973293424, 1.0]","[-1.0, -4.545638973293424, -1.0]",3.860274205052426,3.860274205052426,1.0
"[1.0, -6.145144398846432, 1.0]","[-1.0, -6.145144398846432, -1.0]",4.8135801346285145,4.8135801346285145,1.0
"[1.0, -4.5446028092198825, 1.0]","[-1.0, -4.5446028092198825, -1.0]",3.8601567621389115,3.8601567621389115,1.0
"[1.0, -6.145482637703008, 1.0]","[-1.0, -6.145482637703008, -1.0]",4.814415497273169,4.814415497273169,1.0
"[1.0, -5.435345320874134, 1.0]","[-1.0, -5.435345320874134, -1.0]",4.279625045651759,4.279625045651759,1.0
"[1.0, -4.544850612757182, 1.0]","[-1.0, -4.544850612757182, -1.0]",3.8588237522146107,3.8588237522146107,1.0
"[1.0, -4.629897870064581, 1.0]","[-1.0, -4.629897870064581, -1.0]",3.6735246978174634,3.6735246978174634,1.0
"[1.0, -4.630586870975055, 1.0]","[-1.0, -4.630586870975055, -1.0]",3.6742236063050355,3.6742236063050355,1.0
"[1.0, -1.6090064445828314, 1.0]","[-1.0, -1.6090064445828314, -1.0]",4.784653825950785,4.784653825950785,1.0
"[1.0, -1.6092813246869604, 1.0]","[-1.0, -1.6092813246869604, -1.0]",4.779170114216462,4.779170114216462,1.0
"[1.0, -0.5139295093208339, 1.0]","[-1.0, -0.5139295093208339, -1.0]",3.292171030180805,3.292171030180805,1.0
"[1.0, -2.2438080762531873, 1.0]","[-1.0, -2.2438080762531873, -1.0]",2.193655237739721,2.193655237739721,1.0
"[1.0, -2.2473530382344507, 1.0]","[-1.0, -2.2473530382344507, -1.0]",2.1964808712868793,2.1964808712868793,1.0
"[1.0, -2.286851930380793, 1.0]","[-1.0, -2.286851930380793, -1.0]",1.959087728844248,1.959087728844248,1.0
"[1.0, -3.651085503518508, 1.0]","[-1.0, -3.651085503518508, -1.0]",2.946235508609515,2.946235508609515,1.0
"[1.0, -0.8102291377641928, 1.0]","[-1.0, -0.8102291377641928, -1.0]",5.625445115888582,5.625445115888582,1.0
"[1.0, 0.25318868057168203, 1.0]","[-1.0, 0.25318868057168203, -1.0]",5.872741925444411,5.872741925444411,1.0
"[1.0, 1.6081918465009442, 1.0]","[-1.0, 1.6081918465009442, -1.0]",4.781537121510654,4.781537121510654,1.0
"[1.0, 4.540902150742119, 1.0]","[-1.0, 4.540902150742119, -1.0]",3.855579025668825,3.855579025668825,1.0
"[1.0, 5.44436525524635, 1.0]","[-1.0, 5.44436525524635, -1.0]",4.286168720494015,4.286168720494015,1.0
"[1.0, 5.4439655148044395, 1.0]","[-1.0, 5.4439655148044395, -1.0]",4.286282807711899,4.286282807711899,1.0
"[1.0, 6.147884565863094, 1.0]","[-1.0, 6.147884565863094, -1.0]",4.8176520016472875,4.8176520016472875,1.0
"[1.0, 6.0328013386569035, 1.0]","[-1.0, 6.0328013386569035, -1.0]",4.990199212849219,4.990199212849219,1.0
"[1.0, 5.4438090033992435, 1.0]","[-1.0, 5.4438090033992435, -1.0]",4.284821444830684,4.284821444830684,1.0
"[1.0, 5.4436970581846165, 1.0]","[-1.0, 5.4436970581846165, -1.0]",4.285483978899718,4.285483978899718,1.0
"[1.0, 3.581497873618231, 1.0]","[-1.0, 3.581497873618231, -1.0]",3.1373489365799596,3.1373489365799596,1.0
"[1.0, 3.649840648975355, 1.0]","[-1.0, 3.649840648975355, -1.0]",2.9465524962253715,2.9465524962253715,1.0
"[1.0, 3.5852398555023726, 1.0]","[-1.0, 3.5852398555023726, -1.0]",3.1421763347418605,3.1421763347418605,1.0
"[1.0, 2.2812498553496816, 1.0]","[-1.0, 2.2812498553496816, -1.0]",1.9606127539249605,1.9606127539249605,1.0
"[1.0, 2.29083124922288, 1.0]","[-1.0, 2.29083124922288, -1.0]",2.1624985473785014,2.1624985473785014,1.0
"[1.0, 2.25346918557286, 1.0]","[-1.0, 2.25346918557286, -1.0]",2.1946386088970757,2.1946386088970757,1.0
"[1.0, 0.5183159372044246, 1.0]","[-1.0, 0.5183159372044246, -1.0]",2.792260879378598,2.792260879378598,1.0
"[1.0, -1.5964753916023204, 1.0]","[-1.0, -1.5964753916023204, -1.0]",4.792942899936911,4.792942899936911,1.0
"[1.0, -0.8099869666475461, 1.0]","[-1.0, -0.8099869666475461, -1.0]",5.625787143290884,5.625787143290884,1.0
"[1.0, -3.579721073228053, 1.0]","[-1.0, -3.579721073228053, -1.0]",3.138002858450603,3.138002858450603,1.0
"[1.0, -6.147582294672545, 1.0]","[-1.0, -6.147582294672545, -1.0]",4.815938852899003,4.815938852899003,1.0
"[1.0, -5.437506197516619, 1.0]","[-1.0, -5.437506197516619, -1.0]",4.292755480360971,4.292755480360971,1.0
"[1.0, -4.633980762260695, 1.0]","[-1.0, -4.633980762260695, -1.0]",3.6759998008865646,3.6759998008865646,1.0
"[1.0, -5.442775920946819, 1.0]","[-1.0, -5.442775920946819, -1.0]",4.284313886906109,4.284313886906109,1.0
"[1.0, -6.027806971810526, 1.0]","[-1.0, -6.027806971810526, -1.0]",4.910427155595225,4.910427155595225,1.0
"[1.0, -5.442917981551323, 1.0]","[-1.0, -5.442917981551323, -1.0]",4.284076462657941,4.284076462657941,1.0
"[1.0, -3.629622139915416, 1.0]","[-1.0, -3.629622139915416, -1.0]",2.9934584318076913,2.9934584318076913,1.0
"[1.0, -2.2679153537031533, 1.0]","[-1.0, -2.2679153537031533, -1.0]",2.1916762314795815,2.1916762314795815,1.0
"[1.0, -2.2846084056528415, 1.0]","[-1.0, -2.2846084056528415, -1.0]",1.9587936753815498,1.9587936753815498,1.0
"[1.0, -3.648342073381432, 1.0]","[-1.0, -3.648342073381432, -1.0]",2.944286416574429,2.944286416574429,1.0
"[1.0, -0.5183829655401851, 1.0]","[-1.0, -0.5183829655401851, -1.0]",2.7925117331439617,2.7925117331439617,1.0
"[1.0, -1.6031877955915286, 1.0]","[-1.0, -1.6031877955915286, -1.0]",4.765581297781964,4.765581297781964,1.0
"[1.0, -2.268909807633543, 1.0]","[-1.0, -2.268909807633543, -1.0]",6.117877783115751,6.117877783115751,1.0
"[1.0, 0.5139135089552317, 1.0]","[-1.0, 0.5139135089552317, -1.0]",3.2925906416415605,3.2925906416415605,1.0
"[1.0, 3.5921858490405865, 1.0]","[-1.0, 3.5921858490405865, -1.0]",3.141438929853057,3.141438929853057,1.0
"[1.0, 5.335118978876271, 1.0]","[-1.0, 5.335118978876271, -1.0]",4.46313691263301,4.46313691263301,1.0
"[1.0, 3.580207970629307, 1.0]","[-1.0, 3.580207970629307, -1.0]",3.139428895919299,3.139428895919299,1.0
"[1.0, 3.6504181325153406, 1.0]","[-1.0, 3.6504181325153406, -1.0]",2.945664626102041,2.945664626102041,1.0
"[1.0, 2.2646391174684783, 1.0]","[-1.0, 2.2646391174684783, -1.0]",2.196807875177213,2.196807875177213,1.0
"[1.0, 3.649850011562833, 1.0]","[-1.0, 3.649850011562833, -1.0]",2.9449329567974853,2.9449329567974853,1.0
"[1.0, 3.582321534350383, 1.0]","[-1.0, 3.582321534350383, -1.0]",3.1404266395697005,3.1404266395697005,1.0
"[1.0, 3.6515894887005027, 1.0]","[-1.0, 3.6515894887005027, -1.0]",2.9465938632301434,2.9465938632301434,1.0
"[1.0, 5.442373576597376, 1.0]","[-1.0, 5.442373576597376, -1.0]",4.282985525749235,4.282985525749235,1.0
"[1.0, 6.7776884287393475, 1.0]","[-1.0, 6.7776884287393475, -1.0]",5.293210597720144,5.293210597720144,1.0
"[1.0, 4.543224694701875, 1.0]","[-1.0, 4.543224694701875, -1.0]",3.8588840301336176,3.8588840301336176,1.0
"[1.0, 1.5999441446664164, 1.0]","[-1.0, 1.5999441446664164, -1.0]",4.77541616356652,4.77541616356652,1.0
"[1.0, -0.8101889409085506, 1.0]","[-1.0, -0.8101889409085506, -1.0]",5.626175035194799,5.626175035194799,1.0
"[1.0, 2.2521210095442044, 1.0]","[-1.0, 2.2521210095442044, -1.0]",2.1982105018414457,2.1982105018414457,1.0
"[1.0, 3.6491783780243163, 1.0]","[-1.0, 3.6491783780243163, -1.0]",2.9438310885279546,2.9438310885279546,1.0
"[1.0, 1.6053957974485373, 1.0]","[-1.0, 1.6053957974485373, -1.0]",4.764742019787558,4.764742019787558,1.0
"[1.0, -0.5184641291732353, 1.0]","[-1.0, -0.5184641291732353, -1.0]",2.7922204411353992,2.7922204411353992,1.0
"[1.0, 0.5139060920411787, 1.0]","[-1.0, 0.5139060920411787, -1.0]",3.2925947152588946,3.2925947152588946,1.0
"[1.0, 0.5235944804899564, 1.0]","[-1.0, 0.5235944804899564, -1.0]",2.9264848156370733,2.9264848156370733,1.0
"[1.0, 3.576893622538341, 1.0]","[-1.0, 3.576893622538341, -1.0]",3.048137182012691,3.048137182012691,1.0
"[1.0, 0.8099579977177973, 1.0]","[-1.0, 0.8099579977177973, -1.0]",5.6267110632186395,5.6267110632186395,1.0
"[1.0, -0.25318985655629644, 1.0]","[-1.0, -0.25318985655629644, -1.0]",5.872888139254556,5.872888139254556,1.0
"[1.0, -0.8099619897697886, 1.0]","[-1.0, -0.8099619897697886, -1.0]",5.626635958116425,5.626635958116425,1.0
"[1.0, -1.6083764621798506, 1.0]","[-1.0, -1.6083764621798506, -1.0]",4.8241111189268056,4.8241111189268056,1.0
"[1.0, -2.2669562825369867, 1.0]","[-1.0, -2.2669562825369867, -1.0]",6.126074018693434,6.126074018693434,1.0
"[1.0, -5.332537500984582, 1.0]","[-1.0, -5.332537500984582, -1.0]",4.457859666847553,4.457859666847553,1.0
"[1.0, -6.149354682154839, 1.0]","[-1.0, -6.149354682154839, -1.0]",4.819654436540412,4.819654436540412,1.0
"[1.0, -6.149208438395087, 1.0]","[-1.0, -6.149208438395087, -1.0]",4.81914490066305,4.81914490066305,1.0
"[1.0, -6.148755928457073, 1.0]","[-1.0, -6.148755928457073, -1.0]",4.819891110402547,4.819891110402547,1.0
"[1.0, -6.149282583463157, 1.0]","[-1.0, -6.149282583463157, -1.0]",4.820080826726709,4.820080826726709,1.0
"[1.0, -7.357175918957926, 1.0]","[-1.0, -7.357175918957926, -1.0]",5.737277796624459,5.737277796624459,1.0
"[1.0, -6.779972793751519, 1.0]","[-1.0, -6.779972793751519, -1.0]",5.2982330323145534,5.2982330323145534,1.0
"[1.0, -6.779442685458875, 1.0]","[-1.0, -6.779442685458875, -1.0]",5.29875590343613,5.29875590343613,1.0
"[1.0, -7.356284330971222, 1.0]","[-1.0, -7.356284330971222, -1.0]",5.735376788059659,5.735376788059659,1.0
"[1.0, -6.778430851328045, 1.0]","[-1.0, -6.778430851328045, -1.0]",5.296252171413609,5.296252171413609,1.0
"[1.0, -6.778293365536601, 1.0]","[-1.0, -6.778293365536601, -1.0]",5.296511288396241,5.296511288396241,1.0
"[1.0, -5.441255343778271, 1.0]","[-1.0, -5.441255343778271, -1.0]",4.352274957671729,4.352274957671729,1.0
"[1.0, -6.777566480756281, 1.0]","[-1.0, -6.777566480756281, -1.0]",5.294873651783444,5.294873651783444,1.0
"[1.0, -5.333588233563532, 1.0]","[-1.0, -5.333588233563532, -1.0]",4.458980986563482,4.458980986563482,1.0
"[1.0, -6.777416956441218, 1.0]","[-1.0, -6.777416956441218, -1.0]",5.29504759474326,5.29504759474326,1.0
"[1.0, -6.77821342579398, 1.0]","[-1.0, -6.77821342579398, -1.0]",5.294543299744701,5.294543299744701,1.0
"[1.0, -5.435337361829226, 1.0]","[-1.0, -5.435337361829226, -1.0]",4.281218698545221,4.281218698545221,1.0
"[1.0, -4.629703275580458, 1.0]","[-1.0, -4.629703275580458, -1.0]",3.6760722829687382,3.6760722829687382,1.0
"[1.0, -2.280047997894919, 1.0]","[-1.0, -2.280047997894919, -1.0]",2.0138474849458268,2.0138474849458268,1.0
"[1.0, -2.2720998627998883, 1.0]","[-1.0, -2.2720998627998883, -1.0]",1.9619040640513008,1.9619040640513008,1.0
"[1.0, -0.253197237893942, 1.0]","[-1.0, -0.253197237893942, -1.0]",5.873544804864781,5.873544804864781,1.0
"[1.0, -0.5137908011309155, 1.0]","[-1.0, -0.5137908011309155, -1.0]",3.290896234014918,3.290896234014918,1.0
"[1.0, -0.8127835130632035, 1.0]","[-1.0, -0.8127835130632035, -1.0]",5.641478751334111,5.641478751334111,1.0
"[1.0, 0.8101487078708243, 1.0]","[-1.0, 0.8101487078708243, -1.0]",5.632602832159622,5.632602832159622,1.0
"[1.0, 3.57505687302251, 1.0]","[-1.0, 3.57505687302251, -1.0]",3.1296507444344894,3.1296507444344894,1.0
"[1.0, 4.627339302875987, 1.0]","[-1.0, 4.627339302875987, -1.0]",3.7663638886646806,3.7663638886646806,1.0
"[1.0, 4.636691826453118, 1.0]","[-1.0, 4.636691826453118, -1.0]",3.681775237310625,3.681775237310625,1.0
"[1.0, 5.445275546570863, 1.0]","[-1.0, 5.445275546570863, -1.0]",4.288774125383927,4.288774125383927,1.0
"[1.0, 3.5773170471926696, 1.0]","[-1.0, 3.5773170471926696, -1.0]",3.1352321165976513,3.1352321165976513,1.0
"[1.0, 2.260412105997451, 1.0]","[-1.0, 2.260412105997451, -1.0]",2.1974763173528804,2.1974763173528804,1.0
"[1.0, 3.658801022424158, 1.0]","[-1.0, 3.658801022424158, -1.0]",3.04408232255239,3.04408232255239,1.0
"[1.0, 2.248953937201148, 1.0]","[-1.0, 2.248953937201148, -1.0]",2.196924827581448,2.196924827581448,1.0
"[1.0, 2.2998276290251853, 1.0]","[-1.0, 2.2998276290251853, -1.0]",2.1282326495554456,2.1282326495554456,1.0
"[1.0, 1.6039963926538152, 1.0]","[-1.0, 1.6039963926538152, -1.0]",4.763494291518088,4.763494291518088,1.0
"[1.0, -0.5139470262091712, 1.0]","[-1.0, -0.5139470262091712, -1.0]",3.292818144047804,3.292818144047804,1.0
"[1.0, -2.2339749668851274, 1.0]","[-1.0, -2.2339749668851274, -1.0]",2.1152082278589757,2.1152082278589757,1.0
"[1.0, -3.650777469889547, 1.0]","[-1.0, -3.650777469889547, -1.0]",2.9458061653221788,2.9458061653221788,1.0
"[1.0, -2.3019704952065516, 1.0]","[-1.0, -2.3019704952065516, -1.0]",2.0996752243217767,2.0996752243217767,1.0
"[1.0, -2.237976011666351, 1.0]","[-1.0, -2.237976011666351, -1.0]",2.169396910380447,2.169396910380447,1.0
"[1.0, -2.2863781611110343, 1.0]","[-1.0, -2.2863781611110343, -1.0]",1.959531881691052,1.959531881691052,1.0
"[1.0, -0.5156748112100956, 1.0]","[-1.0, -0.5156748112100956, -1.0]",3.2907977374776394,3.2907977374776394,1.0
"[1.0, -3.5799441084124686, 1.0]","[-1.0, -3.5799441084124686, -1.0]",3.138643797629501,3.138643797629501,1.0
"[1.0, -3.6518953076812224, 1.0]","[-1.0, -3.6518953076812224, -1.0]",2.946825870502554,2.946825870502554,1.0
"[1.0, -3.6508739711046756, 1.0]","[-1.0, -3.6508739711046756, -1.0]",2.946848759397132,2.946848759397132,1.0
"[1.0, -3.651347302249145, 1.0]","[-1.0, -3.651347302249145, -1.0]",2.947167747055062,2.947167747055062,1.0
"[1.0, -0.5183389609243677, 1.0]","[-1.0, -0.5183389609243677, -1.0]",2.792670939525155,2.792670939525155,1.0
"[1.0, 0.5181027263465379, 1.0]","[-1.0, 0.5181027263465379, -1.0]",2.7928302961283262,2.7928302961283262,1.0
"[1.0, -0.5139162422205441, 1.0]","[-1.0, -0.5139162422205441, -1.0]",3.2923389017501523,3.2923389017501523,1.0
"[1.0, -4.5397919042876955, 1.0]","[-1.0, -4.5397919042876955, -1.0]",3.852985396511667,3.852985396511667,1.0
"[1.0, -6.149080914563281, 1.0]","[-1.0, -6.149080914563281, -1.0]",4.818985662316766,4.818985662316766,1.0
"[1.0, -5.4440897741602, 1.0]","[-1.0, -5.4440897741602, -1.0]",4.286381292476381,4.286381292476381,1.0
"[1.0, -5.444232821599596, 1.0]","[-1.0, -5.444232821599596, -1.0]",4.2851488791606185,4.2851488791606185,1.0
"[1.0, -5.444197521691241, 1.0]","[-1.0, -5.444197521691241, -1.0]",4.285423451319512,4.285423451319512,1.0
"[1.0, -3.58164121684921, 1.0]","[-1.0, -3.58164121684921, -1.0]",3.1395775771901397,3.1395775771901397,1.0
"[1.0, -3.649453305038589, 1.0]","[-1.0, -3.649453305038589, -1.0]",2.9452103924788027,2.9452103924788027,1.0
"[1.0, -2.2515180363980685, 1.0]","[-1.0, -2.2515180363980685, -1.0]",2.1987782130292772,2.1987782130292772,1.0
"[1.0, -2.2528201680014233, 1.0]","[-1.0, -2.2528201680014233, -1.0]",2.198005738050966,2.198005738050966,1.0
"[1.0, -2.2856548457821253, 1.0]","[-1.0, -2.2856548457821253, -1.0]",1.9588553366848689,1.9588553366848689,1.0
"[1.0, -0.5183893936495829, 1.0]","[-1.0, -0.5183893936495829, -1.0]",2.7923173740599556,2.7923173740599556,1.0
"[1.0, 2.252541575215934, 1.0]","[-1.0, 2.252541575215934, -1.0]",2.1977715922120518,2.1977715922120518,1.0
"[1.0, 2.2786124650364297, 1.0]","[-1.0, 2.2786124650364297, -1.0]",1.958064896447204,1.958064896447204,1.0
"[1.0, -0.5139578075852713, 1.0]","[-1.0, -0.5139578075852713, -1.0]",3.2922958783405543,3.2922958783405543,1.0
"[1.0, 0.513933735032902, 1.0]","[-1.0, 0.513933735032902, -1.0]",3.292499183791176,3.292499183791176,1.0
"[1.0, 0.5201760197736588, 1.0]","[-1.0, 0.5201760197736588, -1.0]",3.140826481147108,3.140826481147108,1.0
"[1.0, -3.5796104807975846, 1.0]","[-1.0, -3.5796104807975846, -1.0]",3.137803726020569,3.137803726020569,1.0
"[1.0, -2.2488298717415245, 1.0]","[-1.0, -2.2488298717415245, -1.0]",2.197405196227176,2.197405196227176,1.0
"[1.0, -2.2358048238747945, 1.0]","[-1.0, -2.2358048238747945, -1.0]",2.0454867163508332,2.0454867163508332,1.0
"[1.0, -0.5183986299125178, 1.0]","[-1.0, -0.5183986299125178, -1.0]",2.7921508789963903,2.7921508789963903,1.0
"[1.0, 2.249726002145564, 1.0]","[-1.0, 2.249726002145564, -1.0]",2.197433732014065,2.197433732014065,1.0
"[1.0, 2.3027489333682545, 1.0]","[-1.0, 2.3027489333682545, -1.0]",2.0235266982627835,2.0235266982627835,1.0
"[1.0, 2.2849563210546178, 1.0]","[-1.0, 2.2849563210546178, -1.0]",1.9579630638150716,1.9579630638150716,1.0
"[1.0, 0.5183949171456014, 1.0]","[-1.0, 0.5183949171456014, -1.0]",2.792148273325512,2.792148273325512,1.0
"[1.0, 2.250439880193912, 1.0]","[-1.0, 2.250439880193912, -1.0]",2.1978093396164247,2.1978093396164247,1.0
"[1.0, 4.543192500902496, 1.0]","[-1.0, 4.543192500902496, -1.0]",3.8588342503593105,3.8588342503593105,1.0
"[1.0, 4.54347393283281, 1.0]","[-1.0, 4.54347393283281, -1.0]",3.858552106930207,3.858552106930207,1.0
"[1.0, 5.335638206921049, 1.0]","[-1.0, 5.335638206921049, -1.0]",4.463101387663437,4.463101387663437,1.0
"[1.0, 3.580137517170304, 1.0]","[-1.0, 3.580137517170304, -1.0]",3.1390958982883914,3.1390958982883914,1.0
"[1.0, 4.632723603886853, 1.0]","[-1.0, 4.632723603886853, -1.0]",3.6746917390760934,3.6746917390760934,1.0
"[1.0, 2.28308634471256, 1.0]","[-1.0, 2.28308634471256, -1.0]",1.9586537087332745,1.9586537087332745,1.0
"[1.0, 2.2826746063130603, 1.0]","[-1.0, 2.2826746063130603, -1.0]",1.9575585940436944,1.9575585940436944,1.0
"[1.0, 2.2413714965637443, 1.0]","[-1.0, 2.2413714965637443, -1.0]",2.00828051213779,2.00828051213779,1.0
"[1.0, -0.5184628595615642, 1.0]","[-1.0, -0.5184628595615642, -1.0]",2.7929699879213463,2.7929699879213463,1.0
"[1.0, -2.25855425345394, 1.0]","[-1.0, -2.25855425345394, -1.0]",2.194869294328055,2.194869294328055,1.0
"[1.0, -2.261454583657351, 1.0]","[-1.0, -2.261454583657351, -1.0]",2.1966361439935698,2.1966361439935698,1.0
"[1.0, -2.279404819851188, 1.0]","[-1.0, -2.279404819851188, -1.0]",1.9583275305574008,1.9583275305574008,1.0
"[1.0, -2.280264406293784, 1.0]","[-1.0, -2.280264406293784, -1.0]",1.9581143812621025,1.9581143812621025,1.0
"[1.0, -3.648187842341962, 1.0]","[-1.0, -3.648187842341962, -1.0]",2.944881693446271,2.944881693446271,1.0
"[1.0, -2.2803912428606674, 1.0]","[-1.0, -2.2803912428606674, -1.0]",1.958456384805463,1.958456384805463,1.0
"[1.0, -1.5922990626395854, 1.0]","[-1.0, -1.5922990626395854, -1.0]",4.869418278111618,4.869418278111618,1.0
"[1.0, -0.8093011739503241, 1.0]","[-1.0, -0.8093011739503241, -1.0]",5.637892761647703,5.637892761647703,1.0
"[1.0, -4.539568719979327, 1.0]","[-1.0, -4.539568719979327, -1.0]",3.852472246753418,3.852472246753418,1.0
"[1.0, -4.540430001996493, 1.0]","[-1.0, -4.540430001996493, -1.0]",3.8537795254322647,3.8537795254322647,1.0
"[1.0, -3.577500517067814, 1.0]","[-1.0, -3.577500517067814, -1.0]",3.135599254785208,3.135599254785208,1.0
"[1.0, -2.243537976466816, 1.0]","[-1.0, -2.243537976466816, -1.0]",2.1924097912166123,2.1924097912166123,1.0
"[1.0, -4.618377193765182, 1.0]","[-1.0, -4.618377193765182, -1.0]",3.7100483362165826,3.7100483362165826,1.0
"[1.0, -2.3003109770330936, 1.0]","[-1.0, -2.3003109770330936, -1.0]",2.125950873317062,2.125950873317062,1.0
"[1.0, -0.5183954118346253, 1.0]","[-1.0, -0.5183954118346253, -1.0]",2.79253088719346,2.79253088719346,1.0
"[1.0, -0.5139220044422534, 1.0]","[-1.0, -0.5139220044422534, -1.0]",3.291803715953808,3.291803715953808,1.0
"[1.0, -0.5137929550295824, 1.0]","[-1.0, -0.5137929550295824, -1.0]",3.291778641860933,3.291778641860933,1.0
"[1.0, 2.23551095382733, 1.0]","[-1.0, 2.23551095382733, -1.0]",2.122566577540277,2.122566577540277,1.0
"[1.0, -0.51854137278429, 1.0]","[-1.0, -0.51854137278429, -1.0]",2.7923687401360646,2.7923687401360646,1.0
"[1.0, -2.26522095802914, 1.0]","[-1.0, -2.26522095802914, -1.0]",2.194338935780444,2.194338935780444,1.0
"[1.0, -2.291247826574598, 1.0]","[-1.0, -2.291247826574598, -1.0]",1.9636313981618885,1.9636313981618885,1.0
"[1.0, -3.6529199875702285, 1.0]","[-1.0, -3.6529199875702285, -1.0]",2.948888937543487,2.948888937543487,1.0
"[1.0, -1.6061494508123089, 1.0]","[-1.0, -1.6061494508123089, -1.0]",4.772790351573954,4.772790351573954,1.0
"[1.0, -0.5139099191405608, 1.0]","[-1.0, -0.5139099191405608, -1.0]",3.292213687021844,3.292213687021844,1.0
"[1.0, -2.292172833778763, 1.0]","[-1.0, -2.292172833778763, -1.0]",1.9652003751499874,1.9652003751499874,1.0
"[1.0, -0.5184101504816084, 1.0]","[-1.0, -0.5184101504816084, -1.0]",2.7927799210116926,2.7927799210116926,1.0
"[1.0, -1.6062921973938689, 1.0]","[-1.0, -1.6062921973938689, -1.0]",4.773555442325721,4.773555442325721,1.0
"[1.0, -0.25318591092999, 1.0]","[-1.0, -0.25318591092999, -1.0]",5.873102059019709,5.873102059019709,1.0
"[1.0, -2.2656107278417545, 1.0]","[-1.0, -2.2656107278417545, -1.0]",6.134844603695118,6.134844603695118,1.0
"[1.0, 0.25318617552890277, 1.0]","[-1.0, 0.25318617552890277, -1.0]",5.873051724617701,5.873051724617701,1.0
"[1.0, -3.578549106598894, 1.0]","[-1.0, -3.578549106598894, -1.0]",3.1366419907660292,3.1366419907660292,1.0
"[1.0, -2.289741795869263, 1.0]","[-1.0, -2.289741795869263, -1.0]",1.9615183558887814,1.9615183558887814,1.0
"[1.0, -0.5181966595227141, 1.0]","[-1.0, -0.5181966595227141, -1.0]",2.792613392657635,2.792613392657635,1.0
"[1.0, 0.5113721483947905, 1.0]","[-1.0, 0.5113721483947905, -1.0]",3.280444023707932,3.280444023707932,1.0
"[1.0, -0.8101986465886587, 1.0]","[-1.0, -0.8101986465886587, -1.0]",5.626843601873402,5.626843601873402,1.0
"[1.0, 1.6032984402210355, 1.0]","[-1.0, 1.6032984402210355, -1.0]",4.772182273560213,4.772182273560213,1.0
"[1.0, 4.540468283911744, 1.0]","[-1.0, 4.540468283911744, -1.0]",3.8550324573671633,3.8550324573671633,1.0
"[1.0, 6.14851181280074, 1.0]","[-1.0, 6.14851181280074, -1.0]",4.818780163131005,4.818780163131005,1.0
"[1.0, 5.3338275090793, 1.0]","[-1.0, 5.3338275090793, -1.0]",4.460300377291376,4.460300377291376,1.0
"[1.0, 3.652444278311488, 1.0]","[-1.0, 3.652444278311488, -1.0]",2.9486275485710194,2.9486275485710194,1.0
"[1.0, 3.652518985693933, 1.0]","[-1.0, 3.652518985693933, -1.0]",2.9490714343126605,2.9490714343126605,1.0
"[1.0, 3.6565918432957907, 1.0]","[-1.0, 3.6565918432957907, -1.0]",2.957462122717478,2.957462122717478,1.0
"[1.0, 5.4436133766934125, 1.0]","[-1.0, 5.4436133766934125, -1.0]",4.284456221522505,4.284456221522505,1.0
"[1.0, 6.1469784230769555, 1.0]","[-1.0, 6.1469784230769555, -1.0]",4.816492515940707,4.816492515940707,1.0
"[1.0, 6.7785728977748425, 1.0]","[-1.0, 6.7785728977748425, -1.0]",5.294853056848181,5.294853056848181,1.0
"[1.0, 6.7787372675444235, 1.0]","[-1.0, 6.7787372675444235, -1.0]",5.2944521706294,5.2944521706294,1.0
"[1.0, 6.778625727596016, 1.0]","[-1.0, 6.778625727596016, -1.0]",5.295368472274401,5.295368472274401,1.0
"[1.0, 6.77759324573342, 1.0]","[-1.0, 6.77759324573342, -1.0]",5.293132739130761,5.293132739130761,1.0
"[1.0, 7.354487089926522, 1.0]","[-1.0, 7.354487089926522, -1.0]",5.7324976077119105,5.7324976077119105,1.0
"[1.0, 7.354843920792944, 1.0]","[-1.0, 7.354843920792944, -1.0]",5.731202503439937,5.731202503439937,1.0
"[1.0, 5.342182728479304, 1.0]","[-1.0, 5.342182728479304, -1.0]",4.466009017794896,4.466009017794896,1.0
"[1.0, 4.544044212714354, 1.0]","[-1.0, 4.544044212714354, -1.0]",3.859015162758148,3.859015162758148,1.0
"[1.0, 4.63074597672333, 1.0]","[-1.0, 4.63074597672333, -1.0]",3.675200535044197,3.675200535044197,1.0
"[1.0, 3.644471367847929, 1.0]","[-1.0, 3.644471367847929, -1.0]",2.941817699610858,2.941817699610858,1.0
"[1.0, 3.646530718127587, 1.0]","[-1.0, 3.646530718127587, -1.0]",2.944372830027715,2.944372830027715,1.0
"[1.0, 3.6470165201035045, 1.0]","[-1.0, 3.6470165201035045, -1.0]",2.944814842815869,2.944814842815869,1.0
"[1.0, 3.59459983171308, 1.0]","[-1.0, 3.59459983171308, -1.0]",3.1414135072718703,3.1414135072718703,1.0
"[1.0, 4.6313981867811895, 1.0]","[-1.0, 4.6313981867811895, -1.0]",3.674482484203666,3.674482484203666,1.0
"[1.0, 6.125769128776384, 1.0]","[-1.0, 6.125769128776384, -1.0]",4.828334488196709,4.828334488196709,1.0
"[1.0, 5.3367402399711406, 1.0]","[-1.0, 5.3367402399711406, -1.0]",4.464465586978544,4.464465586978544,1.0
"[1.0, 3.586912503449386, 1.0]","[-1.0, 3.586912503449386, -1.0]",3.142607052350858,3.142607052350858,1.0
"[1.0, 4.543422215317969, 1.0]","[-1.0, 4.543422215317969, -1.0]",3.8581914996170674,3.8581914996170674,1.0
"[1.0, 6.146670066246767, 1.0]","[-1.0, 6.146670066246767, -1.0]",4.815629405418842,4.815629405418842,1.0
"[1.0, 6.778564286748787, 1.0]","[-1.0, 6.778564286748787, -1.0]",5.293727866730657,5.293727866730657,1.0
"[1.0, 6.146977225805654, 1.0]","[-1.0, 6.146977225805654, -1.0]",4.815575674164612,4.815575674164612,1.0
"[1.0, 6.777595329823192, 1.0]","[-1.0, 6.777595329823192, -1.0]",5.29356252783028,5.29356252783028,1.0
"[1.0, 4.542199004463316, 1.0]","[-1.0, 4.542199004463316, -1.0]",3.8570115802834843,3.8570115802834843,1.0
"[1.0, 1.602545259532978, 1.0]","[-1.0, 1.602545259532978, -1.0]",4.773059372007384,4.773059372007384,1.0
"[1.0, 1.6087669102706041, 1.0]","[-1.0, 1.6087669102706041, -1.0]",4.8116471304701625,4.8116471304701625,1.0
"[1.0, 4.544873613632611, 1.0]","[-1.0, 4.544873613632611, -1.0]",3.8600169406373275,3.8600169406373275,1.0
"[1.0, 4.545370975553374, 1.0]","[-1.0, 4.545370975553374, -1.0]",3.760487558550646,3.760487558550646,1.0
"[1.0, 1.606609526102102, 1.0]","[-1.0, 1.606609526102102, -1.0]",4.772080517656111,4.772080517656111,1.0
"[1.0, 3.6485294217027398, 1.0]","[-1.0, 3.6485294217027398, -1.0]",2.9438529994123797,2.9438529994123797,1.0
"[1.0, 6.027702279620688, 1.0]","[-1.0, 6.027702279620688, -1.0]",4.997411737392766,4.997411737392766,1.0
"[1.0, 6.777377026254222, 1.0]","[-1.0, 6.777377026254222, -1.0]",5.292813174825507,5.292813174825507,1.0
"[1.0, 4.632584623654748, 1.0]","[-1.0, 4.632584623654748, -1.0]",3.674640391741434,3.674640391741434,1.0
"[1.0, 6.777230796026701, 1.0]","[-1.0, 6.777230796026701, -1.0]",5.292869833712657,5.292869833712657,1.0
"[1.0, 5.441483293371863, 1.0]","[-1.0, 5.441483293371863, -1.0]",4.282055832434326,4.282055832434326,1.0
"[1.0, 6.051772524122226, 1.0]","[-1.0, 6.051772524122226, -1.0]",4.889755705104506,4.889755705104506,1.0
"[1.0, 5.33684942791212, 1.0]","[-1.0, 5.33684942791212, -1.0]",4.46440564084302,4.46440564084302,1.0
"[1.0, 5.3370170274669455, 1.0]","[-1.0, 5.3370170274669455, -1.0]",4.464044205788579,4.464044205788579,1.0
"[1.0, 3.5835586809805875, 1.0]","[-1.0, 3.5835586809805875, -1.0]",3.140711790839153,3.140711790839153,1.0
"[1.0, 4.536637569305714, 1.0]","[-1.0, 4.536637569305714, -1.0]",3.7876807467328315,3.7876807467328315,1.0
"[1.0, 4.631675373954823, 1.0]","[-1.0, 4.631675373954823, -1.0]",3.674933130885834,3.674933130885834,1.0
"[1.0, 5.440976114379621, 1.0]","[-1.0, 5.440976114379621, -1.0]",4.282497620726727,4.282497620726727,1.0
"[1.0, 3.593238379185507, 1.0]","[-1.0, 3.593238379185507, -1.0]",3.142491916093429,3.142491916093429,1.0
"[1.0, 3.6475085553053277, 1.0]","[-1.0, 3.6475085553053277, -1.0]",2.943054535521645,2.943054535521645,1.0
"[1.0, 5.4408154287121455, 1.0]","[-1.0, 5.4408154287121455, -1.0]",4.28105090415695,4.28105090415695,1.0
"[1.0, 6.144860790336611, 1.0]","[-1.0, 6.144860790336611, -1.0]",4.8130737608073195,4.8130737608073195,1.0
"[1.0, 4.546297118559377, 1.0]","[-1.0, 4.546297118559377, -1.0]",3.8601936254846003,3.8601936254846003,1.0
"[1.0, 3.584495418534454, 1.0]","[-1.0, 3.584495418534454, -1.0]",3.1419412628679178,3.1419412628679178,1.0
"[1.0, 4.630715908295889, 1.0]","[-1.0, 4.630715908295889, -1.0]",3.6736990363089634,3.6736990363089634,1.0
"[1.0, 4.544837557735935, 1.0]","[-1.0, 4.544837557735935, -1.0]",3.860190525231901,3.860190525231901,1.0
"[1.0, 3.584463659213821, 1.0]","[-1.0, 3.584463659213821, -1.0]",3.1410134808666634,3.1410134808666634,1.0
"[1.0, 3.58199076185497, 1.0]","[-1.0, 3.58199076185497, -1.0]",3.1407653676168668,3.1407653676168668,1.0
"[1.0, 2.250120367448758, 1.0]","[-1.0, 2.250120367448758, -1.0]",2.1965931820193263,2.1965931820193263,1.0
"[1.0, 2.3003271712875972, 1.0]","[-1.0, 2.3003271712875972, -1.0]",2.014431930853791,2.014431930853791,1.0
"[1.0, 0.5183939634977583, 1.0]","[-1.0, 0.5183939634977583, -1.0]",2.7921307779692452,2.7921307779692452,1.0
"[1.0, -0.5183912999823905, 1.0]","[-1.0, -0.5183912999823905, -1.0]",2.7923721041344796,2.7923721041344796,1.0
"[1.0, -2.2868269965822647, 1.0]","[-1.0, -2.2868269965822647, -1.0]",1.9592108276029176,1.9592108276029176,1.0
"[1.0, -2.286367403542289, 1.0]","[-1.0, -2.286367403542289, -1.0]",1.9589437013823483,1.9589437013823483,1.0
"[1.0, -2.284471588320027, 1.0]","[-1.0, -2.284471588320027, -1.0]",1.9583444088793365,1.9583444088793365,1.0
"[1.0, -3.588619243380739, 1.0]","[-1.0, -3.588619243380739, -1.0]",3.1396430849916865,3.1396430849916865,1.0
"[1.0, -3.6515860579773594, 1.0]","[-1.0, -3.6515860579773594, -1.0]",2.9488962718333305,2.9488962718333305,1.0
"[1.0, -2.2681032096529727, 1.0]","[-1.0, -2.2681032096529727, -1.0]",1.963667906813512,1.963667906813512,1.0
"[1.0, -0.5189270290936782, 1.0]","[-1.0, -0.5189270290936782, -1.0]",2.7934619930349474,2.7934619930349474,1.0
"[1.0, 0.5139030297228091, 1.0]","[-1.0, 0.5139030297228091, -1.0]",3.2034399758376733,3.2034399758376733,1.0
"[1.0, -0.5201111765403063, 1.0]","[-1.0, -0.5201111765403063, -1.0]",3.009928310701748,3.009928310701748,1.0
"[1.0, -0.5194293879257529, 1.0]","[-1.0, -0.5194293879257529, -1.0]",2.8284542693166315,2.8284542693166315,1.0
"[1.0, 2.2455505343560254, 1.0]","[-1.0, 2.2455505343560254, -1.0]",2.192976489906958,2.192976489906958,1.0
"[1.0, 3.6592960642810133, 1.0]","[-1.0, 3.6592960642810133, -1.0]",3.0330775180108107,3.0330775180108107,1.0
"[1.0, 2.2412821551912088, 1.0]","[-1.0, 2.2412821551912088, -1.0]",2.1845937417761583,2.1845937417761583,1.0
"[1.0, 4.588508153538058, 1.0]","[-1.0, 4.588508153538058, -1.0]",3.839771808191613,3.839771808191613,1.0
"[1.0, 3.577154173614246, 1.0]","[-1.0, 3.577154173614246, -1.0]",3.1348303833823117,3.1348303833823117,1.0
"[1.0, 0.5182299139229805, 1.0]","[-1.0, 0.5182299139229805, -1.0]",2.7925116961368315,2.7925116961368315,1.0
"[1.0, -0.5070555994437324, 1.0]","[-1.0, -0.5070555994437324, -1.0]",2.950505414611911,2.950505414611911,1.0
"[1.0, -2.2412091565202523, 1.0]","[-1.0, -2.2412091565202523, -1.0]",2.1863009032747125,2.1863009032747125,1.0
"[1.0, 0.5184895826904462, 1.0]","[-1.0, 0.5184895826904462, -1.0]",2.7927205560617723,2.7927205560617723,1.0
"[1.0, 0.5184646248625444, 1.0]","[-1.0, 0.5184646248625444, -1.0]",2.7931170624015556,2.7931170624015556,1.0
"[1.0, 2.2456275130723706, 1.0]","[-1.0, 2.2456275130723706, -1.0]",2.194846165986515,2.194846165986515,1.0
"[1.0, 2.2676341541236447, 1.0]","[-1.0, 2.2676341541236447, -1.0]",2.1930222690503984,2.1930222690503984,1.0
"[1.0, -0.518504310326351, 1.0]","[-1.0, -0.518504310326351, -1.0]",2.792245829195368,2.792245829195368,1.0
"[1.0, -0.5184126374739721, 1.0]","[-1.0, -0.5184126374739721, -1.0]",2.7930454132858404,2.7930454132858404,1.0
"[1.0, -2.246854384788214, 1.0]","[-1.0, -2.246854384788214, -1.0]",2.1942710413137245,2.1942710413137245,1.0
"[1.0, -4.6360768772256655, 1.0]","[-1.0, -4.6360768772256655, -1.0]",3.679874144399798,3.679874144399798,1.0
"[1.0, -4.540404612702064, 1.0]","[-1.0, -4.540404612702064, -1.0]",3.8551112593557035,3.8551112593557035,1.0
"[1.0, -3.5790627472392744, 1.0]","[-1.0, -3.5790627472392744, -1.0]",3.1374400314744637,3.1374400314744637,1.0
"[1.0, -2.289048251241528, 1.0]","[-1.0, -2.289048251241528, -1.0]",1.9615269263603439,1.9615269263603439,1.0
"[1.0, -3.6560002796290627, 1.0]","[-1.0, -3.6560002796290627, -1.0]",2.956215581315721,2.956215581315721,1.0
"[1.0, -5.4430875959155, 1.0]","[-1.0, -5.4430875959155, -1.0]",4.283842959146763,4.283842959146763,1.0
"[1.0, -6.1471372997659, 1.0]","[-1.0, -6.1471372997659, -1.0]",4.815660694252412,4.815660694252412,1.0
"[1.0, -4.542714309490142, 1.0]","[-1.0, -4.542714309490142, -1.0]",3.8575630398601564,3.8575630398601564,1.0
"[1.0, -3.571645711223162, 1.0]","[-1.0, -3.571645711223162, -1.0]",3.0357236394741856,3.0357236394741856,1.0
"[1.0, -3.6498207171187076, 1.0]","[-1.0, -3.6498207171187076, -1.0]",2.9454309959551668,2.9454309959551668,1.0
"[1.0, -2.2834671965075213, 1.0]","[-1.0, -2.2834671965075213, -1.0]",1.9601685419077328,1.9601685419077328,1.0
"[1.0, -3.649331890011239, 1.0]","[-1.0, -3.649331890011239, -1.0]",2.944515768003773,2.944515768003773,1.0
"[1.0, -3.6488064731794183, 1.0]","[-1.0, -3.6488064731794183, -1.0]",2.9446988188563132,2.9446988188563132,1.0
"[1.0, -3.647729935224686, 1.0]","[-1.0, -3.647729935224686, -1.0]",2.944122020082604,2.944122020082604,1.0
"[1.0, -3.6477426094656886, 1.0]","[-1.0, -3.6477426094656886, -1.0]",2.9443430431590505,2.9443430431590505,1.0
"[1.0, -4.632019388618781, 1.0]","[-1.0, -4.632019388618781, -1.0]",3.6744413760374712,3.6744413760374712,1.0
"[1.0, -4.631391365898593, 1.0]","[-1.0, -4.631391365898593, -1.0]",3.6753069683467743,3.6753069683467743,1.0
"[1.0, -4.631492931303904, 1.0]","[-1.0, -4.631492931303904, -1.0]",3.675583572958917,3.675583572958917,1.0
"[1.0, -4.630364055278232, 1.0]","[-1.0, -4.630364055278232, -1.0]",3.6740381700052396,3.6740381700052396,1.0
"[1.0, -4.631087713942603, 1.0]","[-1.0, -4.631087713942603, -1.0]",3.6749442973767987,3.6749442973767987,1.0
"[1.0, -3.571729169337822, 1.0]","[-1.0, -3.571729169337822, -1.0]",3.1069470181522583,3.1069470181522583,1.0
"[1.0, -3.6468405443124587, 1.0]","[-1.0, -3.6468405443124587, -1.0]",2.942942865795635,2.942942865795635,1.0
"[1.0, -1.6092062343137599, 1.0]","[-1.0, -1.6092062343137599, -1.0]",4.779783116498385,4.779783116498385,1.0
"[1.0, -0.8101636576641476, 1.0]","[-1.0, -0.8101636576641476, -1.0]",5.6260036418212875,5.6260036418212875,1.0
"[1.0, -3.580446065905395, 1.0]","[-1.0, -3.580446065905395, -1.0]",3.1392553717507674,3.1392553717507674,1.0
"[1.0, -3.580184920676251, 1.0]","[-1.0, -3.580184920676251, -1.0]",3.139682494270151,3.139682494270151,1.0
"[1.0, -4.635689427314187, 1.0]","[-1.0, -4.635689427314187, -1.0]",3.6791128384968435,3.6791128384968435,1.0
"[1.0, -5.4426708904971655, 1.0]","[-1.0, -5.4426708904971655, -1.0]",4.283781067238812,4.283781067238812,1.0
"[1.0, -4.543111105023494, 1.0]","[-1.0, -4.543111105023494, -1.0]",3.8582248805184,3.8582248805184,1.0
"[1.0, -1.6083233685306022, 1.0]","[-1.0, -1.6083233685306022, -1.0]",4.774101641637739,4.774101641637739,1.0
"[1.0, -2.2723255692545465, 1.0]","[-1.0, -2.2723255692545465, -1.0]",6.117550437653758,6.117550437653758,1.0
"[1.0, -5.335667714046992, 1.0]","[-1.0, -5.335667714046992, -1.0]",4.4635806734549925,4.4635806734549925,1.0
"[1.0, -6.146595795540856, 1.0]","[-1.0, -6.146595795540856, -1.0]",4.815070600160565,4.815070600160565,1.0
"[1.0, -5.3574933584870745, 1.0]","[-1.0, -5.3574933584870745, -1.0]",4.444921117699767,4.444921117699767,1.0
"[1.0, -5.442504889248786, 1.0]","[-1.0, -5.442504889248786, -1.0]",4.283266533022285,4.283266533022285,1.0
"[1.0, -3.582191681502686, 1.0]","[-1.0, -3.582191681502686, -1.0]",3.140399054188615,3.140399054188615,1.0
"[1.0, -3.649049622187281, 1.0]","[-1.0, -3.649049622187281, -1.0]",2.945451899738703,2.945451899738703,1.0
"[1.0, -3.6494455397305026, 1.0]","[-1.0, -3.6494455397305026, -1.0]",2.944253709651277,2.944253709651277,1.0
"[1.0, -5.441674379870635, 1.0]","[-1.0, -5.441674379870635, -1.0]",4.283301647535976,4.283301647535976,1.0
"[1.0, -6.145807133865548, 1.0]","[-1.0, -6.145807133865548, -1.0]",4.815110105946129,4.815110105946129,1.0
"[1.0, -6.777029311771716, 1.0]","[-1.0, -6.777029311771716, -1.0]",5.293261775944051,5.293261775944051,1.0
"[1.0, -5.4416556580466375, 1.0]","[-1.0, -5.4416556580466375, -1.0]",4.28254945105073,4.28254945105073,1.0
"[1.0, -6.146091872827035, 1.0]","[-1.0, -6.146091872827035, -1.0]",4.814063163983493,4.814063163983493,1.0
"[1.0, -6.145567170323857, 1.0]","[-1.0, -6.145567170323857, -1.0]",4.815001498562617,4.815001498562617,1.0
"[1.0, -5.4409874874813395, 1.0]","[-1.0, -5.4409874874813395, -1.0]",4.283035883780088,4.283035883780088,1.0
"[1.0, -3.591285348575574, 1.0]","[-1.0, -3.591285348575574, -1.0]",3.1399750411084235,3.1399750411084235,1.0
"[1.0, -2.264506118872287, 1.0]","[-1.0, -2.264506118872287, -1.0]",2.194417462376503,2.194417462376503,1.0
"[1.0, -3.6592619204054473, 1.0]","[-1.0, -3.6592619204054473, -1.0]",3.024310736918792,3.024310736918792,1.0
"[1.0, -4.631545662578196, 1.0]","[-1.0, -4.631545662578196, -1.0]",3.675552900536798,3.675552900536798,1.0
"[1.0, -2.248468104366243, 1.0]","[-1.0, -2.248468104366243, -1.0]",2.195160185115855,2.195160185115855,1.0
"[1.0, -2.2807264919916737, 1.0]","[-1.0, -2.2807264919916737, -1.0]",1.9598808007971273,1.9598808007971273,1.0
"[1.0, -2.2821918635933973, 1.0]","[-1.0, -2.2821918635933973, -1.0]",1.9580736959344656,1.9580736959344656,1.0
"[1.0, -2.2534919559227524, 1.0]","[-1.0, -2.2534919559227524, -1.0]",2.1976095551031958,2.1976095551031958,1.0
"[1.0, -2.2717640955193823, 1.0]","[-1.0, -2.2717640955193823, -1.0]",2.190764352417927,2.190764352417927,1.0
"[1.0, 0.5183939856413844, 1.0]","[-1.0, 0.5183939856413844, -1.0]",2.792146082630485,2.792146082630485,1.0
"[1.0, -0.5140530946754568, 1.0]","[-1.0, -0.5140530946754568, -1.0]",2.839184823339994,2.839184823339994,1.0
"[1.0, -3.581194055279979, 1.0]","[-1.0, -3.581194055279979, -1.0]",3.1390880901111657,3.1390880901111657,1.0
"[1.0, -4.63327320227961, 1.0]","[-1.0, -4.63327320227961, -1.0]",3.6758896417727938,3.6758896417727938,1.0
"[1.0, -3.6497617204329167, 1.0]","[-1.0, -3.6497617204329167, -1.0]",2.945048629296184,2.945048629296184,1.0
"[1.0, -3.581257212489244, 1.0]","[-1.0, -3.581257212489244, -1.0]",3.1399892707373263,3.1399892707373263,1.0
"[1.0, -2.28520224257501, 1.0]","[-1.0, -2.28520224257501, -1.0]",1.9583446214591382,1.9583446214591382,1.0
"[1.0, -2.2847225915662537, 1.0]","[-1.0, -2.2847225915662537, -1.0]",1.9595604982139263,1.9595604982139263,1.0
"[1.0, -2.260580619480053, 1.0]","[-1.0, -2.260580619480053, -1.0]",1.9753440383194678,1.9753440383194678,1.0
"[1.0, -0.5180022394987938, 1.0]","[-1.0, -0.5180022394987938, -1.0]",2.792498339905961,2.792498339905961,1.0
"[1.0, 2.2416005642309105, 1.0]","[-1.0, 2.2416005642309105, -1.0]",2.186944249835011,2.186944249835011,1.0
"[1.0, 0.5073178437266933, 1.0]","[-1.0, 0.5073178437266933, -1.0]",2.8861863861868904,2.8861863861868904,1.0
"[1.0, -2.2515621703390916, 1.0]","[-1.0, -2.2515621703390916, -1.0]",2.197024981511505,2.197024981511505,1.0
"[1.0, -0.5182344683121171, 1.0]","[-1.0, -0.5182344683121171, -1.0]",3.280269163973434,3.280269163973434,1.0
"[1.0, 0.523908360836795, 1.0]","[-1.0, 0.523908360836795, -1.0]",3.0154130146331015,3.0154130146331015,1.0
"[1.0, 0.5204016481914685, 1.0]","[-1.0, 0.5204016481914685, -1.0]",2.7978538946114355,2.7978538946114355,1.0
"[1.0, 0.5238069395641706, 1.0]","[-1.0, 0.5238069395641706, -1.0]",2.8196970299357,2.8196970299357,1.0
"[1.0, -2.2414958941068894, 1.0]","[-1.0, -2.2414958941068894, -1.0]",2.185421634906042,2.185421634906042,1.0
"[1.0, -2.239927278156431, 1.0]","[-1.0, -2.239927278156431, -1.0]",2.1848368169286054,2.1848368169286054,1.0
"[1.0, -0.518728103655043, 1.0]","[-1.0, -0.518728103655043, -1.0]",2.7944127010077566,2.7944127010077566,1.0
"[1.0, -0.5196922911694029, 1.0]","[-1.0, -0.5196922911694029, -1.0]",2.793829055726347,2.793829055726347,1.0
"[1.0, -3.5759621332747136, 1.0]","[-1.0, -3.5759621332747136, -1.0]",3.129822886077701,3.129822886077701,1.0
"[1.0, -4.636328598859182, 1.0]","[-1.0, -4.636328598859182, -1.0]",3.6813954745290394,3.6813954745290394,1.0
"[1.0, -4.53998567567563, 1.0]","[-1.0, -4.53998567567563, -1.0]",3.8538590318065524,3.8538590318065524,1.0
"[1.0, -2.2477092160962893, 1.0]","[-1.0, -2.2477092160962893, -1.0]",2.194340819641436,2.194340819641436,1.0
"[1.0, -2.2895322721228433, 1.0]","[-1.0, -2.2895322721228433, -1.0]",1.961667660461621,1.961667660461621,1.0
"[1.0, -0.5184107784920492, 1.0]","[-1.0, -0.5184107784920492, -1.0]",2.7922793095693446,2.7922793095693446,1.0
"[1.0, 2.234107914495707, 1.0]","[-1.0, 2.234107914495707, -1.0]",2.0541420415850173,2.0541420415850173,1.0
"[1.0, 2.286359123967558, 1.0]","[-1.0, 2.286359123967558, -1.0]",1.9602954684997227,1.9602954684997227,1.0
"[1.0, -0.5183860571278955, 1.0]","[-1.0, -0.5183860571278955, -1.0]",2.792818171168746,2.792818171168746,1.0
"[1.0, -2.2450985621389874, 1.0]","[-1.0, -2.2450985621389874, -1.0]",2.1903182187094323,2.1903182187094323,1.0
"[1.0, -2.2904295299008712, 1.0]","[-1.0, -2.2904295299008712, -1.0]",1.9632214632904714,1.9632214632904714,1.0
"[1.0, -0.8102435045649158, 1.0]","[-1.0, -0.8102435045649158, -1.0]",5.626642614693853,5.626642614693853,1.0
"[1.0, -4.54111535472082, 1.0]","[-1.0, -4.54111535472082, -1.0]",3.8565908657776053,3.8565908657776053,1.0
"[1.0, -4.63492365380292, 1.0]","[-1.0, -4.63492365380292, -1.0]",3.678821070003681,3.678821070003681,1.0
"[1.0, -3.65183752140809, 1.0]","[-1.0, -3.65183752140809, -1.0]",2.949887358706453,2.949887358706453,1.0
"[1.0, -0.5225989219452174, 1.0]","[-1.0, -0.5225989219452174, -1.0]",2.8197222484976225,2.8197222484976225,1.0
"[1.0, 2.237791455679663, 1.0]","[-1.0, 2.237791455679663, -1.0]",2.1559305729676104,2.1559305729676104,1.0
"[1.0, 2.29061481591956, 1.0]","[-1.0, 2.29061481591956, -1.0]",1.9647356022411782,1.9647356022411782,1.0
"[1.0, 2.2913768735162883, 1.0]","[-1.0, 2.2913768735162883, -1.0]",1.9651580185513944,1.9651580185513944,1.0
"[1.0, 2.2916102643219185, 1.0]","[-1.0, 2.2916102643219185, -1.0]",1.9660296768563141,1.9660296768563141,1.0
"[1.0, 0.5168281325064923, 1.0]","[-1.0, 0.5168281325064923, -1.0]",2.7945449053509734,2.7945449053509734,1.0
"[1.0, -2.2409359001940587, 1.0]","[-1.0, -2.2409359001940587, -1.0]",2.1816490634794006,2.1816490634794006,1.0
"[1.0, 0.5184584052440397, 1.0]","[-1.0, 0.5184584052440397, -1.0]",2.792458482357391,2.792458482357391,1.0
"[1.0, -1.608499127248338, 1.0]","[-1.0, -1.608499127248338, -1.0]",4.941819117917925,4.941819117917925,1.0
"[1.0, -0.5173160325197511, 1.0]","[-1.0, -0.5173160325197511, -1.0]",3.283574588317664,3.283574588317664,1.0
"[1.0, 0.5086996775911808, 1.0]","[-1.0, 0.5086996775911808, -1.0]",2.8495116421202273,2.8495116421202273,1.0
"[1.0, 3.5757174877375704, 1.0]","[-1.0, 3.5757174877375704, -1.0]",3.1317701529684565,3.1317701529684565,1.0
"[1.0, 4.637123252539353, 1.0]","[-1.0, 4.637123252539353, -1.0]",3.681623285447817,3.681623285447817,1.0
"[1.0, 1.6092336584009048, 1.0]","[-1.0, 1.6092336584009048, -1.0]",4.858808445728576,4.858808445728576,1.0
"[1.0, -0.2531915579857934, 1.0]","[-1.0, -0.2531915579857934, -1.0]",5.872890778931575,5.872890778931575,1.0
"[1.0, 0.2531859714515294, 1.0]","[-1.0, 0.2531859714515294, -1.0]",5.873597624651674,5.873597624651674,1.0
"[1.0, 0.5221383933397534, 1.0]","[-1.0, 0.5221383933397534, -1.0]",2.879087416822708,2.879087416822708,1.0
"[1.0, 0.5156510740380452, 1.0]","[-1.0, 0.5156510740380452, -1.0]",3.2009203743434735,3.2009203743434735,1.0
"[1.0, 0.5193090655244031, 1.0]","[-1.0, 0.5193090655244031, -1.0]",2.793557841528072,2.793557841528072,1.0
"[1.0, 2.3000281821054243, 1.0]","[-1.0, 2.3000281821054243, -1.0]",2.1303524741814726,2.1303524741814726,1.0
"[1.0, 0.5161553782397349, 1.0]","[-1.0, 0.5161553782397349, -1.0]",2.878165514394948,2.878165514394948,1.0
"[1.0, -0.2531874866167064, 1.0]","[-1.0, -0.2531874866167064, -1.0]",5.873570628545939,5.873570628545939,1.0
"[1.0, -3.574556667467279, 1.0]","[-1.0, -3.574556667467279, -1.0]",3.1266741687045507,3.1266741687045507,1.0
"[1.0, -4.536330672959997, 1.0]","[-1.0, -4.536330672959997, -1.0]",3.8373699347260026,3.8373699347260026,1.0
"[1.0, -3.575546339594109, 1.0]","[-1.0, -3.575546339594109, -1.0]",3.1306647146541957,3.1306647146541957,1.0
"[1.0, -3.5751902171546095, 1.0]","[-1.0, -3.5751902171546095, -1.0]",3.1306155018999267,3.1306155018999267,1.0
"[1.0, -4.637621774053648, 1.0]","[-1.0, -4.637621774053648, -1.0]",3.6830575214314925,3.6830575214314925,1.0
"[1.0, -4.637348215524284, 1.0]","[-1.0, -4.637348215524284, -1.0]",3.6834103559205187,3.6834103559205187,1.0
"[1.0, -1.598867705826412, 1.0]","[-1.0, -1.598867705826412, -1.0]",4.80068698663922,4.80068698663922,1.0
"[1.0, -0.2531891213238845, 1.0]","[-1.0, -0.2531891213238845, -1.0]",5.873232813160881,5.873232813160881,1.0
"[1.0, 0.8107643488626735, 1.0]","[-1.0, 0.8107643488626735, -1.0]",5.631283076709737,5.631283076709737,1.0
"[1.0, 1.6089190045708206, 1.0]","[-1.0, 1.6089190045708206, -1.0]",4.793177160460308,4.793177160460308,1.0
"[1.0, 0.8108027533435339, 1.0]","[-1.0, 0.8108027533435339, -1.0]",5.627904379515212,5.627904379515212,1.0
"[1.0, 4.5381917782444035, 1.0]","[-1.0, 4.5381917782444035, -1.0]",3.8487325505490944,3.8487325505490944,1.0
"[1.0, 5.446940110378373, 1.0]","[-1.0, 5.446940110378373, -1.0]",4.292455876914276,4.292455876914276,1.0
"[1.0, 4.538206694162348, 1.0]","[-1.0, 4.538206694162348, -1.0]",3.849195944756283,3.849195944756283,1.0
"[1.0, 5.331358058409552, 1.0]","[-1.0, 5.331358058409552, -1.0]",4.454841534072124,4.454841534072124,1.0
"[1.0, 5.446059153324792, 1.0]","[-1.0, 5.446059153324792, -1.0]",4.2901632549706,4.2901632549706,1.0
"[1.0, 4.53996131773056, 1.0]","[-1.0, 4.53996131773056, -1.0]",3.853074720385355,3.853074720385355,1.0
"[1.0, 6.148943402032808, 1.0]","[-1.0, 6.148943402032808, -1.0]",4.820179609772288,4.820179609772288,1.0
"[1.0, 5.333217918020872, 1.0]","[-1.0, 5.333217918020872, -1.0]",4.457840605276872,4.457840605276872,1.0
"[1.0, 6.149163508849407, 1.0]","[-1.0, 6.149163508849407, -1.0]",4.820170148727548,4.820170148727548,1.0
"[1.0, 3.6537652331591426, 1.0]","[-1.0, 3.6537652331591426, -1.0]",2.9504608600787607,2.9504608600787607,1.0
"[1.0, 2.2902421807675664, 1.0]","[-1.0, 2.2902421807675664, -1.0]",2.160467406757897,2.160467406757897,1.0
"[1.0, 0.5156861442524783, 1.0]","[-1.0, 0.5156861442524783, -1.0]",2.806789153764454,2.806789153764454,1.0
"[1.0, -0.508020971326108, 1.0]","[-1.0, -0.508020971326108, -1.0]",3.2415802254563846,3.2415802254563846,1.0
"[1.0, -2.26541898878348, 1.0]","[-1.0, -2.26541898878348, -1.0]",2.187680684171591,2.187680684171591,1.0
"[1.0, -0.5185504685593423, 1.0]","[-1.0, -0.5185504685593423, -1.0]",2.7931425073358844,2.7931425073358844,1.0
"[1.0, -2.2843683783509943, 1.0]","[-1.0, -2.2843683783509943, -1.0]",2.1724088737358356,2.1724088737358356,1.0
"[1.0, -2.3003711660167343, 1.0]","[-1.0, -2.3003711660167343, -1.0]",2.0872592224268782,2.0872592224268782,1.0
"[1.0, -2.2875393316104335, 1.0]","[-1.0, -2.2875393316104335, -1.0]",1.9601346476471873,1.9601346476471873,1.0
"[1.0, -2.2857509187115355, 1.0]","[-1.0, -2.2857509187115355, -1.0]",1.960112523301342,1.960112523301342,1.0
"[1.0, 0.5183684553920045, 1.0]","[-1.0, 0.5183684553920045, -1.0]",2.7926841751896223,2.7926841751896223,1.0
"[1.0, 3.577764228037369, 1.0]","[-1.0, 3.577764228037369, -1.0]",3.1357618798519415,3.1357618798519415,1.0
"[1.0, 2.237225237997572, 1.0]","[-1.0, 2.237225237997572, -1.0]",2.020756336591626,2.020756336591626,1.0
"[1.0, 0.5184009958492952, 1.0]","[-1.0, 0.5184009958492952, -1.0]",2.7920732535098614,2.7920732535098614,1.0
"[1.0, -0.5183972330976355, 1.0]","[-1.0, -0.5183972330976355, -1.0]",2.7924102686398693,2.7924102686398693,1.0
"[1.0, -2.2879700801153686, 1.0]","[-1.0, -2.2879700801153686, -1.0]",1.9608977102171146,1.9608977102171146,1.0
"[1.0, -2.255054651856662, 1.0]","[-1.0, -2.255054651856662, -1.0]",2.1994569320846242,2.1994569320846242,1.0
"[1.0, -2.286038301749285, 1.0]","[-1.0, -2.286038301749285, -1.0]",1.9591740695665434,1.9591740695665434,1.0
"[1.0, -2.2854514480339185, 1.0]","[-1.0, -2.2854514480339185, -1.0]",1.9597616567514724,1.9597616567514724,1.0
"[1.0, -2.2848788386210224, 1.0]","[-1.0, -2.2848788386210224, -1.0]",1.9593762370891552,1.9593762370891552,1.0
"[1.0, -2.274016252029066, 1.0]","[-1.0, -2.274016252029066, -1.0]",1.9580002672639063,1.9580002672639063,1.0
"[1.0, 0.5183041449224258, 1.0]","[-1.0, 0.5183041449224258, -1.0]",2.792071361443917,2.792071361443917,1.0
"[1.0, -2.2382124862101915, 1.0]","[-1.0, -2.2382124862101915, -1.0]",2.1166010875406833,2.1166010875406833,1.0
"[1.0, -2.2837008089498054, 1.0]","[-1.0, -2.2837008089498054, -1.0]",1.9588471907748874,1.9588471907748874,1.0
"[1.0, -3.654028454346905, 1.0]","[-1.0, -3.654028454346905, -1.0]",2.9868382650727723,2.9868382650727723,1.0
"[1.0, -2.244269446748005, 1.0]","[-1.0, -2.244269446748005, -1.0]",2.1449135025992287,2.1449135025992287,1.0
"[1.0, -0.5250376371270251, 1.0]","[-1.0, -0.5250376371270251, -1.0]",2.8867961836175047,2.8867961836175047,1.0
"[1.0, 0.5156293806483273, 1.0]","[-1.0, 0.5156293806483273, -1.0]",2.797553329852076,2.797553329852076,1.0
"[1.0, 2.286632432398429, 1.0]","[-1.0, 2.286632432398429, -1.0]",1.9595772315831295,1.9595772315831295,1.0
"[1.0, 3.651930354852286, 1.0]","[-1.0, 3.651930354852286, -1.0]",2.948123802210311,2.948123802210311,1.0
"[1.0, 5.335116332218915, 1.0]","[-1.0, 5.335116332218915, -1.0]",4.45142631053824,4.45142631053824,1.0
"[1.0, 4.560390321441191, 1.0]","[-1.0, 4.560390321441191, -1.0]",3.8551106385659133,3.8551106385659133,1.0
"[1.0, 5.335027039132034, 1.0]","[-1.0, 5.335027039132034, -1.0]",4.463223689553647,4.463223689553647,1.0
"[1.0, 6.778536073808073, 1.0]","[-1.0, 6.778536073808073, -1.0]",5.293877334351132,5.293877334351132,1.0
"[1.0, 6.778458007476473, 1.0]","[-1.0, 6.778458007476473, -1.0]",5.293988110421797,5.293988110421797,1.0
"[1.0, 4.63244230478445, 1.0]","[-1.0, 4.63244230478445, -1.0]",3.6748592812941414,3.6748592812941414,1.0
"[1.0, 4.640022084263161, 1.0]","[-1.0, 4.640022084263161, -1.0]",3.740990239144341,3.740990239144341,1.0
"[1.0, 2.2875144173858826, 1.0]","[-1.0, 2.2875144173858826, -1.0]",1.960144995339762,1.960144995339762,1.0
"[1.0, 3.5847904067606793, 1.0]","[-1.0, 3.5847904067606793, -1.0]",2.9982447983249796,2.9982447983249796,1.0
"[1.0, 4.632383963447263, 1.0]","[-1.0, 4.632383963447263, -1.0]",3.6746828173377803,3.6746828173377803,1.0
"[1.0, 3.5825732125701877, 1.0]","[-1.0, 3.5825732125701877, -1.0]",3.141214802271652,3.141214802271652,1.0
"[1.0, 4.631964966298755, 1.0]","[-1.0, 4.631964966298755, -1.0]",3.6744086414480503,3.6744086414480503,1.0
"[1.0, 3.648348104856307, 1.0]","[-1.0, 3.648348104856307, -1.0]",2.9442296478070196,2.9442296478070196,1.0
"[1.0, 3.64835795697391, 1.0]","[-1.0, 3.64835795697391, -1.0]",2.9435265000442383,2.9435265000442383,1.0
"[1.0, 4.632313132432479, 1.0]","[-1.0, 4.632313132432479, -1.0]",3.67473011432239,3.67473011432239,1.0
"[1.0, 3.5838542268334423, 1.0]","[-1.0, 3.5838542268334423, -1.0]",3.14024373406473,3.14024373406473,1.0
"[1.0, 3.581810859431141, 1.0]","[-1.0, 3.581810859431141, -1.0]",3.1397860340187345,3.1397860340187345,1.0
"[1.0, 2.258853932503501, 1.0]","[-1.0, 2.258853932503501, -1.0]",2.1975947374487124,2.1975947374487124,1.0
"[1.0, 0.5183914366087129, 1.0]","[-1.0, 0.5183914366087129, -1.0]",2.7921472488518373,2.7921472488518373,1.0
"[1.0, 2.256534810336157, 1.0]","[-1.0, 2.256534810336157, -1.0]",2.1975811875220863,2.1975811875220863,1.0
"[1.0, 2.282062589636105, 1.0]","[-1.0, 2.282062589636105, -1.0]",1.9582860280328918,1.9582860280328918,1.0
"[1.0, 2.282319707611323, 1.0]","[-1.0, 2.282319707611323, -1.0]",1.9583621682783774,1.9583621682783774,1.0
"[1.0, 2.2824542147568745, 1.0]","[-1.0, 2.2824542147568745, -1.0]",1.9577499428078373,1.9577499428078373,1.0
"[1.0, 4.638667743500242, 1.0]","[-1.0, 4.638667743500242, -1.0]",3.750551502488622,3.750551502488622,1.0
"[1.0, 5.441226662489248, 1.0]","[-1.0, 5.441226662489248, -1.0]",4.2821122204074955,4.2821122204074955,1.0
"[1.0, 3.6479144320828834, 1.0]","[-1.0, 3.6479144320828834, -1.0]",2.9431834623892676,2.9431834623892676,1.0
"[1.0, 4.5450434896874485, 1.0]","[-1.0, 4.5450434896874485, -1.0]",3.859905819679745,3.859905819679745,1.0
"[1.0, 6.7764152603820405, 1.0]","[-1.0, 6.7764152603820405, -1.0]",5.292266117360686,5.292266117360686,1.0
"[1.0, 6.776576965787005, 1.0]","[-1.0, 6.776576965787005, -1.0]",5.2920868696965355,5.2920868696965355,1.0
"[1.0, 5.331882610298748, 1.0]","[-1.0, 5.331882610298748, -1.0]",4.447817918277107,4.447817918277107,1.0
"[1.0, 5.3388404973971735, 1.0]","[-1.0, 5.3388404973971735, -1.0]",4.465098302386544,4.465098302386544,1.0
"[1.0, 5.33158846569918, 1.0]","[-1.0, 5.33158846569918, -1.0]",4.455309831739566,4.455309831739566,1.0
"[1.0, 7.353738634613012, 1.0]","[-1.0, 7.353738634613012, -1.0]",5.730830181842427,5.730830181842427,1.0
"[1.0, 7.354146106138948, 1.0]","[-1.0, 7.354146106138948, -1.0]",5.730123565328184,5.730123565328184,1.0
"[1.0, 6.14346539849727, 1.0]","[-1.0, 6.14346539849727, -1.0]",4.812195900634656,4.812195900634656,1.0
"[1.0, 6.776483878969548, 1.0]","[-1.0, 6.776483878969548, -1.0]",5.291865832442943,5.291865832442943,1.0
"[1.0, 7.354401355662508, 1.0]","[-1.0, 7.354401355662508, -1.0]",5.7306105615653005,5.7306105615653005,1.0
"[1.0, 6.145183875830245, 1.0]","[-1.0, 6.145183875830245, -1.0]",4.813513069925955,4.813513069925955,1.0
"[1.0, 6.776918709627972, 1.0]","[-1.0, 6.776918709627972, -1.0]",5.2922533448724,5.2922533448724,1.0
"[1.0, 6.144578041837861, 1.0]","[-1.0, 6.144578041837861, -1.0]",4.814920585308284,4.814920585308284,1.0
"[1.0, 6.150784591156216, 1.0]","[-1.0, 6.150784591156216, -1.0]",4.842679460538744,4.842679460538744,1.0
"[1.0, 6.776509382333093, 1.0]","[-1.0, 6.776509382333093, -1.0]",5.2924359480460454,5.2924359480460454,1.0
"[1.0, 6.7769386263109785, 1.0]","[-1.0, 6.7769386263109785, -1.0]",5.292210392251668,5.292210392251668,1.0
"[1.0, 4.55262410482416, 1.0]","[-1.0, 4.55262410482416, -1.0]",3.860972630990994,3.860972630990994,1.0
"[1.0, 4.631052813850419, 1.0]","[-1.0, 4.631052813850419, -1.0]",3.6744711553322955,3.6744711553322955,1.0
"[1.0, 5.441212934051299, 1.0]","[-1.0, 5.441212934051299, -1.0]",4.2822625808865435,4.2822625808865435,1.0
"[1.0, 5.440765623705047, 1.0]","[-1.0, 5.440765623705047, -1.0]",4.282041623252164,4.282041623252164,1.0
"[1.0, 3.6250862988137373, 1.0]","[-1.0, 3.6250862988137373, -1.0]",3.1237397117662633,3.1237397117662633,1.0
"[1.0, 2.262614003572462, 1.0]","[-1.0, 2.262614003572462, -1.0]",2.1954401852835335,2.1954401852835335,1.0
"[1.0, 0.5183874349060268, 1.0]","[-1.0, 0.5183874349060268, -1.0]",2.7925430036779644,2.7925430036779644,1.0
"[1.0, -2.2548231209940677, 1.0]","[-1.0, -2.2548231209940677, -1.0]",2.198393514947351,2.198393514947351,1.0
"[1.0, -0.518396582933803, 1.0]","[-1.0, -0.518396582933803, -1.0]",2.7920400147260174,2.7920400147260174,1.0
"[1.0, -3.5729926900741527, 1.0]","[-1.0, -3.5729926900741527, -1.0]",3.1188509664097492,3.1188509664097492,1.0
"[1.0, -6.145409087360744, 1.0]","[-1.0, -6.145409087360744, -1.0]",4.813856664838779,4.813856664838779,1.0
"[1.0, -4.542572308876195, 1.0]","[-1.0, -4.542572308876195, -1.0]",3.858418674501969,3.858418674501969,1.0
"[1.0, -6.14554484500242, 1.0]","[-1.0, -6.14554484500242, -1.0]",4.813631890390388,4.813631890390388,1.0
"[1.0, -6.145795001401071, 1.0]","[-1.0, -6.145795001401071, -1.0]",4.813434678475344,4.813434678475344,1.0
"[1.0, -6.776703594967636, 1.0]","[-1.0, -6.776703594967636, -1.0]",5.29289677632407,5.29289677632407,1.0
"[1.0, -4.630910246381314, 1.0]","[-1.0, -4.630910246381314, -1.0]",3.674245871107546,3.674245871107546,1.0
"[1.0, -4.545405607342687, 1.0]","[-1.0, -4.545405607342687, -1.0]",3.85945636325566,3.85945636325566,1.0
"[1.0, -3.6454565014352496, 1.0]","[-1.0, -3.6454565014352496, -1.0]",2.9439896791724065,2.9439896791724065,1.0
"[1.0, -1.6104467676951622, 1.0]","[-1.0, -1.6104467676951622, -1.0]",4.803318877796518,4.803318877796518,1.0
"[1.0, -1.5952369494614365, 1.0]","[-1.0, -1.5952369494614365, -1.0]",4.798267835563696,4.798267835563696,1.0
"[1.0, -0.5139127226036483, 1.0]","[-1.0, -0.5139127226036483, -1.0]",3.2919399274461227,3.2919399274461227,1.0
"[1.0, -0.5184043063667532, 1.0]","[-1.0, -0.5184043063667532, -1.0]",2.792575092469343,2.792575092469343,1.0
"[1.0, 0.518406298035923, 1.0]","[-1.0, 0.518406298035923, -1.0]",2.7923389682562165,2.7923389682562165,1.0
"[1.0, 0.5183559442795945, 1.0]","[-1.0, 0.5183559442795945, -1.0]",2.792264554440364,2.792264554440364,1.0
"[1.0, 2.2475973209161006, 1.0]","[-1.0, 2.2475973209161006, -1.0]",2.1968170774815743,2.1968170774815743,1.0
"[1.0, 0.5183944266892366, 1.0]","[-1.0, 0.5183944266892366, -1.0]",2.7922567803839295,2.7922567803839295,1.0
"[1.0, 0.514101231595898, 1.0]","[-1.0, 0.514101231595898, -1.0]",3.2917895565469815,3.2917895565469815,1.0
"[1.0, -0.5138978412305145, 1.0]","[-1.0, -0.5138978412305145, -1.0]",3.2923116854094507,3.2923116854094507,1.0
"[1.0, -0.5138967217055317, 1.0]","[-1.0, -0.5138967217055317, -1.0]",3.291937267773814,3.291937267773814,1.0
"[1.0, -2.293244532605876, 1.0]","[-1.0, -2.293244532605876, -1.0]",1.9649081969251225,1.9649081969251225,1.0
"[1.0, -0.5183990464025511, 1.0]","[-1.0, -0.5183990464025511, -1.0]",2.7926902390260966,2.7926902390260966,1.0
"[1.0, -2.2551577371986404, 1.0]","[-1.0, -2.2551577371986404, -1.0]",2.1991802325720142,2.1991802325720142,1.0
"[1.0, -3.6591353934731052, 1.0]","[-1.0, -3.6591353934731052, -1.0]",3.0119748783705864,3.0119748783705864,1.0
"[1.0, -3.652208030453847, 1.0]","[-1.0, -3.652208030453847, -1.0]",2.947774225953552,2.947774225953552,1.0
"[1.0, -4.63504832037427, 1.0]","[-1.0, -4.63504832037427, -1.0]",3.6786024038327745,3.6786024038327745,1.0
"[1.0, -4.634577758480162, 1.0]","[-1.0, -4.634577758480162, -1.0]",3.6778505336949605,3.6778505336949605,1.0
"[1.0, -5.4434321520675475, 1.0]","[-1.0, -5.4434321520675475, -1.0]",4.285779899855386,4.285779899855386,1.0
"[1.0, -4.634303689675683, 1.0]","[-1.0, -4.634303689675683, -1.0]",3.6783223230239126,3.6783223230239126,1.0
"[1.0, -5.440030800071583, 1.0]","[-1.0, -5.440030800071583, -1.0]",4.281098673375884,4.281098673375884,1.0
"[1.0, -3.5814698346040443, 1.0]","[-1.0, -3.5814698346040443, -1.0]",3.1400924920007482,3.1400924920007482,1.0
"[1.0, -2.2541434030148833, 1.0]","[-1.0, -2.2541434030148833, -1.0]",2.194254145043455,2.194254145043455,1.0
"[1.0, -3.650514406087562, 1.0]","[-1.0, -3.650514406087562, -1.0]",2.9456309652671764,2.9456309652671764,1.0
"[1.0, -4.639339690550767, 1.0]","[-1.0, -4.639339690550767, -1.0]",3.707071615867125,3.707071615867125,1.0
"[1.0, -3.656471183547636, 1.0]","[-1.0, -3.656471183547636, -1.0]",2.9563239129303605,2.9563239129303605,1.0
"[1.0, -1.6077225735488603, 1.0]","[-1.0, -1.6077225735488603, -1.0]",4.910978805732564,4.910978805732564,1.0
"[1.0, -0.8102224941281724, 1.0]","[-1.0, -0.8102224941281724, -1.0]",5.625986968257616,5.625986968257616,1.0
"[1.0, -2.27558260642519, 1.0]","[-1.0, -2.27558260642519, -1.0]",6.122714201413073,6.122714201413073,1.0
"[1.0, -5.336136847856664, 1.0]","[-1.0, -5.336136847856664, -1.0]",4.463735627790656,4.463735627790656,1.0
"[1.0, -5.3347845578463655, 1.0]","[-1.0, -5.3347845578463655, -1.0]",4.462550123689532,4.462550123689532,1.0
"[1.0, -3.5826092967477123, 1.0]","[-1.0, -3.5826092967477123, -1.0]",3.140450879092291,3.140450879092291,1.0
"[1.0, -3.647544256641021, 1.0]","[-1.0, -3.647544256641021, -1.0]",2.9431203502139685,2.9431203502139685,1.0
"[1.0, -1.6071635031786486, 1.0]","[-1.0, -1.6071635031786486, -1.0]",4.768264772459714,4.768264772459714,1.0
"[1.0, -2.2724225439545456, 1.0]","[-1.0, -2.2724225439545456, -1.0]",6.113846238552241,6.113846238552241,1.0
"[1.0, -0.25318795789273785, 1.0]","[-1.0, -0.25318795789273785, -1.0]",5.872658128042174,5.872658128042174,1.0
"[1.0, 0.8103447406660209, 1.0]","[-1.0, 0.8103447406660209, -1.0]",5.626179152377616,5.626179152377616,1.0
"[1.0, 1.6069210643261869, 1.0]","[-1.0, 1.6069210643261869, -1.0]",4.775098704200539,4.775098704200539,1.0
"[1.0, 3.578986882234295, 1.0]","[-1.0, 3.578986882234295, -1.0]",3.1375361897820935,3.1375361897820935,1.0
"[1.0, 3.659458809957177, 1.0]","[-1.0, 3.659458809957177, -1.0]",3.02543377916243,3.02543377916243,1.0
"[1.0, 0.5202492200901094, 1.0]","[-1.0, 0.5202492200901094, -1.0]",3.091851222975544,3.091851222975544,1.0
"[1.0, -0.517058819194326, 1.0]","[-1.0, -0.517058819194326, -1.0]",2.8088019805664475,2.8088019805664475,1.0
"[1.0, -2.2470315554482285, 1.0]","[-1.0, -2.2470315554482285, -1.0]",2.195971907718905,2.195971907718905,1.0
"[1.0, 0.5071412103806562, 1.0]","[-1.0, 0.5071412103806562, -1.0]",2.9977034234630873,2.9977034234630873,1.0
"[1.0, 0.8102234815963479, 1.0]","[-1.0, 0.8102234815963479, -1.0]",5.625808785727017,5.625808785727017,1.0
"[1.0, 1.604206836717396, 1.0]","[-1.0, 1.604206836717396, -1.0]",4.762725179018184,4.762725179018184,1.0
"[1.0, 0.2531888622546252, 1.0]","[-1.0, 0.2531888622546252, -1.0]",5.872682704687362,5.872682704687362,1.0
"[1.0, -0.8102158620299618, 1.0]","[-1.0, -0.8102158620299618, -1.0]",5.626465382103349,5.626465382103349,1.0
"[1.0, -0.25318752965763003, 1.0]","[-1.0, -0.25318752965763003, -1.0]",5.872971959994937,5.872971959994937,1.0
"[1.0, -0.8100432558885957, 1.0]","[-1.0, -0.8100432558885957, -1.0]",5.627097192888399,5.627097192888399,1.0
"[1.0, -4.5391627161090025, 1.0]","[-1.0, -4.5391627161090025, -1.0]",3.851914699569008,3.851914699569008,1.0
"[1.0, -3.5767313878743274, 1.0]","[-1.0, -3.5767313878743274, -1.0]",3.133472614541741,3.133472614541741,1.0
"[1.0, -3.654552727459402, 1.0]","[-1.0, -3.654552727459402, -1.0]",2.952684522835733,2.952684522835733,1.0
"[1.0, -2.239941746408931, 1.0]","[-1.0, -2.239941746408931, -1.0]",2.185976341897271,2.185976341897271,1.0
"[1.0, -0.5180087443402493, 1.0]","[-1.0, -0.5180087443402493, -1.0]",2.7934317447852854,2.7934317447852854,1.0
"[1.0, 0.5183735231864619, 1.0]","[-1.0, 0.5183735231864619, -1.0]",2.7926880972750805,2.7926880972750805,1.0
"[1.0, 0.5121504159359824, 1.0]","[-1.0, 0.5121504159359824, -1.0]",2.883340326105984,2.883340326105984,1.0
"[1.0, 0.5192854017304059, 1.0]","[-1.0, 0.5192854017304059, -1.0]",2.7930185338360554,2.7930185338360554,1.0
"[1.0, 0.5181510724716175, 1.0]","[-1.0, 0.5181510724716175, -1.0]",2.7932653995629386,2.7932653995629386,1.0
"[1.0, 2.2420567361812704, 1.0]","[-1.0, 2.2420567361812704, -1.0]",2.189950154770109,2.189950154770109,1.0
"[1.0, 3.5755612475764607, 1.0]","[-1.0, 3.5755612475764607, -1.0]",3.130860760883173,3.130860760883173,1.0
"[1.0, 2.2423798443767287, 1.0]","[-1.0, 2.2423798443767287, -1.0]",2.1903065378789996,2.1903065378789996,1.0
"[1.0, 3.576776609188805, 1.0]","[-1.0, 3.576776609188805, -1.0]",3.1250060746504422,3.1250060746504422,1.0
"[1.0, 0.8102710277482026, 1.0]","[-1.0, 0.8102710277482026, -1.0]",5.63831195285744,5.63831195285744,1.0
"[1.0, -1.6061300204148485, 1.0]","[-1.0, -1.6061300204148485, -1.0]",4.905576793777474,4.905576793777474,1.0
"[1.0, 0.5138871859662241, 1.0]","[-1.0, 0.5138871859662241, -1.0]",3.291565829938563,3.291565829938563,1.0
"[1.0, 3.575045898158268, 1.0]","[-1.0, 3.575045898158268, -1.0]",3.1305056330660728,3.1305056330660728,1.0
"[1.0, 3.6560057653578233, 1.0]","[-1.0, 3.6560057653578233, -1.0]",2.9558768642147397,2.9558768642147397,1.0
"[1.0, 5.414854123319626, 1.0]","[-1.0, 5.414854123319626, -1.0]",4.410950562108151,4.410950562108151,1.0
"[1.0, 4.603313855620212, 1.0]","[-1.0, 4.603313855620212, -1.0]",3.7006238881917435,3.7006238881917435,1.0
"[1.0, 4.621791453903866, 1.0]","[-1.0, 4.621791453903866, -1.0]",3.7847324209846795,3.7847324209846795,1.0
"[1.0, 4.538745863676176, 1.0]","[-1.0, 4.538745863676176, -1.0]",3.8513278741568886,3.8513278741568886,1.0
"[1.0, 6.149333843517096, 1.0]","[-1.0, 6.149333843517096, -1.0]",4.821901924617329,4.821901924617329,1.0
"[1.0, 6.149463717241221, 1.0]","[-1.0, 6.149463717241221, -1.0]",4.821947332622955,4.821947332622955,1.0
"[1.0, 6.020315913217793, 1.0]","[-1.0, 6.020315913217793, -1.0]",4.970039410580378,4.970039410580378,1.0
"[1.0, 6.780313869735466, 1.0]","[-1.0, 6.780313869735466, -1.0]",5.297477267544856,5.297477267544856,1.0
"[1.0, 5.332984595035273, 1.0]","[-1.0, 5.332984595035273, -1.0]",4.458048720820605,4.458048720820605,1.0
"[1.0, 5.445299497844572, 1.0]","[-1.0, 5.445299497844572, -1.0]",4.288949576539719,4.288949576539719,1.0
"[1.0, 4.543066387909118, 1.0]","[-1.0, 4.543066387909118, -1.0]",3.856508237486287,3.856508237486287,1.0
"[1.0, 5.444154845500642, 1.0]","[-1.0, 5.444154845500642, -1.0]",4.286063231498947,4.286063231498947,1.0
"[1.0, 5.33525027130087, 1.0]","[-1.0, 5.33525027130087, -1.0]",4.4615750917469,4.4615750917469,1.0
"[1.0, 4.541654204557321, 1.0]","[-1.0, 4.541654204557321, -1.0]",3.855942606721879,3.855942606721879,1.0
"[1.0, 3.5836399958317977, 1.0]","[-1.0, 3.5836399958317977, -1.0]",3.1403191217314372,3.1403191217314372,1.0
"[1.0, 4.5402212975726135, 1.0]","[-1.0, 4.5402212975726135, -1.0]",3.854580938776707,3.854580938776707,1.0
"[1.0, 3.578795167345515, 1.0]","[-1.0, 3.578795167345515, -1.0]",3.1348355717259437,3.1348355717259437,1.0
"[1.0, 3.579021733653491, 1.0]","[-1.0, 3.579021733653491, -1.0]",3.1373005427138665,3.1373005427138665,1.0
"[1.0, 4.634665134768337, 1.0]","[-1.0, 4.634665134768337, -1.0]",3.6778936424159254,3.6778936424159254,1.0
"[1.0, 5.443225952389313, 1.0]","[-1.0, 5.443225952389313, -1.0]",4.2838903350637345,4.2838903350637345,1.0
"[1.0, 6.778594384232483, 1.0]","[-1.0, 6.778594384232483, -1.0]",5.294025696511705,5.294025696511705,1.0
"[1.0, 6.024831178721492, 1.0]","[-1.0, 6.024831178721492, -1.0]",4.934830375607586,4.934830375607586,1.0
"[1.0, 5.441691319894592, 1.0]","[-1.0, 5.441691319894592, -1.0]",4.283748785192104,4.283748785192104,1.0
"[1.0, 5.336507013627996, 1.0]","[-1.0, 5.336507013627996, -1.0]",4.4634145580505304,4.4634145580505304,1.0
"[1.0, 3.582745340336911, 1.0]","[-1.0, 3.582745340336911, -1.0]",3.1404395466657173,3.1404395466657173,1.0
"[1.0, 2.2768231730890847, 1.0]","[-1.0, 2.2768231730890847, -1.0]",1.961064050747362,1.961064050747362,1.0
"[1.0, 2.269940700196527, 1.0]","[-1.0, 2.269940700196527, -1.0]",1.9632158769725994,1.9632158769725994,1.0
"[1.0, 3.6299354737260985, 1.0]","[-1.0, 3.6299354737260985, -1.0]",3.0886990385315554,3.0886990385315554,1.0
"[1.0, 0.5186580663924698, 1.0]","[-1.0, 0.5186580663924698, -1.0]",2.793645879758862,2.793645879758862,1.0
"[1.0, 2.2727046144891174, 1.0]","[-1.0, 2.2727046144891174, -1.0]",1.9604772947785347,1.9604772947785347,1.0
"[1.0, 0.5183830862733928, 1.0]","[-1.0, 0.5183830862733928, -1.0]",2.7925797112412862,2.7925797112412862,1.0
"[1.0, -0.518380214915393, 1.0]","[-1.0, -0.518380214915393, -1.0]",2.7926196915028503,2.7926196915028503,1.0
"[1.0, -0.5183796655256615, 1.0]","[-1.0, -0.5183796655256615, -1.0]",2.792429327893162,2.792429327893162,1.0
"[1.0, -2.2462303913807813, 1.0]","[-1.0, -2.2462303913807813, -1.0]",2.1417792146351355,2.1417792146351355,1.0
"[1.0, -3.6477945252857906, 1.0]","[-1.0, -3.6477945252857906, -1.0]",2.9431768104128917,2.9431768104128917,1.0
"[1.0, -2.2537241939151764, 1.0]","[-1.0, -2.2537241939151764, -1.0]",2.1975302091742623,2.1975302091742623,1.0
"[1.0, -2.2733873074962423, 1.0]","[-1.0, -2.2733873074962423, -1.0]",2.189619158199013,2.189619158199013,1.0
"[1.0, -3.648013526053193, 1.0]","[-1.0, -3.648013526053193, -1.0]",2.9441151992938286,2.9441151992938286,1.0
"[1.0, -3.581791242539422, 1.0]","[-1.0, -3.581791242539422, -1.0]",3.139517765225648,3.139517765225648,1.0
"[1.0, -3.5821578289789295, 1.0]","[-1.0, -3.5821578289789295, -1.0]",3.1401544525453318,3.1401544525453318,1.0
"[1.0, -2.283902269369152, 1.0]","[-1.0, -2.283902269369152, -1.0]",1.9592912739600892,1.9592912739600892,1.0
"[1.0, -0.5183916108901071, 1.0]","[-1.0, -0.5183916108901071, -1.0]",2.7921931362686077,2.7921931362686077,1.0
"[1.0, -0.5205798212716112, 1.0]","[-1.0, -0.5205798212716112, -1.0]",2.8537364439022754,2.8537364439022754,1.0
"[1.0, 0.5150034151209266, 1.0]","[-1.0, 0.5150034151209266, -1.0]",2.8003915201587892,2.8003915201587892,1.0
"[1.0, 0.5270494305996507, 1.0]","[-1.0, 0.5270494305996507, -1.0]",3.022339374099453,3.022339374099453,1.0
"[1.0, -0.5139107947564101, 1.0]","[-1.0, -0.5139107947564101, -1.0]",3.2920641515254148,3.2920641515254148,1.0
"[1.0, -3.5778834249578058, 1.0]","[-1.0, -3.5778834249578058, -1.0]",3.1362993519959708,3.1362993519959708,1.0
"[1.0, -1.6002863217523797, 1.0]","[-1.0, -1.6002863217523797, -1.0]",4.77370536874172,4.77370536874172,1.0
"[1.0, -1.6047202414204778, 1.0]","[-1.0, -1.6047202414204778, -1.0]",4.767327970013541,4.767327970013541,1.0
"[1.0, -4.541136123241629, 1.0]","[-1.0, -4.541136123241629, -1.0]",3.8558563409200843,3.8558563409200843,1.0
"[1.0, -6.1482144881626795, 1.0]","[-1.0, -6.1482144881626795, -1.0]",4.817777875122458,4.817777875122458,1.0
"[1.0, -4.541074402251803, 1.0]","[-1.0, -4.541074402251803, -1.0]",3.856180692411999,3.856180692411999,1.0
"[1.0, -5.444648412216424, 1.0]","[-1.0, -5.444648412216424, -1.0]",4.286090307157717,4.286090307157717,1.0
"[1.0, -6.148199877278616, 1.0]","[-1.0, -6.148199877278616, -1.0]",4.817801264169245,4.817801264169245,1.0
"[1.0, -4.541870565125454, 1.0]","[-1.0, -4.541870565125454, -1.0]",3.8551456625372595,3.8551456625372595,1.0
"[1.0, -4.541812316486165, 1.0]","[-1.0, -4.541812316486165, -1.0]",3.854964294325182,3.854964294325182,1.0
"[1.0, -3.5739131921524376, 1.0]","[-1.0, -3.5739131921524376, -1.0]",3.124085958194108,3.124085958194108,1.0
"[1.0, -0.8092067420596403, 1.0]","[-1.0, -0.8092067420596403, -1.0]",5.629878373985278,5.629878373985278,1.0
"[1.0, -4.54013909988491, 1.0]","[-1.0, -4.54013909988491, -1.0]",3.853388150890852,3.853388150890852,1.0
"[1.0, -6.780536138432042, 1.0]","[-1.0, -6.780536138432042, -1.0]",5.2975282476427275,5.2975282476427275,1.0
"[1.0, -7.357139997268924, 1.0]","[-1.0, -7.357139997268924, -1.0]",5.736169618626533,5.736169618626533,1.0
"[1.0, -6.1484077190889375, 1.0]","[-1.0, -6.1484077190889375, -1.0]",4.819501330165675,4.819501330165675,1.0
"[1.0, -4.548259531167881, 1.0]","[-1.0, -4.548259531167881, -1.0]",3.8616623347789276,3.8616623347789276,1.0
"[1.0, -4.634715862138409, 1.0]","[-1.0, -4.634715862138409, -1.0]",3.6776481028022854,3.6776481028022854,1.0
"[1.0, -6.147594520898567, 1.0]","[-1.0, -6.147594520898567, -1.0]",4.816368597685273,4.816368597685273,1.0
"[1.0, -5.335519006004982, 1.0]","[-1.0, -5.335519006004982, -1.0]",4.461840919471186,4.461840919471186,1.0
"[1.0, -6.778269183673424, 1.0]","[-1.0, -6.778269183673424, -1.0]",5.294605596129175,5.294605596129175,1.0
"[1.0, -6.777810116194194, 1.0]","[-1.0, -6.777810116194194, -1.0]",5.293585947401335,5.293585947401335,1.0
"[1.0, -4.546109561905911, 1.0]","[-1.0, -4.546109561905911, -1.0]",3.859941442870342,3.859941442870342,1.0
"[1.0, -5.44165017595984, 1.0]","[-1.0, -5.44165017595984, -1.0]",4.282858010465578,4.282858010465578,1.0
"[1.0, -6.777141295297812, 1.0]","[-1.0, -6.777141295297812, -1.0]",5.293244932983063,5.293244932983063,1.0
"[1.0, -4.537152686283714, 1.0]","[-1.0, -4.537152686283714, -1.0]",3.844093329440358,3.844093329440358,1.0
"[1.0, -5.336911719883895, 1.0]","[-1.0, -5.336911719883895, -1.0]",4.464546374331709,4.464546374331709,1.0
"[1.0, -5.441912214506225, 1.0]","[-1.0, -5.441912214506225, -1.0]",4.282766406443243,4.282766406443243,1.0
"[1.0, -6.145636522001535, 1.0]","[-1.0, -6.145636522001535, -1.0]",4.813762006855243,4.813762006855243,1.0
"[1.0, -6.777088305210485, 1.0]","[-1.0, -6.777088305210485, -1.0]",5.292500791458115,5.292500791458115,1.0
"[1.0, -5.338070994312301, 1.0]","[-1.0, -5.338070994312301, -1.0]",4.4633845799053375,4.4633845799053375,1.0
"[1.0, -4.6310012351384575, 1.0]","[-1.0, -4.6310012351384575, -1.0]",3.675225453157274,3.675225453157274,1.0
"[1.0, -5.440399941759528, 1.0]","[-1.0, -5.440399941759528, -1.0]",4.282116022538582,4.282116022538582,1.0
"[1.0, -6.1483528842826916, 1.0]","[-1.0, -6.1483528842826916, -1.0]",4.820152967610166,4.820152967610166,1.0
"[1.0, -4.551258456260503, 1.0]","[-1.0, -4.551258456260503, -1.0]",3.854436301443159,3.854436301443159,1.0
"[1.0, -3.598545974236542, 1.0]","[-1.0, -3.598545974236542, -1.0]",3.1416245964071394,3.1416245964071394,1.0
"[1.0, -4.630879641310315, 1.0]","[-1.0, -4.630879641310315, -1.0]",3.673843842244318,3.673843842244318,1.0
"[1.0, -5.44014798240361, 1.0]","[-1.0, -5.44014798240361, -1.0]",4.28144868278816,4.28144868278816,1.0
"[1.0, -5.441106107791688, 1.0]","[-1.0, -5.441106107791688, -1.0]",4.281775633715479,4.281775633715479,1.0
"[1.0, -4.6305188553847705, 1.0]","[-1.0, -4.6305188553847705, -1.0]",3.673157618903606,3.673157618903606,1.0
"[1.0, -5.338679114645742, 1.0]","[-1.0, -5.338679114645742, -1.0]",4.465640139727766,4.465640139727766,1.0
"[1.0, -3.6573489107909993, 1.0]","[-1.0, -3.6573489107909993, -1.0]",3.0575868386349425,3.0575868386349425,1.0
"[1.0, -5.440087015602762, 1.0]","[-1.0, -5.440087015602762, -1.0]",4.281591885904732,4.281591885904732,1.0
"[1.0, -3.645897322998218, 1.0]","[-1.0, -3.645897322998218, -1.0]",2.9444425325111605,2.9444425325111605,1.0
"[1.0, -2.2734894904468117, 1.0]","[-1.0, -2.2734894904468117, -1.0]",1.9610920458597936,1.9610920458597936,1.0
"[1.0, -3.6472169543514923, 1.0]","[-1.0, -3.6472169543514923, -1.0]",2.9452355145941636,2.9452355145941636,1.0
"[1.0, -3.6473649830021175, 1.0]","[-1.0, -3.6473649830021175, -1.0]",2.9440629033231986,2.9440629033231986,1.0
"[1.0, -4.638633819145179, 1.0]","[-1.0, -4.638633819145179, -1.0]",3.695645288564709,3.695645288564709,1.0
"[1.0, -3.656531722688879, 1.0]","[-1.0, -3.656531722688879, -1.0]",3.016775511714651,3.016775511714651,1.0
"[1.0, -3.6473526623868504, 1.0]","[-1.0, -3.6473526623868504, -1.0]",2.9439109483346173,2.9439109483346173,1.0
"[1.0, -5.33693485065123, 1.0]","[-1.0, -5.33693485065123, -1.0]",4.464168046002602,4.464168046002602,1.0
"[1.0, -4.545846076774042, 1.0]","[-1.0, -4.545846076774042, -1.0]",3.8609586778880383,3.8609586778880383,1.0
"[1.0, -3.647955968216932, 1.0]","[-1.0, -3.647955968216932, -1.0]",2.9432537132501855,2.9432537132501855,1.0
"[1.0, -0.5183745427410981, 1.0]","[-1.0, -0.5183745427410981, -1.0]",2.7926736259236447,2.7926736259236447,1.0
"[1.0, -2.2834458241103834, 1.0]","[-1.0, -2.2834458241103834, -1.0]",2.1714050962539018,2.1714050962539018,1.0
"[1.0, -3.648868204863143, 1.0]","[-1.0, -3.648868204863143, -1.0]",2.9452469380188093,2.9452469380188093,1.0
"[1.0, -2.235202799871544, 1.0]","[-1.0, -2.235202799871544, -1.0]",2.165599620527471,2.165599620527471,1.0
"[1.0, -3.582011920574526, 1.0]","[-1.0, -3.582011920574526, -1.0]",3.1390050624803383,3.1390050624803383,1.0
"[1.0, -0.5136585336729311, 1.0]","[-1.0, -0.5136585336729311, -1.0]",2.957600675217361,2.957600675217361,1.0
"[1.0, 2.2382815139854584, 1.0]","[-1.0, 2.2382815139854584, -1.0]",2.1799197589120167,2.1799197589120167,1.0
"[1.0, 4.6336716292668205, 1.0]","[-1.0, 4.6336716292668205, -1.0]",3.67725961233535,3.67725961233535,1.0
"[1.0, 5.335461085412434, 1.0]","[-1.0, 5.335461085412434, -1.0]",4.462092082290091,4.462092082290091,1.0
"[1.0, 4.628621673522935, 1.0]","[-1.0, 4.628621673522935, -1.0]",3.673130103404949,3.673130103404949,1.0
"[1.0, 5.442936003938855, 1.0]","[-1.0, 5.442936003938855, -1.0]",4.284421141346832,4.284421141346832,1.0
"[1.0, 5.442871768547223, 1.0]","[-1.0, 5.442871768547223, -1.0]",4.283869554511996,4.283869554511996,1.0
"[1.0, 5.3355611313591735, 1.0]","[-1.0, 5.3355611313591735, -1.0]",4.4629095368939895,4.4629095368939895,1.0
"[1.0, 4.5442611490567755, 1.0]","[-1.0, 4.5442611490567755, -1.0]",3.8575778347933123,3.8575778347933123,1.0
"[1.0, 6.146793282978874, 1.0]","[-1.0, 6.146793282978874, -1.0]",4.815476313102002,4.815476313102002,1.0
"[1.0, 6.777719824560123, 1.0]","[-1.0, 6.777719824560123, -1.0]",5.294210717662242,5.294210717662242,1.0
"[1.0, 6.14624674522981, 1.0]","[-1.0, 6.14624674522981, -1.0]",4.816540585522297,4.816540585522297,1.0
"[1.0, 6.146852737388777, 1.0]","[-1.0, 6.146852737388777, -1.0]",4.816082765171095,4.816082765171095,1.0
"[1.0, 5.4419090216407895, 1.0]","[-1.0, 5.4419090216407895, -1.0]",4.2829325078282885,4.2829325078282885,1.0
"[1.0, 5.3510364351049295, 1.0]","[-1.0, 5.3510364351049295, -1.0]",4.43617795846358,4.43617795846358,1.0
"[1.0, 5.339211744191461, 1.0]","[-1.0, 5.339211744191461, -1.0]",4.465736500659159,4.465736500659159,1.0
"[1.0, 3.5876332667205473, 1.0]","[-1.0, 3.5876332667205473, -1.0]",3.14286063185405,3.14286063185405,1.0
"[1.0, 5.442538549646506, 1.0]","[-1.0, 5.442538549646506, -1.0]",4.2835635827318574,4.2835635827318574,1.0
"[1.0, 5.442325181035935, 1.0]","[-1.0, 5.442325181035935, -1.0]",4.284375748087947,4.284375748087947,1.0
"[1.0, 6.7783698686795555, 1.0]","[-1.0, 6.7783698686795555, -1.0]",5.294009799540424,5.294009799540424,1.0
"[1.0, 7.355574518379153, 1.0]","[-1.0, 7.355574518379153, -1.0]",5.732517551977847,5.732517551977847,1.0
"[1.0, 7.355744456169664, 1.0]","[-1.0, 7.355744456169664, -1.0]",5.732658408554254,5.732658408554254,1.0
"[1.0, 6.146014938516811, 1.0]","[-1.0, 6.146014938516811, -1.0]",4.81485476392621,4.81485476392621,1.0
"[1.0, 7.354395466379753, 1.0]","[-1.0, 7.354395466379753, -1.0]",5.731422043560443,5.731422043560443,1.0
"[1.0, 5.448341636980489, 1.0]","[-1.0, 5.448341636980489, -1.0]",4.33380835054483,4.33380835054483,1.0
"[1.0, 3.645899444197064, 1.0]","[-1.0, 3.645899444197064, -1.0]",2.9439068525808714,2.9439068525808714,1.0
"[1.0, 2.275402624679074, 1.0]","[-1.0, 2.275402624679074, -1.0]",1.9634901458505072,1.9634901458505072,1.0
"[1.0, 0.5176177951643508, 1.0]","[-1.0, 0.5176177951643508, -1.0]",2.793631467905278,2.793631467905278,1.0
"[1.0, 0.5168895527947794, 1.0]","[-1.0, 0.5168895527947794, -1.0]",3.273347682745944,3.273347682745944,1.0
"[1.0, -1.5999625097869214, 1.0]","[-1.0, -1.5999625097869214, -1.0]",4.787771150950023,4.787771150950023,1.0
"[1.0, 0.5139025566895195, 1.0]","[-1.0, 0.5139025566895195, -1.0]",3.2917211109938598,3.2917211109938598,1.0
"[1.0, 0.5179252891704923, 1.0]","[-1.0, 0.5179252891704923, -1.0]",2.793047615971896,2.793047615971896,1.0
"[1.0, 2.297752526450949, 1.0]","[-1.0, 2.297752526450949, -1.0]",2.0221284857315673,2.0221284857315673,1.0
"[1.0, 2.2925784174954087, 1.0]","[-1.0, 2.2925784174954087, -1.0]",1.9647459168179395,1.9647459168179395,1.0
"[1.0, 4.636138391416924, 1.0]","[-1.0, 4.636138391416924, -1.0]",3.680541597815756,3.680541597815756,1.0
"[1.0, 6.148546091500719, 1.0]","[-1.0, 6.148546091500719, -1.0]",4.818032807191358,4.818032807191358,1.0
"[1.0, 5.444832151202729, 1.0]","[-1.0, 5.444832151202729, -1.0]",4.287279618213647,4.287279618213647,1.0
"[1.0, 4.540707461283241, 1.0]","[-1.0, 4.540707461283241, -1.0]",3.8551696698028284,3.8551696698028284,1.0
"[1.0, 4.635387755478665, 1.0]","[-1.0, 4.635387755478665, -1.0]",3.6796510900071175,3.6796510900071175,1.0
"[1.0, 3.6585595073603696, 1.0]","[-1.0, 3.6585595073603696, -1.0]",3.033405561785033,3.033405561785033,1.0
"[1.0, 4.635405083414489, 1.0]","[-1.0, 4.635405083414489, -1.0]",3.679361658036924,3.679361658036924,1.0
"[1.0, 4.634783658992128, 1.0]","[-1.0, 4.634783658992128, -1.0]",3.6779521058736604,3.6779521058736604,1.0
"[1.0, 6.147608681264736, 1.0]","[-1.0, 6.147608681264736, -1.0]",4.817581342938632,4.817581342938632,1.0
"[1.0, 6.779495108335967, 1.0]","[-1.0, 6.779495108335967, -1.0]",5.29569031560907,5.29569031560907,1.0
"[1.0, 6.779027805726353, 1.0]","[-1.0, 6.779027805726353, -1.0]",5.295641862049183,5.295641862049183,1.0
"[1.0, 6.7784524265689, 1.0]","[-1.0, 6.7784524265689, -1.0]",5.296362016618864,5.296362016618864,1.0
"[1.0, 7.35571260048182, 1.0]","[-1.0, 7.35571260048182, -1.0]",5.732950091743039,5.732950091743039,1.0
"[1.0, 7.355455051383374, 1.0]","[-1.0, 7.355455051383374, -1.0]",5.73350955119197,5.73350955119197,1.0
"[1.0, 6.150033313565946, 1.0]","[-1.0, 6.150033313565946, -1.0]",4.84148109105244,4.84148109105244,1.0
"[1.0, 4.540960039089464, 1.0]","[-1.0, 4.540960039089464, -1.0]",3.854050831253306,3.854050831253306,1.0
"[1.0, 4.545572200068123, 1.0]","[-1.0, 4.545572200068123, -1.0]",3.8603937824071677,3.8603937824071677,1.0
"[1.0, 6.14646481066284, 1.0]","[-1.0, 6.14646481066284, -1.0]",4.814628459457781,4.814628459457781,1.0
"[1.0, 6.021434154153272, 1.0]","[-1.0, 6.021434154153272, -1.0]",4.977269878136655,4.977269878136655,1.0
"[1.0, 6.146097089985471, 1.0]","[-1.0, 6.146097089985471, -1.0]",4.8147811709199395,4.8147811709199395,1.0
"[1.0, 5.334704486965818, 1.0]","[-1.0, 5.334704486965818, -1.0]",4.4604230106212075,4.4604230106212075,1.0
"[1.0, 4.544791836737638, 1.0]","[-1.0, 4.544791836737638, -1.0]",3.8595736472119473,3.8595736472119473,1.0
"[1.0, 4.5430973817065246, 1.0]","[-1.0, 4.5430973817065246, -1.0]",3.85771615846096,3.85771615846096,1.0
"[1.0, 3.648097588994823, 1.0]","[-1.0, 3.648097588994823, -1.0]",2.9437638734350253,2.9437638734350253,1.0
"[1.0, 2.261274654594729, 1.0]","[-1.0, 2.261274654594729, -1.0]",1.9679157674275893,1.9679157674275893,1.0
"[1.0, 2.276092193374779, 1.0]","[-1.0, 2.276092193374779, -1.0]",1.9607326091480375,1.9607326091480375,1.0
"[1.0, 2.278044709704124, 1.0]","[-1.0, 2.278044709704124, -1.0]",1.9605017404340401,1.9605017404340401,1.0
"[1.0, 2.281767052829487, 1.0]","[-1.0, 2.281767052829487, -1.0]",1.9587591343497444,1.9587591343497444,1.0
"[1.0, 2.2803366978317055, 1.0]","[-1.0, 2.2803366978317055, -1.0]",1.9587328664619879,1.9587328664619879,1.0
"[1.0, 3.646898891036728, 1.0]","[-1.0, 3.646898891036728, -1.0]",2.944300879119624,2.944300879119624,1.0
"[1.0, 3.6483616679620536, 1.0]","[-1.0, 3.6483616679620536, -1.0]",2.943763022982459,2.943763022982459,1.0
"[1.0, 0.8102760624524709, 1.0]","[-1.0, 0.8102760624524709, -1.0]",5.6264095943264065,5.6264095943264065,1.0
"[1.0, -0.25318958816111126, 1.0]","[-1.0, -0.25318958816111126, -1.0]",5.872756609709601,5.872756609709601,1.0
"[1.0, 1.6057675767527126, 1.0]","[-1.0, 1.6057675767527126, -1.0]",4.783298804676159,4.783298804676159,1.0
"[1.0, 5.332700250321564, 1.0]","[-1.0, 5.332700250321564, -1.0]",4.457745057606095,4.457745057606095,1.0
"[1.0, 4.636663541656965, 1.0]","[-1.0, 4.636663541656965, -1.0]",3.6819703525212906,3.6819703525212906,1.0
"[1.0, 3.577680265694806, 1.0]","[-1.0, 3.577680265694806, -1.0]",3.13313952756589,3.13313952756589,1.0
"[1.0, 4.636300356940353, 1.0]","[-1.0, 4.636300356940353, -1.0]",3.681856251572288,3.681856251572288,1.0
"[1.0, 1.5978775899966824, 1.0]","[-1.0, 1.5978775899966824, -1.0]",4.792438853567317,4.792438853567317,1.0
"[1.0, 4.5410627543226285, 1.0]","[-1.0, 4.5410627543226285, -1.0]",3.8548742475237865,3.8548742475237865,1.0
"[1.0, 6.148271932761699, 1.0]","[-1.0, 6.148271932761699, -1.0]",4.818471205837003,4.818471205837003,1.0
"[1.0, 5.333593981831684, 1.0]","[-1.0, 5.333593981831684, -1.0]",4.459880365985315,4.459880365985315,1.0
"[1.0, 3.652342473732599, 1.0]","[-1.0, 3.652342473732599, -1.0]",2.9505832599599193,2.9505832599599193,1.0
"[1.0, 2.2482436995619266, 1.0]","[-1.0, 2.2482436995619266, -1.0]",1.9860773471150255,1.9860773471150255,1.0
"[1.0, 0.518575247771393, 1.0]","[-1.0, 0.518575247771393, -1.0]",2.7933656980355317,2.7933656980355317,1.0
"[1.0, 2.249829701505294, 1.0]","[-1.0, 2.249829701505294, -1.0]",2.194247377051292,2.194247377051292,1.0
"[1.0, -0.5183503800091351, 1.0]","[-1.0, -0.5183503800091351, -1.0]",2.792689062213051,2.792689062213051,1.0
"[1.0, -0.5184575743709162, 1.0]","[-1.0, -0.5184575743709162, -1.0]",2.7929909363726213,2.7929909363726213,1.0
"[1.0, -0.5185907194560878, 1.0]","[-1.0, -0.5185907194560878, -1.0]",2.7924772315518323,2.7924772315518323,1.0
"[1.0, -1.5955222215865867, 1.0]","[-1.0, -1.5955222215865867, -1.0]",4.803533878226666,4.803533878226666,1.0
"[1.0, 0.5173746641159543, 1.0]","[-1.0, 0.5173746641159543, -1.0]",3.1823887759421217,3.1823887759421217,1.0
"[1.0, -2.245502948599193, 1.0]","[-1.0, -2.245502948599193, -1.0]",2.194127322095324,2.194127322095324,1.0
"[1.0, -0.5183950339620885, 1.0]","[-1.0, -0.5183950339620885, -1.0]",2.7924978372746665,2.7924978372746665,1.0
"[1.0, -0.5155235558983245, 1.0]","[-1.0, -0.5155235558983245, -1.0]",3.2503317125864757,3.2503317125864757,1.0
"[1.0, -0.5183874941815044, 1.0]","[-1.0, -0.5183874941815044, -1.0]",2.7926062724374416,2.7926062724374416,1.0
"[1.0, 0.5193508530669472, 1.0]","[-1.0, 0.5193508530669472, -1.0]",2.842546396050901,2.842546396050901,1.0
"[1.0, -2.239671412711027, 1.0]","[-1.0, -2.239671412711027, -1.0]",2.1727900611327797,2.1727900611327797,1.0
"[1.0, -0.5183914384365936, 1.0]","[-1.0, -0.5183914384365936, -1.0]",2.792953164079988,2.792953164079988,1.0
"[1.0, -2.2440641905678427, 1.0]","[-1.0, -2.2440641905678427, -1.0]",2.1932741944140735,2.1932741944140735,1.0
"[1.0, -2.252050186380379, 1.0]","[-1.0, -2.252050186380379, -1.0]",2.198154104758744,2.198154104758744,1.0
"[1.0, -3.5734500278361554, 1.0]","[-1.0, -3.5734500278361554, -1.0]",3.124999011699612,3.124999011699612,1.0
"[1.0, -4.63706979536789, 1.0]","[-1.0, -4.63706979536789, -1.0]",3.6818655843852657,3.6818655843852657,1.0
"[1.0, -4.63670465766075, 1.0]","[-1.0, -4.63670465766075, -1.0]",3.6825971211482855,3.6825971211482855,1.0
"[1.0, -2.2898383106902296, 1.0]","[-1.0, -2.2898383106902296, -1.0]",1.9634915543288594,1.9634915543288594,1.0
"[1.0, -2.291910331704505, 1.0]","[-1.0, -2.291910331704505, -1.0]",1.9642665610368422,1.9642665610368422,1.0
"[1.0, -2.2844296410938156, 1.0]","[-1.0, -2.2844296410938156, -1.0]",1.9594056603394496,1.9594056603394496,1.0
"[1.0, 0.5184040696928036, 1.0]","[-1.0, 0.5184040696928036, -1.0]",2.7926814768716177,2.7926814768716177,1.0
"[1.0, 2.288945620363805, 1.0]","[-1.0, 2.288945620363805, -1.0]",1.9610208359578,1.9610208359578,1.0
"[1.0, -0.5183894636734906, 1.0]","[-1.0, -0.5183894636734906, -1.0]",2.7923560755524406,2.7923560755524406,1.0
"[1.0, -2.235519703499304, 1.0]","[-1.0, -2.235519703499304, -1.0]",2.038412652071495,2.038412652071495,1.0
"[1.0, 0.5183990427110968, 1.0]","[-1.0, 0.5183990427110968, -1.0]",2.792321863896572,2.792321863896572,1.0
"[1.0, 0.518398353847064, 1.0]","[-1.0, 0.518398353847064, -1.0]",2.792718684103358,2.792718684103358,1.0
"[1.0, 0.5184096973656617, 1.0]","[-1.0, 0.5184096973656617, -1.0]",2.7924711994868567,2.7924711994868567,1.0
"[1.0, 2.2467618964214853, 1.0]","[-1.0, 2.2467618964214853, -1.0]",2.1964791206979037,2.1964791206979037,1.0
"[1.0, 3.619712409795669, 1.0]","[-1.0, 3.619712409795669, -1.0]",2.9928656967671423,2.9928656967671423,1.0
"[1.0, 2.2824762649361134, 1.0]","[-1.0, 2.2824762649361134, -1.0]",2.1678374940022644,2.1678374940022644,1.0
"[1.0, -0.518393111629763, 1.0]","[-1.0, -0.518393111629763, -1.0]",2.7921746639246185,2.7921746639246185,1.0
"[1.0, -0.5107875111323198, 1.0]","[-1.0, -0.5107875111323198, -1.0]",3.0622273863691647,3.0622273863691647,1.0
"[1.0, 2.255816573254387, 1.0]","[-1.0, 2.255816573254387, -1.0]",2.199213799792627,2.199213799792627,1.0
"[1.0, -0.5183981902511346, 1.0]","[-1.0, -0.5183981902511346, -1.0]",2.7924905117248313,2.7924905117248313,1.0
"[1.0, 0.513914515256714, 1.0]","[-1.0, 0.513914515256714, -1.0]",3.2925110066794407,3.2925110066794407,1.0
"[1.0, 0.5184176745897413, 1.0]","[-1.0, 0.5184176745897413, -1.0]",2.792259831099472,2.792259831099472,1.0
"[1.0, 3.5777695733659627, 1.0]","[-1.0, 3.5777695733659627, -1.0]",3.1354144371895853,3.1354144371895853,1.0
"[1.0, 3.5717473400023554, 1.0]","[-1.0, 3.5717473400023554, -1.0]",3.0955892223912325,3.0955892223912325,1.0
"[1.0, 0.5181937640680792, 1.0]","[-1.0, 0.5181937640680792, -1.0]",3.1659785575882595,3.1659785575882595,1.0
"[1.0, -0.5139094949051732, 1.0]","[-1.0, -0.5139094949051732, -1.0]",3.2925776477808335,3.2925776477808335,1.0
"[1.0, 2.2456325498421132, 1.0]","[-1.0, 2.2456325498421132, -1.0]",2.1946517020690286,2.1946517020690286,1.0
"[1.0, 3.6535741251563505, 1.0]","[-1.0, 3.6535741251563505, -1.0]",2.9498209321097493,2.9498209321097493,1.0
"[1.0, 4.636163314915122, 1.0]","[-1.0, 4.636163314915122, -1.0]",3.6799531124525564,3.6799531124525564,1.0
"[1.0, 6.148830288023326, 1.0]","[-1.0, 6.148830288023326, -1.0]",4.818659486896641,4.818659486896641,1.0
"[1.0, 6.779740515069168, 1.0]","[-1.0, 6.779740515069168, -1.0]",5.297160694300704,5.297160694300704,1.0
"[1.0, 7.356893204648041, 1.0]","[-1.0, 7.356893204648041, -1.0]",5.734708292624083,5.734708292624083,1.0
"[1.0, 7.356364720083349, 1.0]","[-1.0, 7.356364720083349, -1.0]",5.735485479351875,5.735485479351875,1.0
